{"_id":"55e8b8c6972a52e156c7b2ba", "index":1441, "guid":"f2860788-d3c9-4a34-8826-ac62dfcf6740", "isActive":false, "balance":"$5,008.42", "picture":"http://placehold.it/32x32", "age":23, "eyeColor":"brown", "name":"Kelly Shepard", "gender":"female", "company":"NEWCUBE", "email":"kellyshepard@newcube.com", "phone":"+1 (828) 568-2022", "address":"834 Denton Place, Saddlebrooke, New Hampshire, 9092", "about":"Nisi deserunt consectetur voluptate duis ipsum consequat. Mollit eiusmod eiusmod elit amet veniam sint in. Consequat consequat do nostrud et deserunt voluptate officia et. Nisi mollit exercitation pariatur sit mollit. Eu exercitation labore sint ad eu sint sunt nulla nostrud enim laboris deserunt irure fugiat. Et nisi nostrud esse minim anim excepteur ut sunt commodo veniam velit. Elit est ea mollit culpa sint sit.\r\n", "registered":"2015-06-26T09:44:49 -07:00", "latitude":58.479941, "longitude":85.589941, "tags":["qui", "voluptate", "ea", "magna", "veniam", "nostrud", "incididunt"], "friends":[{"id":0, "name":"Dunlap Summers"}, {"id":1, "name":"Alissa Cobb"}, {"id":2, "name":"Tracey Barnett"}], "greeting":"Hello, Kelly Shepard! You have 10 unread messages.", "favoriteFruit":"apple"}