{"_id":"55e8b8c643e92fb00bc89b6d", "index":1240, "guid":"d9943c85-824c-49fd-886e-010422b642cf", "isActive":false, "balance":"$1,069.01", "picture":"http://placehold.it/32x32", "age":25, "eyeColor":"green", "name":"Wendi Stevens", "gender":"female", "company":"RODEMCO", "email":"wendistevens@rodemco.com", "phone":"+1 (929) 523-2875", "address":"321 Morton Street, Corriganville, Northern Mariana Islands, 4192", "about":"Et elit cillum minim sit ipsum ut labore esse veniam velit. Ea occaecat ipsum dolor laborum proident nisi cupidatat occaecat tempor. Ea velit irure voluptate ipsum est officia ut amet aliqua tempor enim.\r\n", "registered":"2014-08-03T04:40:55 -07:00", "latitude":7.471849, "longitude":-31.654701, "tags":["minim", "labore", "enim", "ullamco", "magna", "ullamco", "sunt"], "friends":[{"id":0, "name":"Tracie Langley"}, {"id":1, "name":"Nola Tate"}, {"id":2, "name":"Frederick Mathews"}], "greeting":"Hello, Wendi Stevens! You have 3 unread messages.", "favoriteFruit":"strawberry"}