{"_id":"55e8b8c64f7ed757a60473b7", "index":121, "guid":"e47848bb-64d7-4bcb-9ef0-4da7ed7690af", "isActive":false, "balance":"$7,022.23", "picture":"http://placehold.it/32x32", "age":37, "eyeColor":"green", "name":"Juliet Hood", "gender":"female", "company":"FANGOLD", "email":"juliethood@fangold.com", "phone":"+1 (997) 516-2064", "address":"374 Herkimer Place, Barronett, Rhode Island, 1360", "about":"Sit commodo sint veniam enim labore do laboris sint deserunt pariatur irure minim. Non do Lorem cupidatat cupidatat cupidatat sint officia aute aute occaecat excepteur. Ex culpa magna proident esse commodo elit quis occaecat amet elit minim in reprehenderit.\r\n", "registered":"2015-01-09T03:52:44 -07:00", "latitude":-9.418831, "longitude":7.274932, "tags":["est", "ullamco", "occaecat", "officia", "nulla", "pariatur", "deserunt"], "friends":[{"id":0, "name":"Sheri Shaw"}, {"id":1, "name":"Bryant Rice"}, {"id":2, "name":"Helene Huber"}], "greeting":"Hello, Juliet Hood! You have 2 unread messages.", "favoriteFruit":"apple"}