{"_id":"55e8b8c6adbe98067658c02e", "index":1143, "guid":"2d8c8eab-5c71-4e93-9e8b-00ebf381317c", "isActive":true, "balance":"$5,805.35", "picture":"http://placehold.it/32x32", "age":39, "eyeColor":"blue", "name":"Garrett Cherry", "gender":"male", "company":"ZYTREX", "email":"garrettcherry@zytrex.com", "phone":"+1 (925) 491-3564", "address":"136 Cornelia Street, Crayne, Washington, 5566", "about":"Proident nostrud quis dolor ex cupidatat ullamco. Ut exercitation sit ut exercitation. Enim cupidatat minim Lorem anim deserunt minim esse. Ad consectetur culpa magna tempor nostrud ad. Qui commodo velit dolor sit mollit nulla sunt mollit Lorem Lorem. Magna reprehenderit veniam exercitation do enim exercitation tempor adipisicing proident elit. Enim proident reprehenderit tempor eiusmod est ut deserunt ea.\r\n", "registered":"2015-01-04T09:39:14 -07:00", "latitude":87.867395, "longitude":-35.743075, "tags":["anim", "exercitation", "non", "sit", "ut", "esse", "irure"], "friends":[{"id":0, "name":"Ford Garza"}, {"id":1, "name":"Ana Booth"}, {"id":2, "name":"Lizzie Boyle"}], "greeting":"Hello, Garrett Cherry! You have 2 unread messages.", "favoriteFruit":"strawberry"}