{"_id":"55e8b8c6bbc57462e581d306", "index":1219, "guid":"37e27949-b180-4a5a-9673-afc85e9f1a18", "isActive":true, "balance":"$2,285.59", "picture":"http://placehold.it/32x32", "age":40, "eyeColor":"green", "name":"Sherry Hart", "gender":"female", "company":"KOG", "email":"sherryhart@kog.com", "phone":"+1 (902) 562-2887", "address":"477 Court Square, Brandermill, Nevada, 694", "about":"Incididunt eiusmod incididunt fugiat laborum Lorem irure est labore. Sint occaecat aute aliquip duis eiusmod consequat exercitation mollit mollit cupidatat adipisicing tempor amet laboris. Proident elit consectetur nostrud deserunt ex enim nulla reprehenderit ut deserunt.\r\n", "registered":"2014-11-09T12:06:00 -07:00", "latitude":75.890803, "longitude":34.137711, "tags":["quis", "nulla", "dolor", "irure", "deserunt", "cupidatat", "amet"], "friends":[{"id":0, "name":"Daniels Foreman"}, {"id":1, "name":"Bartlett Pollard"}, {"id":2, "name":"Louella Bright"}], "greeting":"Hello, Sherry Hart! You have 7 unread messages.", "favoriteFruit":"banana"}