{"_id":"55e8b8c688d5811c1f754463", "index":1270, "guid":"3d0523b7-7bc3-4775-91c6-4caf301c3ae3", "isActive":false, "balance":"$1,796.48", "picture":"http://placehold.it/32x32", "age":20, "eyeColor":"green", "name":"Nielsen Schwartz", "gender":"male", "company":"ENERFORCE", "email":"nielsenschwartz@enerforce.com", "phone":"+1 (806) 568-2496", "address":"902 Pitkin Avenue, Remington, West Virginia, 818", "about":"Magna minim ex nostrud anim ea ex anim tempor Lorem ut. Ipsum sint amet occaecat pariatur sint ut cupidatat enim dolor. Minim do ex amet non veniam commodo. Tempor sunt aliqua velit pariatur ea ut anim excepteur amet pariatur culpa. Cillum fugiat minim sunt proident.\r\n", "registered":"2014-10-10T05:55:07 -07:00", "latitude":-30.917603, "longitude":-127.216649, "tags":["eu", "esse", "ad", "sit", "sunt", "nisi", "reprehenderit"], "friends":[{"id":0, "name":"Blake Ball"}, {"id":1, "name":"Sherrie Hubbard"}, {"id":2, "name":"Weber Levy"}], "greeting":"Hello, Nielsen Schwartz! You have 5 unread messages.", "favoriteFruit":"strawberry"}