{"_id":"55e8b8c64df13810bf60261e", "index":123, "guid":"6ae4e514-6f35-4ac1-9ac2-62890a448088", "isActive":false, "balance":"$6,372.68", "picture":"http://placehold.it/32x32", "age":20, "eyeColor":"green", "name":"Mercado Burch", "gender":"male", "company":"ENORMO", "email":"mercadoburch@enormo.com", "phone":"+1 (808) 539-2691", "address":"362 Channel Avenue, Whitewater, Illinois, 3452", "about":"Non tempor ut ipsum mollit aliqua excepteur. Est non Lorem consequat laborum irure esse ut deserunt cupidatat. Pariatur velit minim voluptate enim amet aliqua aliqua nisi. Commodo ullamco velit qui consequat esse quis aliquip nisi occaecat sint cupidatat incididunt. Exercitation exercitation aute mollit deserunt est laborum culpa. Nisi nostrud tempor est commodo veniam duis non ea.\r\n", "registered":"2015-07-05T09:51:57 -07:00", "latitude":-88.690582, "longitude":-106.851698, "tags":["excepteur", "dolore", "dolore", "eiusmod", "laborum", "nisi", "mollit"], "friends":[{"id":0, "name":"Cox Mccoy"}, {"id":1, "name":"Mitchell Davenport"}, {"id":2, "name":"Horton Mitchell"}], "greeting":"Hello, Mercado Burch! You have 7 unread messages.", "favoriteFruit":"strawberry"}