{"_id":"55e8b8c6b609b3fd99580c43", "index":1346, "guid":"2000f7ba-c768-42ac-96b8-d1091edcc11f", "isActive":false, "balance":"$6,930.10", "picture":"http://placehold.it/32x32", "age":40, "eyeColor":"blue", "name":"Maldonado Dickerson", "gender":"male", "company":"ZENCO", "email":"maldonadodickerson@zenco.com", "phone":"+1 (900) 563-2160", "address":"219 Empire Boulevard, Wells, Marshall Islands, 5571", "about":"Nostrud cillum excepteur cillum do qui exercitation est. Dolore in eiusmod sit ex ut. Id excepteur veniam labore ipsum commodo. Culpa voluptate ullamco consectetur aliqua eiusmod mollit ad Lorem mollit culpa exercitation dolore esse.\r\n", "registered":"2014-02-17T12:37:48 -07:00", "latitude":-73.504901, "longitude":-146.597554, "tags":["nulla", "amet", "pariatur", "dolor", "nostrud", "tempor", "cupidatat"], "friends":[{"id":0, "name":"Bradford Harding"}, {"id":1, "name":"Amanda Luna"}, {"id":2, "name":"Ava Barber"}], "greeting":"Hello, Maldonado Dickerson! You have 1 unread messages.", "favoriteFruit":"strawberry"}