{"_id":"55e8b8c6a906428306a2ea86", "index":1263, "guid":"4c0fb97d-8e61-4f2a-8433-97e916fac08f", "isActive":false, "balance":"$8,341.26", "picture":"http://placehold.it/32x32", "age":25, "eyeColor":"blue", "name":"Barry Pearson", "gender":"male", "company":"TWIIST", "email":"barrypearson@twiist.com", "phone":"+1 (917) 479-2106", "address":"875 Ebony Court, Emory, Montana, 7371", "about":"Magna Lorem esse non ex anim do fugiat officia nisi adipisicing eu reprehenderit quis tempor. Elit minim excepteur ex fugiat veniam mollit excepteur commodo ea. Esse est cillum consectetur nulla cupidatat reprehenderit culpa eu. Id reprehenderit Lorem consequat do irure laboris aute aliquip qui ut dolore nulla.\r\n", "registered":"2014-07-02T08:30:55 -07:00", "latitude":-18.203206, "longitude":40.928678, "tags":["nostrud", "anim", "aliquip", "proident", "id", "magna", "elit"], "friends":[{"id":0, "name":"Arlene Riley"}, {"id":1, "name":"Dianna Holder"}, {"id":2, "name":"Misty Herrera"}], "greeting":"Hello, Barry Pearson! You have 4 unread messages.", "favoriteFruit":"strawberry"}