{"_id":"55e8b8c66c41dc6603385008", "index":1225, "guid":"d23d313d-3f9c-4c50-8f82-510c7a687dc9", "isActive":false, "balance":"$7,168.34", "picture":"http://placehold.it/32x32", "age":28, "eyeColor":"blue", "name":"Hampton Petersen", "gender":"male", "company":"LIMAGE", "email":"hamptonpetersen@limage.com", "phone":"+1 (950) 556-3352", "address":"190 Pineapple Street, Choctaw, Illinois, 9993", "about":"Sint exercitation magna minim quis minim eiusmod aute cillum duis nisi fugiat ad duis. Sunt ullamco officia sunt labore voluptate ut duis tempor amet mollit ullamco do. Minim quis do reprehenderit velit nulla adipisicing enim aute. Deserunt eu elit aute elit occaecat laboris in Lorem mollit eu adipisicing nulla dolor. Duis cupidatat magna occaecat duis do tempor velit nulla elit. Adipisicing labore exercitation pariatur qui dolor occaecat. In eu eu incididunt fugiat fugiat ipsum anim pariatur in consequat sint tempor.\r\n", "registered":"2015-06-14T01:54:56 -07:00", "latitude":-66.801152, "longitude":132.345958, "tags":["commodo", "reprehenderit", "magna", "laborum", "dolor", "Lorem", "minim"], "friends":[{"id":0, "name":"Greta Adams"}, {"id":1, "name":"Jaime Mcneil"}, {"id":2, "name":"Cynthia Stokes"}], "greeting":"Hello, Hampton Petersen! You have 4 unread messages.", "favoriteFruit":"strawberry"}