{"_id":"55e8b8c68bd2b93710c422b8", "index":1289, "guid":"da2921e4-a9a6-4ab2-8f87-1547d9b1c9ee", "isActive":true, "balance":"$3,869.92", "picture":"http://placehold.it/32x32", "age":27, "eyeColor":"brown", "name":"Young English", "gender":"female", "company":"XURBAN", "email":"youngenglish@xurban.com", "phone":"+1 (806) 443-3540", "address":"785 Brooklyn Road, Esmont, Pennsylvania, 9963", "about":"Non mollit Lorem nulla occaecat Lorem elit voluptate irure enim non veniam dolor irure. Aute sit proident nulla incididunt. Lorem nostrud non culpa voluptate eu consectetur amet elit eu dolor Lorem elit. Non non nulla minim minim anim minim aliqua reprehenderit labore id labore excepteur aliquip consectetur. Consectetur excepteur aute enim et. Sunt nostrud commodo veniam magna quis deserunt reprehenderit labore. Officia occaecat eu deserunt consequat elit minim.\r\n", "registered":"2014-04-03T01:55:20 -07:00", "latitude":-17.921832, "longitude":48.473429, "tags":["nulla", "consequat", "deserunt", "commodo", "nisi", "dolor", "dolor"], "friends":[{"id":0, "name":"Joyner Sims"}, {"id":1, "name":"Meyer Green"}, {"id":2, "name":"Martina Harrington"}], "greeting":"Hello, Young English! You have 3 unread messages.", "favoriteFruit":"banana"}