{"_id":"55e8b8c6999adb68a696bb2f", "index":1311, "guid":"99c0315e-188e-4595-8d6a-2b117c165707", "isActive":false, "balance":"$1,011.71", "picture":"http://placehold.it/32x32", "age":21, "eyeColor":"green", "name":"Kathryn Wynn", "gender":"female", "company":"EVENTIX", "email":"kathrynwynn@eventix.com", "phone":"+1 (881) 573-3089", "address":"146 Jewel Street, Joes, New York, 3023", "about":"Reprehenderit officia pariatur ea exercitation qui ad. Exercitation reprehenderit adipisicing sint consectetur in elit Lorem et labore. Sint aliquip elit excepteur officia laborum laborum sunt culpa esse velit amet duis. Eiusmod tempor eiusmod qui eu velit labore Lorem aute do nostrud laboris laboris occaecat nulla.\r\n", "registered":"2015-02-28T05:54:50 -07:00", "latitude":26.514863, "longitude":138.659907, "tags":["minim", "est", "dolor", "reprehenderit", "sit", "sunt", "velit"], "friends":[{"id":0, "name":"Gardner Farrell"}, {"id":1, "name":"Crawford Wheeler"}, {"id":2, "name":"Jolene Bray"}], "greeting":"Hello, Kathryn Wynn! You have 10 unread messages.", "favoriteFruit":"strawberry"}