{"_id":"55e8b8c6d02f4575de81f699", "index":1445, "guid":"4098f051-c747-4c7e-aa60-39ea1efd4f19", "isActive":false, "balance":"$2,943.64", "picture":"http://placehold.it/32x32", "age":27, "eyeColor":"blue", "name":"Tabitha Solomon", "gender":"female", "company":"ZIDOX", "email":"tabithasolomon@zidox.com", "phone":"+1 (970) 423-2732", "address":"496 Graham Avenue, Caroleen, Maine, 3299", "about":"Deserunt velit nisi elit ut reprehenderit consectetur Lorem voluptate officia mollit consectetur ex enim consectetur. In qui ut proident et id exercitation dolor labore. Tempor velit ullamco et dolor aliquip labore commodo laborum deserunt aliquip ex. Nulla excepteur et ex adipisicing sit sit mollit. Velit ullamco ut proident amet proident eiusmod amet sunt labore eu cupidatat cillum aliqua velit. Anim ullamco ipsum ipsum velit ipsum aute exercitation anim ad consectetur ullamco ut qui aliquip.\r\n", "registered":"2014-01-23T01:06:19 -07:00", "latitude":-69.328239, "longitude":11.770175, "tags":["elit", "proident", "cupidatat", "consectetur", "reprehenderit", "Lorem", "anim"], "friends":[{"id":0, "name":"Holly Love"}, {"id":1, "name":"Marisa Savage"}, {"id":2, "name":"Cecilia Johnston"}], "greeting":"Hello, Tabitha Solomon! You have 6 unread messages.", "favoriteFruit":"banana"}