{"_id":"55e8b8c61e425585fc02d84a", "index":128, "guid":"463b0a9c-4128-48ad-8241-e401284c5f36", "isActive":true, "balance":"$9,127.60", "picture":"http://placehold.it/32x32", "age":21, "eyeColor":"blue", "name":"Richards Hardy", "gender":"male", "company":"CALCULA", "email":"richardshardy@calcula.com", "phone":"+1 (934) 524-3936", "address":"955 Clara Street, Allendale, Marshall Islands, 5718", "about":"Sunt ut excepteur eiusmod cillum do ipsum. Occaecat consectetur excepteur occaecat minim ad dolor non quis eiusmod voluptate. Labore anim in exercitation officia anim cupidatat mollit.\r\n", "registered":"2014-03-02T09:11:14 -07:00", "latitude":-39.006399, "longitude":118.878694, "tags":["sint", "dolore", "reprehenderit", "amet", "est", "tempor", "minim"], "friends":[{"id":0, "name":"Marta Mclean"}, {"id":1, "name":"Melisa Knox"}, {"id":2, "name":"Patel Pruitt"}], "greeting":"Hello, Richards Hardy! You have 6 unread messages.", "favoriteFruit":"strawberry"}