{"_id":"55e8b8c643f938f034b3a593", "index":1099, "guid":"aa4e72f9-625e-4741-9831-81f494001e82", "isActive":true, "balance":"$2,662.29", "picture":"http://placehold.it/32x32", "age":23, "eyeColor":"blue", "name":"Bishop Stevenson", "gender":"male", "company":"PRIMORDIA", "email":"bishopstevenson@primordia.com", "phone":"+1 (890) 471-3726", "address":"329 Fane Court, Chloride, New Mexico, 4523", "about":"Fugiat aliquip eiusmod mollit tempor fugiat sit nulla. Qui laborum aute aliqua minim. Aliqua ut irure fugiat non incididunt Lorem velit sint culpa minim.\r\n", "registered":"2014-06-28T11:09:56 -07:00", "latitude":27.598561, "longitude":-19.516347, "tags":["nisi", "irure", "duis", "consequat", "incididunt", "aute", "proident"], "friends":[{"id":0, "name":"Deborah Park"}, {"id":1, "name":"Nanette Reese"}, {"id":2, "name":"Schroeder Brown"}], "greeting":"Hello, Bishop Stevenson! You have 9 unread messages.", "favoriteFruit":"banana"}