{"_id":"55e8b8c6d0c6331999c53957", "index":1320, "guid":"03b7c5c9-2751-422c-b15f-8e8aadfa9eac", "isActive":true, "balance":"$4,434.36", "picture":"http://placehold.it/32x32", "age":27, "eyeColor":"green", "name":"Golden Keller", "gender":"male", "company":"MAINELAND", "email":"goldenkeller@maineland.com", "phone":"+1 (851) 463-3838", "address":"141 Everit Street, Lavalette, Alaska, 646", "about":"Ea enim quis ea enim eiusmod consectetur velit ad cupidatat culpa consectetur deserunt voluptate voluptate. Cillum sint ea minim proident. Adipisicing dolor pariatur consectetur incididunt laborum id elit. Sunt ipsum sint dolore irure in proident incididunt veniam incididunt eiusmod esse occaecat.\r\n", "registered":"2014-04-22T04:24:48 -07:00", "latitude":39.995521, "longitude":-175.00905, "tags":["ad", "qui", "occaecat", "minim", "non", "tempor", "ex"], "friends":[{"id":0, "name":"Baxter Morin"}, {"id":1, "name":"Casey Hall"}, {"id":2, "name":"Katheryn Bartlett"}], "greeting":"Hello, Golden Keller! You have 9 unread messages.", "favoriteFruit":"banana"}