{"_id":"55e8b8c62cbb39d6c3696587", "index":1074, "guid":"4ddbf8da-9a6a-4259-9a72-bc9ab171265c", "isActive":true, "balance":"$8,950.40", "picture":"http://placehold.it/32x32", "age":33, "eyeColor":"green", "name":"Cooper Little", "gender":"male", "company":"CABLAM", "email":"cooperlittle@cablam.com", "phone":"+1 (926) 416-2930", "address":"511 Java Street, Cascades, South Dakota, 141", "about":"Ipsum reprehenderit voluptate laborum est dolore enim cupidatat consectetur sunt aute. Dolor ad magna sit excepteur exercitation mollit. Culpa veniam do nisi ad irure commodo tempor occaecat deserunt. Cillum duis elit magna nulla officia nostrud incididunt ut esse est aliquip. Non aute qui magna sunt quis commodo. In ullamco cillum id aute mollit sunt cillum et ad deserunt deserunt exercitation in ad. Deserunt enim pariatur laboris minim irure nostrud ex excepteur sint voluptate aute.\r\n", "registered":"2014-03-27T01:18:22 -07:00", "latitude":30.457935, "longitude":107.803711, "tags":["elit", "ea", "ea", "sit", "Lorem", "irure", "velit"], "friends":[{"id":0, "name":"Mathews Perry"}, {"id":1, "name":"Traci Raymond"}, {"id":2, "name":"Barber Fuentes"}], "greeting":"Hello, Cooper Little! You have 9 unread messages.", "favoriteFruit":"banana"}