{"_id":"55e8b8c678a2149d2f3ac213", "index":1056, "guid":"55f53c3d-17ba-44c8-a04f-666b878e82ad", "isActive":true, "balance":"$8,572.96", "picture":"http://placehold.it/32x32", "age":21, "eyeColor":"green", "name":"Gibbs Curtis", "gender":"male", "company":"KNEEDLES", "email":"gibbscurtis@kneedles.com", "phone":"+1 (891) 470-3498", "address":"875 Remsen Avenue, Brambleton, Marshall Islands, 146", "about":"Labore eiusmod aliqua enim dolore enim velit non duis non cillum veniam proident Lorem. Magna tempor deserunt elit nulla esse elit exercitation aliquip commodo pariatur. In consequat occaecat in mollit et irure tempor quis occaecat cillum consectetur officia. Ad culpa non enim nostrud non fugiat voluptate duis dolore deserunt non. Velit aliqua et cillum proident officia aliquip. Sunt Lorem eiusmod reprehenderit cillum incididunt veniam ullamco. Adipisicing reprehenderit consectetur eiusmod excepteur.\r\n", "registered":"2014-09-18T06:42:45 -07:00", "latitude":-56.209446, "longitude":33.846197, "tags":["aliqua", "elit", "quis", "commodo", "Lorem", "in", "elit"], "friends":[{"id":0, "name":"Reba Hicks"}, {"id":1, "name":"Bentley Gibbs"}, {"id":2, "name":"Katelyn Leach"}], "greeting":"Hello, Gibbs Curtis! You have 5 unread messages.", "favoriteFruit":"strawberry"}