{"_id":"55e8b8c68937b08bf03fbefc", "index":1228, "guid":"cdeb6d23-f36d-47e6-9f87-a30f0667a53c", "isActive":true, "balance":"$2,111.04", "picture":"http://placehold.it/32x32", "age":22, "eyeColor":"brown", "name":"Therese Sullivan", "gender":"female", "company":"STEELFAB", "email":"theresesullivan@steelfab.com", "phone":"+1 (893) 508-3098", "address":"815 Pierrepont Place, Dundee, Federated States Of Micronesia, 5751", "about":"Ad magna ex officia est esse nostrud eu aliqua duis ut voluptate proident consectetur ex. Ipsum excepteur pariatur officia consectetur aliqua eu ullamco cupidatat laborum non ut occaecat labore consequat. Eu veniam sunt ullamco incididunt sit consectetur Lorem laboris nisi sint. Dolore non laborum esse quis nisi nisi ex sint exercitation qui proident. Cillum voluptate dolore commodo proident culpa exercitation ullamco consequat ea nisi irure ea sint. Occaecat consequat mollit dolor fugiat consequat. Occaecat voluptate commodo adipisicing qui id do nostrud ad non.\r\n", "registered":"2015-05-18T12:38:03 -07:00", "latitude":83.310528, "longitude":-164.348978, "tags":["amet", "cupidatat", "qui", "magna", "eiusmod", "nisi", "id"], "friends":[{"id":0, "name":"Rojas Johnson"}, {"id":1, "name":"Deidre Guthrie"}, {"id":2, "name":"Charles Baldwin"}], "greeting":"Hello, Therese Sullivan! You have 7 unread messages.", "favoriteFruit":"apple"}