{"_id":"55e8b8c644a7b62c1706c188", "index":1140, "guid":"a0ce49a6-9c8a-435f-8ef5-814b9c40c2d4", "isActive":false, "balance":"$7,901.64", "picture":"http://placehold.it/32x32", "age":34, "eyeColor":"brown", "name":"Serrano Moss", "gender":"male", "company":"DIGIQUE", "email":"serranomoss@digique.com", "phone":"+1 (815) 442-3936", "address":"788 Hillel Place, Yardville, Ohio, 8314", "about":"Excepteur et dolor dolore exercitation anim ex consequat culpa ullamco eiusmod amet qui. Aliquip ullamco sunt nisi Lorem esse quis. Tempor anim dolor ea occaecat aute. Laborum anim id deserunt esse sit elit veniam cillum aliquip. Id amet nostrud commodo irure consectetur dolore id duis occaecat. Anim ut reprehenderit proident veniam aliquip esse sint consectetur voluptate quis proident adipisicing.\r\n", "registered":"2014-05-19T03:38:28 -07:00", "latitude":-61.983391, "longitude":-91.697966, "tags":["dolor", "esse", "adipisicing", "esse", "ipsum", "ut", "occaecat"], "friends":[{"id":0, "name":"Elliott Farmer"}, {"id":1, "name":"Henry Phillips"}, {"id":2, "name":"Sanders Lara"}], "greeting":"Hello, Serrano Moss! You have 3 unread messages.", "favoriteFruit":"strawberry"}