{"_id":"55e8b8c6d28bf8dfe0a365cb", "index":1144, "guid":"a90e6f2a-58fc-4058-85ec-3453bc3db2ae", "isActive":true, "balance":"$3,587.02", "picture":"http://placehold.it/32x32", "age":26, "eyeColor":"green", "name":"Giles Chan", "gender":"male", "company":"PHORMULA", "email":"gileschan@phormula.com", "phone":"+1 (942) 533-3300", "address":"772 Remsen Street, Orason, Alabama, 1189", "about":"Aute proident enim culpa officia culpa magna consectetur duis occaecat exercitation deserunt nisi. Enim exercitation sit aute velit ex excepteur fugiat magna anim occaecat qui laboris. Aliqua cupidatat dolore deserunt irure laborum aliqua incididunt ipsum. Commodo do exercitation consequat esse eu irure amet. Culpa consequat esse laboris aliqua sit nostrud tempor ad fugiat nulla tempor voluptate irure. Cillum id Lorem enim exercitation ipsum ullamco.\r\n", "registered":"2014-10-24T02:42:26 -07:00", "latitude":-6.552146, "longitude":74.375101, "tags":["ullamco", "proident", "ad", "velit", "enim", "mollit", "eu"], "friends":[{"id":0, "name":"Thornton Gonzales"}, {"id":1, "name":"April James"}, {"id":2, "name":"Lott Finch"}], "greeting":"Hello, Giles Chan! You have 6 unread messages.", "favoriteFruit":"strawberry"}