{"_id":"55e8b8c64d1f72170ee6f59a", "index":1446, "guid":"89259610-a1b8-4c34-be9b-315edb35d01e", "isActive":false, "balance":"$71.49", "picture":"http://placehold.it/32x32", "age":36, "eyeColor":"green", "name":"Hammond Finley", "gender":"male", "company":"NIKUDA", "email":"hammondfinley@nikuda.com", "phone":"+1 (855) 413-2974", "address":"386 Elm Place, Byrnedale, Virgin Islands, 2353", "about":"Elit est ea nisi reprehenderit Lorem cillum reprehenderit. Ea ex adipisicing nostrud Lorem Lorem ipsum. Ea reprehenderit in duis aliqua tempor sunt fugiat sunt labore fugiat officia consectetur nisi. Deserunt est non et non excepteur nostrud nulla dolor velit labore do ad mollit. Laboris ea ad dolor mollit aute est commodo officia adipisicing in do ex consectetur.\r\n", "registered":"2014-05-31T07:52:09 -07:00", "latitude":-1.212824, "longitude":-12.012422, "tags":["exercitation", "do", "pariatur", "voluptate", "do", "culpa", "officia"], "friends":[{"id":0, "name":"Estella Carey"}, {"id":1, "name":"Blankenship Porter"}, {"id":2, "name":"Avis Odonnell"}], "greeting":"Hello, Hammond Finley! You have 9 unread messages.", "favoriteFruit":"apple"}