{"_id":"55e8b8c6d066d2e393e7a094", "index":1434, "guid":"87dbc24f-aa05-42b5-b16f-20bbcd3808fe", "isActive":false, "balance":"$5,723.17", "picture":"http://placehold.it/32x32", "age":38, "eyeColor":"brown", "name":"Edna Rowe", "gender":"female", "company":"BALOOBA", "email":"ednarowe@balooba.com", "phone":"+1 (981) 527-3204", "address":"144 Dahl Court, Bowie, Alabama, 5245", "about":"Laborum officia pariatur reprehenderit do elit sit labore consequat fugiat reprehenderit quis ullamco veniam. Eiusmod et exercitation ad esse minim magna non laboris consectetur. Pariatur reprehenderit sunt occaecat incididunt ex eiusmod proident. Quis irure officia est aliqua officia. Nostrud mollit minim excepteur laborum dolore.\r\n", "registered":"2014-11-09T12:34:11 -07:00", "latitude":-3.139646, "longitude":-33.113083, "tags":["exercitation", "excepteur", "nulla", "consectetur", "do", "dolore", "dolore"], "friends":[{"id":0, "name":"Tina Herman"}, {"id":1, "name":"Ginger Martinez"}, {"id":2, "name":"Shepherd Cortez"}], "greeting":"Hello, Edna Rowe! You have 8 unread messages.", "favoriteFruit":"apple"}