{"_id":"55e8b8c6c266f89d0a27fdea", "index":1258, "guid":"e564f111-1588-454a-a1ab-e33918e65fd0", "isActive":false, "balance":"$2,031.54", "picture":"http://placehold.it/32x32", "age":34, "eyeColor":"blue", "name":"Hilary Keith", "gender":"female", "company":"EPLODE", "email":"hilarykeith@eplode.com", "phone":"+1 (884) 523-2639", "address":"367 Verona Street, Newcastle, Wyoming, 6045", "about":"Adipisicing fugiat nostrud qui cillum sunt laborum proident occaecat cillum incididunt consectetur culpa. Sint ullamco est commodo laboris id est occaecat nisi exercitation esse. Pariatur elit duis aliqua aute ipsum.\r\n", "registered":"2014-08-04T12:23:05 -07:00", "latitude":80.77012, "longitude":-24.477385, "tags":["enim", "ad", "laborum", "ad", "sint", "ut", "culpa"], "friends":[{"id":0, "name":"Trujillo Ashley"}, {"id":1, "name":"Dora Maldonado"}, {"id":2, "name":"Aida Howard"}], "greeting":"Hello, Hilary Keith! You have 1 unread messages.", "favoriteFruit":"banana"}