{"_id":"55e8b8c6de10d3a5cf526206", "index":1125, "guid":"6c1211b3-84bf-497b-8d45-c5377dc3145d", "isActive":false, "balance":"$5,804.39", "picture":"http://placehold.it/32x32", "age":25, "eyeColor":"green", "name":"Dina Sawyer", "gender":"female", "company":"SUPREMIA", "email":"dinasawyer@supremia.com", "phone":"+1 (985) 502-3142", "address":"306 National Drive, Rote, California, 5778", "about":"Adipisicing excepteur enim duis anim. Ea esse elit quis ad dolore mollit dolore irure Lorem officia quis qui dolor. Sint nisi exercitation quis excepteur aliqua duis sint aliqua culpa nisi nostrud. Excepteur sunt cupidatat reprehenderit ea veniam laborum. Incididunt aliqua exercitation nisi ea aliqua.\r\n", "registered":"2014-05-14T12:16:50 -07:00", "latitude":13.033343, "longitude":-5.269827, "tags":["aliqua", "anim", "est", "dolor", "tempor", "cupidatat", "velit"], "friends":[{"id":0, "name":"Wagner Mcfarland"}, {"id":1, "name":"Ruthie Yates"}, {"id":2, "name":"Robert Collier"}], "greeting":"Hello, Dina Sawyer! You have 1 unread messages.", "favoriteFruit":"strawberry"}