{"_id":"55e8b8c625adbe36c4825a22", "index":1008, "guid":"5aac1819-2457-4900-8a57-23f8e8ee4cc7", "isActive":true, "balance":"$4,197.22", "picture":"http://placehold.it/32x32", "age":30, "eyeColor":"green", "name":"Lidia Gray", "gender":"female", "company":"PAPRICUT", "email":"lidiagray@papricut.com", "phone":"+1 (897) 407-3157", "address":"981 Poly Place, Barclay, Northern Mariana Islands, 4306", "about":"Sint magna aliqua cupidatat do ut sit sunt. Sunt commodo eu ad consectetur esse mollit nostrud sint enim fugiat magna. Ex eu est exercitation fugiat adipisicing aute culpa excepteur occaecat anim ullamco consequat incididunt.\r\n", "registered":"2015-07-16T06:40:40 -07:00", "latitude":14.135379, "longitude":179.872204, "tags":["irure", "irure", "pariatur", "laboris", "pariatur", "consectetur", "culpa"], "friends":[{"id":0, "name":"Stark Keith"}, {"id":1, "name":"Joni Ashley"}, {"id":2, "name":"Lilly Maldonado"}], "greeting":"Hello, Lidia Gray! You have 6 unread messages.", "favoriteFruit":"apple"}