{"_id":"55e8b8c670227a2d4a22aa99", "index":1028, "guid":"a2f7c68a-e0c7-4013-bc18-00ade6be56b2", "isActive":false, "balance":"$9,060.18", "picture":"http://placehold.it/32x32", "age":28, "eyeColor":"brown", "name":"Watkins Leon", "gender":"male", "company":"STEELTAB", "email":"watkinsleon@steeltab.com", "phone":"+1 (932) 462-2712", "address":"610 Clinton Avenue, Goldfield, Alabama, 720", "about":"Elit sunt consectetur et sunt excepteur consequat ea ea. Consequat laboris ipsum commodo enim magna nisi cillum nisi mollit. Occaecat labore culpa amet cillum duis enim. Id nisi culpa aliqua esse fugiat velit exercitation incididunt est sint eu pariatur sunt duis. Proident labore duis minim exercitation incididunt veniam laborum commodo officia.\r\n", "registered":"2014-05-16T04:21:39 -07:00", "latitude":-87.258325, "longitude":45.571334, "tags":["esse", "in", "ullamco", "laborum", "ex", "reprehenderit", "elit"], "friends":[{"id":0, "name":"Benjamin Elliott"}, {"id":1, "name":"Anna Kim"}, {"id":2, "name":"Rocha Sanders"}], "greeting":"Hello, Watkins Leon! You have 5 unread messages.", "favoriteFruit":"apple"}