{"_id":"55e8b8c6d4a68901835e913d", "index":1194, "guid":"5f9533d4-9163-4dcf-8f2a-f45641bf0583", "isActive":true, "balance":"$4,918.40", "picture":"http://placehold.it/32x32", "age":21, "eyeColor":"brown", "name":"Humphrey Wiley", "gender":"male", "company":"TERRAGO", "email":"humphreywiley@terrago.com", "phone":"+1 (911) 541-2980", "address":"227 Rutland Road, Condon, Arizona, 198", "about":"Laboris commodo consectetur sunt ut consectetur. Incididunt reprehenderit laboris fugiat nulla nulla duis sint quis eu qui. Ullamco nisi qui cupidatat nulla ut dolor qui proident ipsum. Pariatur laboris tempor ut cupidatat Lorem.\r\n", "registered":"2014-05-29T09:25:52 -07:00", "latitude":56.691461, "longitude":-14.275938, "tags":["cupidatat", "exercitation", "esse", "deserunt", "dolore", "minim", "fugiat"], "friends":[{"id":0, "name":"Spears Serrano"}, {"id":1, "name":"Beulah Harvey"}, {"id":2, "name":"Jana Cooper"}], "greeting":"Hello, Humphrey Wiley! You have 7 unread messages.", "favoriteFruit":"strawberry"}