{"_id":"55e8b8c6ba484718e325d0c5", "index":1027, "guid":"f8d1205b-5cb2-4a80-acda-0b26fa930732", "isActive":false, "balance":"$9,954.37", "picture":"http://placehold.it/32x32", "age":29, "eyeColor":"green", "name":"Taylor Spencer", "gender":"male", "company":"UPLINX", "email":"taylorspencer@uplinx.com", "phone":"+1 (819) 591-3627", "address":"972 Bulwer Place, Delshire, Washington, 8665", "about":"Exercitation ipsum anim sint velit occaecat enim aliqua ad ullamco. Consectetur veniam sunt ea sint aliqua proident nisi nulla dolore cupidatat est pariatur. Irure amet laboris sint culpa mollit. Magna consequat labore officia ea qui.\r\n", "registered":"2015-08-15T06:48:29 -07:00", "latitude":-67.58017, "longitude":94.569858, "tags":["consectetur", "cillum", "qui", "id", "ipsum", "fugiat", "in"], "friends":[{"id":0, "name":"Francisca Christensen"}, {"id":1, "name":"Gonzales Aguirre"}, {"id":2, "name":"Connie Ellison"}], "greeting":"Hello, Taylor Spencer! You have 4 unread messages.", "favoriteFruit":"strawberry"}