{"_id":"55e8b8c62acb211322cd1253", "index":1300, "guid":"7ec11586-969d-48ab-a47f-73e91a6c18e4", "isActive":false, "balance":"$6,594.29", "picture":"http://placehold.it/32x32", "age":30, "eyeColor":"green", "name":"Maryellen Myers", "gender":"female", "company":"SUNCLIPSE", "email":"maryellenmyers@sunclipse.com", "phone":"+1 (892) 591-3473", "address":"199 Truxton Street, Waterview, Palau, 518", "about":"Laborum veniam cupidatat officia anim tempor velit proident ex enim amet. Exercitation ipsum nisi do nisi Lorem esse laborum elit eu deserunt non. Laboris in exercitation ipsum cupidatat. Consequat in tempor sit exercitation irure ut aliquip sunt labore. Lorem dolore deserunt aliqua ex cupidatat qui.\r\n", "registered":"2014-02-04T02:21:51 -07:00", "latitude":23.644668, "longitude":-103.026213, "tags":["aute", "commodo", "nostrud", "fugiat", "qui", "est", "do"], "friends":[{"id":0, "name":"Marian Mayo"}, {"id":1, "name":"Eleanor Pope"}, {"id":2, "name":"Claire Marshall"}], "greeting":"Hello, Maryellen Myers! You have 10 unread messages.", "favoriteFruit":"banana"}