{"_id":"55e8b8c63389129f66a52bf9", "index":1236, "guid":"4371dba9-fd91-455c-a4b9-1037e58761c6", "isActive":false, "balance":"$3,666.42", "picture":"http://placehold.it/32x32", "age":30, "eyeColor":"brown", "name":"Kitty Mcfadden", "gender":"female", "company":"CORPULSE", "email":"kittymcfadden@corpulse.com", "phone":"+1 (823) 584-2481", "address":"824 Boerum Street, Jardine, Indiana, 8630", "about":"Non in sunt consequat enim culpa. Do pariatur labore enim magna adipisicing cillum veniam qui. Occaecat et ut adipisicing incididunt. Deserunt sit est eiusmod deserunt ea officia ipsum aliquip exercitation. Pariatur eu ut magna Lorem mollit ex magna nulla veniam ullamco ad velit ea voluptate.\r\n", "registered":"2014-02-03T03:04:54 -07:00", "latitude":-2.831293, "longitude":-46.674436, "tags":["fugiat", "mollit", "minim", "dolore", "dolore", "cupidatat", "laborum"], "friends":[{"id":0, "name":"Holman Lindsey"}, {"id":1, "name":"Kirsten Valdez"}, {"id":2, "name":"Dollie Orr"}], "greeting":"Hello, Kitty Mcfadden! You have 2 unread messages.", "favoriteFruit":"strawberry"}