{"_id":"55e8b8c64259d677c907a4c8", "index":1204, "guid":"38d61e62-d2c5-4c39-8b6f-c7bcec0b7904", "isActive":true, "balance":"$2,610.79", "picture":"http://placehold.it/32x32", "age":29, "eyeColor":"blue", "name":"Chen Haynes", "gender":"male", "company":"XYLAR", "email":"chenhaynes@xylar.com", "phone":"+1 (874) 490-3697", "address":"704 Church Lane, Jacksonwald, Alaska, 4466", "about":"Ullamco enim ad et sunt aliqua occaecat magna ex deserunt labore dolor pariatur officia. Lorem elit incididunt aliqua eu eiusmod velit do adipisicing magna. Voluptate velit consequat Lorem elit adipisicing quis in laboris sint qui cillum. Sint consectetur duis culpa ullamco occaecat tempor. Ea reprehenderit voluptate anim aliquip pariatur.\r\n", "registered":"2014-04-28T04:38:45 -07:00", "latitude":-57.775376, "longitude":76.865391, "tags":["fugiat", "laborum", "ea", "elit", "excepteur", "cillum", "aliqua"], "friends":[{"id":0, "name":"Joan Ballard"}, {"id":1, "name":"Yvette Blake"}, {"id":2, "name":"Christian Horne"}], "greeting":"Hello, Chen Haynes! You have 6 unread messages.", "favoriteFruit":"banana"}