{"_id":"55e8b8c685c38e7424b0eb57", "index":1088, "guid":"b9255a37-c88b-499c-ba47-06365714c486", "isActive":true, "balance":"$2,434.57", "picture":"http://placehold.it/32x32", "age":35, "eyeColor":"green", "name":"Solis Daniels", "gender":"male", "company":"GLEAMINK", "email":"solisdaniels@gleamink.com", "phone":"+1 (906) 577-2239", "address":"260 Perry Terrace, Chical, Alaska, 1686", "about":"Velit nisi incididunt duis dolore nisi velit veniam ipsum ipsum sit. Amet non sit sint aute ex irure. Amet laborum magna ea nisi excepteur voluptate in sit do irure ex magna. Aliquip nisi sunt dolor enim eiusmod consectetur incididunt nisi sunt consequat.\r\n", "registered":"2014-04-22T03:56:18 -07:00", "latitude":-88.024345, "longitude":129.116447, "tags":["elit", "in", "anim", "et", "dolor", "officia", "consectetur"], "friends":[{"id":0, "name":"Schultz Guy"}, {"id":1, "name":"Lilia Martin"}, {"id":2, "name":"Stacy Chang"}], "greeting":"Hello, Solis Daniels! You have 1 unread messages.", "favoriteFruit":"banana"}