{"_id":"55e8b8c667f20989c4a7feb7", "index":1069, "guid":"e8ace1ea-c4ee-4ffa-9062-02880cc7ca12", "isActive":true, "balance":"$516.79", "picture":"http://placehold.it/32x32", "age":36, "eyeColor":"green", "name":"Erickson Underwood", "gender":"male", "company":"KINETICA", "email":"ericksonunderwood@kinetica.com", "phone":"+1 (887) 544-2897", "address":"217 Thames Street, Grayhawk, Texas, 1509", "about":"Sint deserunt esse nostrud nostrud velit excepteur voluptate qui quis. Aliqua nostrud id excepteur eiusmod consectetur et culpa anim qui voluptate. Ut laboris proident minim culpa ipsum. Incididunt velit adipisicing aute do veniam ex.\r\n", "registered":"2014-03-17T01:58:54 -07:00", "latitude":28.544206, "longitude":-165.907163, "tags":["reprehenderit", "aute", "exercitation", "nisi", "laborum", "reprehenderit", "reprehenderit"], "friends":[{"id":0, "name":"Luisa Higgins"}, {"id":1, "name":"Josephine Blevins"}, {"id":2, "name":"Parsons Macias"}], "greeting":"Hello, Erickson Underwood! You have 7 unread messages.", "favoriteFruit":"strawberry"}