{"_id":"55e8b8c62adb63057cc90c39", "index":1201, "guid":"ffebe8ec-16c8-4df7-bac1-81e95fa95bf3", "isActive":false, "balance":"$739.96", "picture":"http://placehold.it/32x32", "age":23, "eyeColor":"blue", "name":"Wright Reyes", "gender":"male", "company":"QUILITY", "email":"wrightreyes@quility.com", "phone":"+1 (865) 480-3300", "address":"684 Tillary Street, Norwood, Washington, 7888", "about":"Proident incididunt magna exercitation aliqua. Ad laboris eu qui consequat ut in minim enim commodo amet esse. Sint dolor cillum sunt et enim duis irure dolor Lorem. Sit ex do reprehenderit laborum officia magna.\r\n", "registered":"2015-01-08T01:50:01 -07:00", "latitude":-79.810216, "longitude":26.224257, "tags":["commodo", "proident", "aliqua", "nisi", "labore", "amet", "velit"], "friends":[{"id":0, "name":"Susanna Ford"}, {"id":1, "name":"Lacy Hartman"}, {"id":2, "name":"Angelina Walker"}], "greeting":"Hello, Wright Reyes! You have 10 unread messages.", "favoriteFruit":"strawberry"}