{"_id":"55e8b8c684c579b8b3ad84dc", "index":1096, "guid":"38a6ade3-d062-4622-8e02-d5f860fd395d", "isActive":true, "balance":"$1,738.44", "picture":"http://placehold.it/32x32", "age":32, "eyeColor":"green", "name":"Pacheco Mendez", "gender":"male", "company":"BUNGA", "email":"pachecomendez@bunga.com", "phone":"+1 (888) 479-2849", "address":"108 Etna Street, Canterwood, West Virginia, 736", "about":"Duis velit cillum qui culpa magna aute adipisicing nisi excepteur tempor aliqua irure. Velit sit sint occaecat magna excepteur ullamco nostrud. Anim consectetur amet aliquip do ea consectetur. Id id duis ullamco velit id officia cupidatat. Mollit laborum ea aliqua ad non laboris sint exercitation ex.\r\n", "registered":"2014-01-16T05:59:15 -07:00", "latitude":77.793904, "longitude":-138.100513, "tags":["labore", "qui", "ea", "eiusmod", "tempor", "ex", "incididunt"], "friends":[{"id":0, "name":"Rachel Dickerson"}, {"id":1, "name":"Higgins Harding"}, {"id":2, "name":"Deloris Luna"}], "greeting":"Hello, Pacheco Mendez! You have 2 unread messages.", "favoriteFruit":"strawberry"}