{"_id":"55e8b8c6b5d417122453190d", "index":1149, "guid":"6e4755b5-78d1-492e-a129-be7b99760445", "isActive":true, "balance":"$7,096.19", "picture":"http://placehold.it/32x32", "age":30, "eyeColor":"green", "name":"Sargent Romero", "gender":"male", "company":"FROLIX", "email":"sargentromero@frolix.com", "phone":"+1 (837) 400-3208", "address":"901 Moultrie Street, Elfrida, Iowa, 8566", "about":"Culpa commodo dolor ipsum reprehenderit tempor reprehenderit aute consequat esse voluptate sunt laborum. Veniam irure amet et in non do qui aliqua dolor dolor exercitation enim ad. Ipsum ullamco proident culpa est dolore nisi mollit ex amet dolor dolor excepteur minim reprehenderit. Voluptate qui ut enim velit consectetur amet laboris nulla. Magna magna deserunt qui occaecat fugiat labore ullamco sint qui irure ipsum. Exercitation cupidatat irure consequat ex elit voluptate cupidatat exercitation non et commodo.\r\n", "registered":"2015-09-02T09:49:25 -07:00", "latitude":-27.435847, "longitude":131.774422, "tags":["labore", "consequat", "excepteur", "ad", "et", "duis", "irure"], "friends":[{"id":0, "name":"Melanie Glass"}, {"id":1, "name":"Sonya Calderon"}, {"id":2, "name":"Nancy Morris"}], "greeting":"Hello, Sargent Romero! You have 1 unread messages.", "favoriteFruit":"banana"}