{"_id":"55e8b8c6de683ee7c2ce080d", "index":118, "guid":"37109c0f-1da7-4bd6-8511-ea13590b6302", "isActive":false, "balance":"$5,073.43", "picture":"http://placehold.it/32x32", "age":28, "eyeColor":"green", "name":"Callie Vang", "gender":"female", "company":"DIGIFAD", "email":"callievang@digifad.com", "phone":"+1 (820) 577-2548", "address":"617 Morgan Avenue, Newkirk, Hawaii, 787", "about":"Ad sit aliquip dolor excepteur occaecat nostrud ullamco non ea aliqua anim sit excepteur pariatur. Cupidatat incididunt ex Lorem do qui sit aute enim ut aliquip officia Lorem nisi sit. Dolore irure non dolor tempor eiusmod tempor occaecat esse exercitation. Deserunt sint ut laboris eu ad velit quis deserunt Lorem Lorem deserunt adipisicing fugiat laboris.\r\n", "registered":"2014-06-18T07:09:31 -07:00", "latitude":72.985765, "longitude":83.642076, "tags":["consequat", "nulla", "ipsum", "cupidatat", "eu", "duis", "mollit"], "friends":[{"id":0, "name":"Talley Brock"}, {"id":1, "name":"Maricela Bailey"}, {"id":2, "name":"Hartman Bridges"}], "greeting":"Hello, Callie Vang! You have 9 unread messages.", "favoriteFruit":"banana"}