{"_id":"55e8b8c680c4b963ee2b0eb8", "index":1329, "guid":"07d92b44-6101-46b1-9add-d4abcc8096cc", "isActive":false, "balance":"$8,730.22", "picture":"http://placehold.it/32x32", "age":32, "eyeColor":"green", "name":"Stephanie Byers", "gender":"female", "company":"ASSITIA", "email":"stephaniebyers@assitia.com", "phone":"+1 (812) 504-3221", "address":"374 Lloyd Court, Cuylerville, Maine, 731", "about":"Occaecat ullamco sint anim et mollit nulla ex. Mollit velit reprehenderit sunt cupidatat cillum ea adipisicing elit deserunt non exercitation eiusmod pariatur consectetur. Incididunt labore eu excepteur est est laboris eu cupidatat dolore in ad anim ex. Aliqua qui nulla non deserunt. Id ut id eiusmod duis ullamco minim reprehenderit pariatur officia nostrud Lorem eu sint adipisicing. Duis proident irure velit est veniam do. Exercitation eu eiusmod ipsum amet veniam do sunt cupidatat voluptate amet.\r\n", "registered":"2014-02-18T11:27:36 -07:00", "latitude":-76.702002, "longitude":128.961257, "tags":["magna", "ut", "voluptate", "dolor", "enim", "veniam", "ad"], "friends":[{"id":0, "name":"Morse Reid"}, {"id":1, "name":"Nadia Forbes"}, {"id":2, "name":"Carmela Freeman"}], "greeting":"Hello, Stephanie Byers! You have 1 unread messages.", "favoriteFruit":"strawberry"}