{"_id":"55e8b8c639f34c4213382df1", "index":1197, "guid":"06e2f470-0f63-4796-b8b6-4de7cf566f65", "isActive":true, "balance":"$3,730.30", "picture":"http://placehold.it/32x32", "age":34, "eyeColor":"blue", "name":"Becker Odonnell", "gender":"male", "company":"RUBADUB", "email":"beckerodonnell@rubadub.com", "phone":"+1 (913) 552-3826", "address":"657 Coles Street, Caspar, Arkansas, 171", "about":"Reprehenderit ut officia qui consectetur deserunt deserunt. Sint voluptate cupidatat quis elit nisi ad occaecat et. Laboris deserunt elit sit ea ad ea reprehenderit dolore sit occaecat. Sunt proident aliqua in eu sunt elit reprehenderit ex aute reprehenderit ut elit sunt proident. Ex non elit ex deserunt nisi nostrud.\r\n", "registered":"2014-11-08T01:28:44 -07:00", "latitude":-41.483288, "longitude":103.929363, "tags":["voluptate", "commodo", "eu", "enim", "quis", "in", "voluptate"], "friends":[{"id":0, "name":"Cotton Alford"}, {"id":1, "name":"Payne Gomez"}, {"id":2, "name":"Mckay Gilbert"}], "greeting":"Hello, Becker Odonnell! You have 1 unread messages.", "favoriteFruit":"apple"}