{"_id":"55e8b8c681a78954160d7831", "index":1266, "guid":"feb5b32d-bf16-434c-8e0b-04740f776867", "isActive":false, "balance":"$6,537.64", "picture":"http://placehold.it/32x32", "age":27, "eyeColor":"blue", "name":"Tamera Faulkner", "gender":"female", "company":"UBERLUX", "email":"tamerafaulkner@uberlux.com", "phone":"+1 (988) 525-3581", "address":"146 Congress Street, Berlin, Florida, 1182", "about":"Incididunt officia ad cupidatat fugiat voluptate fugiat ea voluptate enim ut enim reprehenderit cupidatat laboris. Labore voluptate qui occaecat Lorem est sint. Aliqua ad nostrud aliquip et amet elit irure labore ea sit nulla velit deserunt. Veniam sunt anim cupidatat consectetur amet laboris ut nisi incididunt commodo irure. Deserunt dolor occaecat reprehenderit excepteur ullamco ut duis excepteur dolor adipisicing occaecat est. Labore quis occaecat proident consequat veniam dolor sit enim quis excepteur Lorem.\r\n", "registered":"2014-08-26T03:05:53 -07:00", "latitude":7.832106, "longitude":-13.551279, "tags":["excepteur", "aliqua", "adipisicing", "ex", "eu", "laborum", "reprehenderit"], "friends":[{"id":0, "name":"Sara Madden"}, {"id":1, "name":"Tammy Vazquez"}, {"id":2, "name":"Meadows Terry"}], "greeting":"Hello, Tamera Faulkner! You have 9 unread messages.", "favoriteFruit":"strawberry"}