{"_id":"55e8b8c62a1db3626e23bf83", "index":1207, "guid":"5707ea7c-defb-497e-b347-e985305ee3ca", "isActive":false, "balance":"$2,587.88", "picture":"http://placehold.it/32x32", "age":35, "eyeColor":"blue", "name":"Blair Castaneda", "gender":"male", "company":"GINKLE", "email":"blaircastaneda@ginkle.com", "phone":"+1 (857) 463-2833", "address":"125 Clove Road, Dunnavant, Iowa, 2873", "about":"Do enim magna voluptate sint culpa ipsum ea cupidatat exercitation. Amet non et incididunt mollit cillum ad aute in quis ex ex ad nisi tempor. Labore esse esse fugiat nostrud magna voluptate ullamco quis labore duis officia amet. Excepteur ut mollit aute ullamco mollit labore id. Deserunt adipisicing magna ut adipisicing anim et velit est est laboris. Commodo tempor aute sit incididunt sit eiusmod.\r\n", "registered":"2014-02-18T12:13:16 -07:00", "latitude":-70.840813, "longitude":163.975572, "tags":["do", "dolor", "magna", "adipisicing", "quis", "sunt", "esse"], "friends":[{"id":0, "name":"Paige Mckenzie"}, {"id":1, "name":"Hunter Carpenter"}, {"id":2, "name":"Anne Blanchard"}], "greeting":"Hello, Blair Castaneda! You have 2 unread messages.", "favoriteFruit":"strawberry"}