{"_id":"55e8b8c6c3f959e9ff8a1100", "index":1033, "guid":"5d709d15-2341-4768-8202-a6747da5e926", "isActive":true, "balance":"$7,687.20", "picture":"http://placehold.it/32x32", "age":21, "eyeColor":"green", "name":"Bettie Lucas", "gender":"female", "company":"TETAK", "email":"bettielucas@tetak.com", "phone":"+1 (883) 495-3939", "address":"390 Jerome Avenue, Winfred, Iowa, 8228", "about":"Ullamco dolore ullamco duis fugiat qui ipsum culpa ipsum occaecat cupidatat adipisicing ullamco. Laborum officia mollit amet incididunt amet cillum consectetur sunt ullamco consectetur est id tempor. Irure eu ea commodo sit enim culpa laborum aute nostrud qui. Deserunt sint sunt officia enim aute proident et sint Lorem tempor sint ex pariatur dolore. Elit ut ex ullamco deserunt veniam.\r\n", "registered":"2015-04-16T10:26:57 -07:00", "latitude":-50.752086, "longitude":-56.224314, "tags":["veniam", "eiusmod", "aliquip", "consectetur", "et", "ex", "quis"], "friends":[{"id":0, "name":"Katina Whitney"}, {"id":1, "name":"Fox Rocha"}, {"id":2, "name":"Forbes Kelly"}], "greeting":"Hello, Bettie Lucas! You have 2 unread messages.", "favoriteFruit":"apple"}