{"_id":"55e8b8c63e0955b28c5a7e7c", "index":1014, "guid":"43eb5659-0532-4712-b585-7617e8259783", "isActive":true, "balance":"$5,786.29", "picture":"http://placehold.it/32x32", "age":32, "eyeColor":"brown", "name":"Mccarty Herrera", "gender":"male", "company":"ZAYA", "email":"mccartyherrera@zaya.com", "phone":"+1 (872) 578-2083", "address":"199 Stratford Road, Stonybrook, Utah, 8786", "about":"Consectetur est veniam exercitation aliquip eu mollit cupidatat deserunt aliqua duis magna in. Incididunt et consequat mollit quis sunt veniam mollit irure nisi dolore enim. Magna duis ullamco do nisi mollit excepteur ea occaecat aute aute aliqua. Quis laborum culpa laboris nostrud incididunt nisi magna pariatur nulla. Do sint ad nostrud consectetur do amet laborum duis veniam sunt in. Irure tempor tempor non nulla voluptate fugiat. Reprehenderit magna adipisicing quis sit nulla non exercitation.\r\n", "registered":"2014-06-18T01:05:36 -07:00", "latitude":-10.854563, "longitude":15.20178, "tags":["esse", "deserunt", "officia", "laborum", "nulla", "irure", "aute"], "friends":[{"id":0, "name":"Billie Rojas"}, {"id":1, "name":"Walton Randall"}, {"id":2, "name":"Lolita Price"}], "greeting":"Hello, Mccarty Herrera! You have 1 unread messages.", "favoriteFruit":"banana"}