{"_id":"55e8b8c6c1df14248d67231e", "index":1132, "guid":"50004df1-318d-47e0-984d-3971da121733", "isActive":false, "balance":"$3,847.48", "picture":"http://placehold.it/32x32", "age":36, "eyeColor":"blue", "name":"Mueller Stone", "gender":"male", "company":"MICROLUXE", "email":"muellerstone@microluxe.com", "phone":"+1 (911) 449-2579", "address":"387 Delmonico Place, Chicopee, South Dakota, 1174", "about":"Cupidatat cillum esse duis ut minim eiusmod officia duis magna ullamco reprehenderit ut velit ex. Tempor occaecat incididunt anim ea voluptate consequat ea qui sunt qui cupidatat labore elit. Incididunt nisi nostrud cillum laboris amet culpa consectetur ullamco ea.\r\n", "registered":"2015-05-12T06:51:10 -07:00", "latitude":27.530107, "longitude":75.863856, "tags":["incididunt", "ex", "sit", "non", "amet", "aliqua", "cupidatat"], "friends":[{"id":0, "name":"Helene Cannon"}, {"id":1, "name":"Merritt Clemons"}, {"id":2, "name":"Hodges Mack"}], "greeting":"Hello, Mueller Stone! You have 4 unread messages.", "favoriteFruit":"banana"}