{"_id":"55e8b8c6bee5a7f785e6bb78", "index":1029, "guid":"72373099-7035-4feb-8736-2dd0b55f71b2", "isActive":true, "balance":"$4,825.93", "picture":"http://placehold.it/32x32", "age":26, "eyeColor":"brown", "name":"Knowles Berry", "gender":"male", "company":"MIRACULA", "email":"knowlesberry@miracula.com", "phone":"+1 (947) 600-3092", "address":"750 Aster Court, Nicut, Mississippi, 5939", "about":"Nostrud excepteur ad duis sint. Aliquip irure esse minim consequat laboris aliqua enim magna aliqua est commodo. Do deserunt reprehenderit consectetur irure aliquip ex reprehenderit fugiat aliquip cillum. Proident occaecat exercitation veniam dolor incididunt.\r\n", "registered":"2014-06-21T03:06:04 -07:00", "latitude":-71.375704, "longitude":-49.134009, "tags":["cillum", "ad", "laboris", "ipsum", "ad", "irure", "ad"], "friends":[{"id":0, "name":"Christie Hodges"}, {"id":1, "name":"Elva Nunez"}, {"id":2, "name":"Mcclure Wilcox"}], "greeting":"Hello, Knowles Berry! You have 4 unread messages.", "favoriteFruit":"apple"}