{"_id":"55e8b8c67cfee6a24041109e", "index":1006, "guid":"4c900afd-6668-4e99-9cd2-9a29e8393f4b", "isActive":true, "balance":"$2,832.71", "picture":"http://placehold.it/32x32", "age":29, "eyeColor":"green", "name":"Fannie Moon", "gender":"female", "company":"SYNTAC", "email":"fanniemoon@syntac.com", "phone":"+1 (971) 534-3392", "address":"615 Brightwater Avenue, Witmer, Michigan, 2012", "about":"Anim laboris nostrud laborum deserunt ullamco et aute enim ipsum ex. Nulla est in ullamco voluptate excepteur officia. Et reprehenderit sint non qui occaecat enim ad est eiusmod ut sunt laborum aliqua. Excepteur exercitation duis pariatur sint cupidatat est occaecat ut eu in occaecat. Irure in ullamco officia ex Lorem ut cupidatat. Consectetur id velit cupidatat dolor aliqua eu non excepteur sint veniam.\r\n", "registered":"2014-10-25T10:49:50 -07:00", "latitude":-73.67703, "longitude":-126.685559, "tags":["adipisicing", "aute", "commodo", "cupidatat", "proident", "non", "ut"], "friends":[{"id":0, "name":"Fuller Wolf"}, {"id":1, "name":"Callahan Lang"}, {"id":2, "name":"Cunningham Buckner"}], "greeting":"Hello, Fannie Moon! You have 5 unread messages.", "favoriteFruit":"banana"}