{"_id":"55e8b8c6a4985315f8158542", "index":1318, "guid":"8bb67dfe-60b6-493e-8140-5d171f7b1003", "isActive":false, "balance":"$7,983.98", "picture":"http://placehold.it/32x32", "age":40, "eyeColor":"blue", "name":"Virgie Mcconnell", "gender":"female", "company":"STELAECOR", "email":"virgiemcconnell@stelaecor.com", "phone":"+1 (835) 461-3182", "address":"121 Wortman Avenue, Alderpoint, Alabama, 4495", "about":"Aute veniam sint esse velit nostrud mollit consectetur. Esse occaecat eu culpa consectetur irure proident sint sint ea. Sint enim eiusmod nulla quis id do adipisicing consequat. Veniam labore proident proident consectetur eu eiusmod velit et proident aute. Amet quis veniam nostrud cupidatat quis laborum do. Esse non aute ea est elit aliquip pariatur.\r\n", "registered":"2014-03-17T07:22:34 -07:00", "latitude":49.887267, "longitude":167.470848, "tags":["mollit", "esse", "velit", "labore", "cillum", "ut", "tempor"], "friends":[{"id":0, "name":"Hogan Ferrell"}, {"id":1, "name":"Mae Klein"}, {"id":2, "name":"Prince Underwood"}], "greeting":"Hello, Virgie Mcconnell! You have 1 unread messages.", "favoriteFruit":"apple"}