{"_id":"55e8b8c624bac22957366a3b", "index":134, "guid":"10b234a1-a92a-4a61-8f63-a7f82c964729", "isActive":false, "balance":"$4,682.64", "picture":"http://placehold.it/32x32", "age":36, "eyeColor":"blue", "name":"April Warner", "gender":"female", "company":"CEDWARD", "email":"aprilwarner@cedward.com", "phone":"+1 (830) 501-3678", "address":"675 Desmond Court, Southview, Indiana, 1746", "about":"Aliqua voluptate ea consectetur amet eiusmod ea proident. Do ipsum ea pariatur duis dolor dolor deserunt laboris cillum. Aliqua magna ipsum quis aute exercitation Lorem ex dolore ex veniam adipisicing dolore. Nulla dolore non duis minim excepteur proident commodo non adipisicing consectetur ea.\r\n", "registered":"2014-09-03T01:16:51 -07:00", "latitude":-84.963493, "longitude":-36.762361, "tags":["minim", "dolor", "enim", "commodo", "mollit", "nisi", "reprehenderit"], "friends":[{"id":0, "name":"Millicent Williams"}, {"id":1, "name":"Estes Giles"}, {"id":2, "name":"Flossie Conner"}], "greeting":"Hello, April Warner! You have 9 unread messages.", "favoriteFruit":"banana"}