{"_id":"55e8b8c61a5b29f7132bf9f0", "index":1416, "guid":"a48ada9d-f0b0-44ce-b76a-3a2e8bc15deb", "isActive":false, "balance":"$6,438.96", "picture":"http://placehold.it/32x32", "age":28, "eyeColor":"brown", "name":"Neva Hayes", "gender":"female", "company":"EDECINE", "email":"nevahayes@edecine.com", "phone":"+1 (926) 529-3772", "address":"446 Erasmus Street, Savannah, Palau, 4468", "about":"Ut id eu mollit laboris. Magna exercitation exercitation sunt sit cillum duis magna. Enim aliquip dolor aliquip laboris tempor elit exercitation eiusmod magna do fugiat. Ea aliquip elit non eiusmod quis sint enim nisi enim commodo aliqua commodo laborum sint.\r\n", "registered":"2014-09-17T12:03:38 -07:00", "latitude":46.759916, "longitude":68.687448, "tags":["dolore", "aute", "cillum", "minim", "cillum", "et", "enim"], "friends":[{"id":0, "name":"Latasha Douglas"}, {"id":1, "name":"Cantu Miles"}, {"id":2, "name":"Mcintyre Maddox"}], "greeting":"Hello, Neva Hayes! You have 8 unread messages.", "favoriteFruit":"banana"}