{"_id":"55e8b8c6d53d2cd89cd688a6", "index":1035, "guid":"5741b0ea-c9b4-4735-a782-0d6ea5fa9f6a", "isActive":true, "balance":"$7,707.83", "picture":"http://placehold.it/32x32", "age":22, "eyeColor":"brown", "name":"Alma Sloan", "gender":"female", "company":"TELPOD", "email":"almasloan@telpod.com", "phone":"+1 (976) 437-3951", "address":"517 Covert Street, Magnolia, New Hampshire, 2985", "about":"Lorem adipisicing eiusmod in cillum ea ut incididunt. Reprehenderit velit irure excepteur fugiat ullamco ut proident qui. Sit reprehenderit non culpa commodo culpa nulla laborum.\r\n", "registered":"2014-04-04T05:56:53 -07:00", "latitude":24.122594, "longitude":-140.175439, "tags":["id", "ullamco", "proident", "labore", "ad", "occaecat", "eiusmod"], "friends":[{"id":0, "name":"Waller Winters"}, {"id":1, "name":"Ferguson Garner"}, {"id":2, "name":"Pena Camacho"}], "greeting":"Hello, Alma Sloan! You have 7 unread messages.", "favoriteFruit":"strawberry"}