{"_id":"55e8b8c6d4d42ec92e66f46e", "index":1256, "guid":"0030ec9f-4db6-4fb8-a057-6627e1d4aed4", "isActive":true, "balance":"$8,346.14", "picture":"http://placehold.it/32x32", "age":23, "eyeColor":"blue", "name":"Sellers Wolf", "gender":"male", "company":"KIOSK", "email":"sellerswolf@kiosk.com", "phone":"+1 (917) 452-2023", "address":"539 Coyle Street, Stouchsburg, Ohio, 8900", "about":"Adipisicing in aliqua reprehenderit dolore veniam. Labore nisi occaecat qui amet laborum sunt aute dolore eiusmod ipsum ullamco velit ullamco. Mollit eiusmod tempor ea excepteur sunt eiusmod officia fugiat irure. Nostrud sunt ad ex ex exercitation magna eiusmod ut magna veniam ut dolor laboris. Consequat aute nostrud ad incididunt anim velit mollit dolor incididunt nostrud.\r\n", "registered":"2015-05-09T01:55:02 -07:00", "latitude":-67.084759, "longitude":5.209791, "tags":["reprehenderit", "nisi", "do", "et", "dolore", "enim", "pariatur"], "friends":[{"id":0, "name":"Brittany Lang"}, {"id":1, "name":"Paul Buckner"}, {"id":2, "name":"Alana Cross"}], "greeting":"Hello, Sellers Wolf! You have 9 unread messages.", "favoriteFruit":"apple"}