{"_id":"55e8b8c6fbff4736ddcc0ece", "index":116, "guid":"ddd0c72f-1dac-4256-aeff-99274bf3aa1d", "isActive":true, "balance":"$1,236.34", "picture":"http://placehold.it/32x32", "age":24, "eyeColor":"green", "name":"Crystal Rodgers", "gender":"female", "company":"FUTURIS", "email":"crystalrodgers@futuris.com", "phone":"+1 (885) 443-2850", "address":"630 Celeste Court, Gerber, Maryland, 5545", "about":"Do aliqua duis cillum velit. Cillum reprehenderit proident dolore magna elit exercitation pariatur proident dolor sunt consectetur sunt ea fugiat. Cupidatat eiusmod enim ipsum ea velit ad. Mollit exercitation occaecat in esse veniam consequat do et non dolor tempor et incididunt do. Esse exercitation cupidatat eiusmod aliquip labore. In sint magna culpa do minim dolore laboris consectetur dolore sint esse ipsum voluptate. Officia commodo ullamco elit labore pariatur deserunt anim cupidatat ex.\r\n", "registered":"2014-09-01T08:43:11 -07:00", "latitude":-67.360961, "longitude":41.608716, "tags":["officia", "nisi", "consequat", "elit", "sint", "ea", "mollit"], "friends":[{"id":0, "name":"Dina Rollins"}, {"id":1, "name":"Castaneda Manning"}, {"id":2, "name":"Mccray Moran"}], "greeting":"Hello, Crystal Rodgers! You have 2 unread messages.", "favoriteFruit":"strawberry"}