{"_id":"55e8b8c63dbc11cc8c74797c", "index":1101, "guid":"9ec1af7d-bf54-4a8b-b2e2-3bc26110cfe7", "isActive":true, "balance":"$2,989.64", "picture":"http://placehold.it/32x32", "age":27, "eyeColor":"blue", "name":"Elena Gamble", "gender":"female", "company":"BUZZWORKS", "email":"elenagamble@buzzworks.com", "phone":"+1 (828) 500-2672", "address":"385 Lewis Place, Kenvil, Puerto Rico, 3887", "about":"Ullamco incididunt quis magna nostrud amet sit veniam non voluptate. Quis laborum ad deserunt anim deserunt fugiat aliquip ipsum et consectetur. Ex aliquip adipisicing pariatur ea laboris qui aute ullamco sit. Culpa nisi culpa non occaecat. Labore cillum eiusmod ad elit irure. Ex magna ullamco ex aliqua eu.\r\n", "registered":"2015-04-21T06:45:43 -07:00", "latitude":36.745984, "longitude":77.60215, "tags":["occaecat", "ex", "dolore", "aliquip", "cillum", "est", "ut"], "friends":[{"id":0, "name":"Shana Wright"}, {"id":1, "name":"Mindy Mcguire"}, {"id":2, "name":"Pearl Cote"}], "greeting":"Hello, Elena Gamble! You have 9 unread messages.", "favoriteFruit":"strawberry"}