{"_id":"55e8b8c6dcf97d4312d373ca", "index":101, "guid":"dbd81f95-8a63-4e89-aaf5-3ad91d526f74", "isActive":false, "balance":"$8,451.48", "picture":"http://placehold.it/32x32", "age":40, "eyeColor":"blue", "name":"Greer Potts", "gender":"male", "company":"ZOLAR", "email":"greerpotts@zolar.com", "phone":"+1 (876) 523-2914", "address":"654 Baughman Place, Brookfield, Mississippi, 8127", "about":"Labore non ea amet ut anim culpa anim laboris enim reprehenderit. Fugiat commodo officia culpa sint culpa cillum minim. Deserunt quis magna qui ea incididunt. Cillum ut id amet dolore ipsum non id nostrud amet. Minim sunt quis aute ut.\r\n", "registered":"2015-01-10T01:18:03 -07:00", "latitude":69.708928, "longitude":40.177448, "tags":["excepteur", "eu", "dolore", "mollit", "magna", "pariatur", "ullamco"], "friends":[{"id":0, "name":"Stefanie Dale"}, {"id":1, "name":"Berta Craig"}, {"id":2, "name":"Courtney Head"}], "greeting":"Hello, Greer Potts! You have 2 unread messages.", "favoriteFruit":"banana"}