{"_id":"55e8b8c603107dd5532a3141", "index":1018, "guid":"58461f23-4b11-4c7d-b9a4-7abd4f13b4d7", "isActive":true, "balance":"$1,898.18", "picture":"http://placehold.it/32x32", "age":27, "eyeColor":"blue", "name":"Mccullough Vargas", "gender":"male", "company":"ENAUT", "email":"mcculloughvargas@enaut.com", "phone":"+1 (968) 487-3438", "address":"511 Green Street, Hessville, New Jersey, 7274", "about":"In dolore enim elit esse aute. Aliquip labore exercitation laboris ex voluptate enim do laboris culpa nulla minim laboris. Nostrud esse culpa irure voluptate qui. Elit quis commodo anim et ea in aute. Cillum sit aliquip Lorem fugiat dolore ad aute proident sit cillum ipsum. Cillum ullamco consectetur sit reprehenderit.\r\n", "registered":"2014-07-10T02:41:22 -07:00", "latitude":-30.528396, "longitude":142.821678, "tags":["quis", "eu", "est", "ipsum", "ex", "irure", "anim"], "friends":[{"id":0, "name":"Kent Roman"}, {"id":1, "name":"Irma Rosales"}, {"id":2, "name":"Guerra Hebert"}], "greeting":"Hello, Mccullough Vargas! You have 8 unread messages.", "favoriteFruit":"strawberry"}