{"_id":"55e8b8c6000f6ee82b2e7482", "index":1365, "guid":"168a5845-1bc0-401d-b80d-bfa89c906e61", "isActive":true, "balance":"$7,649.17", "picture":"http://placehold.it/32x32", "age":31, "eyeColor":"brown", "name":"Kayla Rollins", "gender":"female", "company":"BIOHAB", "email":"kaylarollins@biohab.com", "phone":"+1 (853) 551-2934", "address":"104 Jay Street, Maxville, Nebraska, 1524", "about":"Occaecat laborum enim exercitation ullamco occaecat duis excepteur nisi consectetur pariatur magna dolore eu ex. Dolor in est ut duis excepteur. Cillum non quis ullamco ea sit cillum nisi laboris aliqua exercitation irure do commodo. Velit ullamco qui dolor eiusmod culpa.\r\n", "registered":"2014-07-22T01:25:03 -07:00", "latitude":12.634351, "longitude":44.867197, "tags":["adipisicing", "enim", "esse", "sint", "mollit", "adipisicing", "et"], "friends":[{"id":0, "name":"Ellen Manning"}, {"id":1, "name":"Thelma Moran"}, {"id":2, "name":"Robbins Roth"}], "greeting":"Hello, Kayla Rollins! You have 2 unread messages.", "favoriteFruit":"apple"}