{"_id":"55e8b8c6fa14b308bfad6431", "index":1337, "guid":"be9c9024-ebba-4116-bf45-adb6336cd323", "isActive":false, "balance":"$3,477.49", "picture":"http://placehold.it/32x32", "age":39, "eyeColor":"blue", "name":"Marilyn Cochran", "gender":"female", "company":"ELEMANTRA", "email":"marilyncochran@elemantra.com", "phone":"+1 (951) 476-3646", "address":"916 Forrest Street, Wyano, Idaho, 1588", "about":"Incididunt duis ex velit quis eu voluptate. Aliqua incididunt tempor consectetur mollit deserunt eiusmod amet nisi quis dolore voluptate ullamco ea id. Dolor tempor incididunt ad duis ullamco ex. Aliquip minim exercitation proident incididunt nostrud quis eiusmod reprehenderit. Irure quis velit dolore in ex ea velit velit do ea id. Commodo excepteur id aliquip quis mollit proident consequat.\r\n", "registered":"2015-07-04T03:25:31 -07:00", "latitude":10.421377, "longitude":-166.540513, "tags":["culpa", "irure", "Lorem", "id", "dolore", "pariatur", "ea"], "friends":[{"id":0, "name":"Roy Flynn"}, {"id":1, "name":"Alisha Chambers"}, {"id":2, "name":"Farley Daniels"}], "greeting":"Hello, Marilyn Cochran! You have 10 unread messages.", "favoriteFruit":"banana"}