{"_id":"55e8b8c6dd4bd58d1b9e2025", "index":1061, "guid":"73616956-a3a1-4fa2-a6fb-9836743b1ad3", "isActive":false, "balance":"$4,651.42", "picture":"http://placehold.it/32x32", "age":28, "eyeColor":"green", "name":"Bobbi Goodwin", "gender":"female", "company":"AQUAMATE", "email":"bobbigoodwin@aquamate.com", "phone":"+1 (860) 474-3779", "address":"760 Little Street, Kiskimere, Vermont, 1518", "about":"Amet et id consectetur nulla labore. Non sunt eiusmod anim culpa et aute laboris consequat commodo aliqua nisi esse non exercitation. Adipisicing labore nulla amet ea duis culpa culpa. Et cillum sint voluptate irure aute Lorem in incididunt ex. Ea culpa incididunt laborum tempor ea dolor laboris veniam cupidatat est id. Culpa velit laboris aliqua quis dolore. Labore aliqua reprehenderit nulla cillum.\r\n", "registered":"2014-07-09T02:37:53 -07:00", "latitude":60.35687, "longitude":93.057753, "tags":["non", "voluptate", "in", "deserunt", "eiusmod", "ex", "qui"], "friends":[{"id":0, "name":"Collier Wynn"}, {"id":1, "name":"Sanchez Farrell"}, {"id":2, "name":"Rowena Wheeler"}], "greeting":"Hello, Bobbi Goodwin! You have 4 unread messages.", "favoriteFruit":"apple"}