{"_id":"55e8b8c6c5aa47c4e2596351", "index":1159, "guid":"0a6e0ae8-752c-412f-b049-d57490c5d122", "isActive":true, "balance":"$9,223.71", "picture":"http://placehold.it/32x32", "age":29, "eyeColor":"blue", "name":"Andrea Cox", "gender":"female", "company":"MANGELICA", "email":"andreacox@mangelica.com", "phone":"+1 (844) 416-3173", "address":"508 Woodrow Court, Ripley, Puerto Rico, 1711", "about":"Incididunt incididunt commodo occaecat dolor voluptate ipsum officia esse sunt nostrud ullamco duis do. In sunt deserunt ea amet minim excepteur laborum reprehenderit ad consequat officia. Ea magna ipsum eu magna veniam aute. Id minim fugiat id ipsum consequat labore. Sunt labore cillum irure nisi ad in irure magna duis pariatur nulla non ut ad. Ad ex ipsum ex dolor Lorem est occaecat anim. Tempor eu eiusmod ut veniam in et Lorem magna.\r\n", "registered":"2014-06-28T08:53:10 -07:00", "latitude":-82.176341, "longitude":39.808312, "tags":["in", "laborum", "nostrud", "aute", "ipsum", "velit", "reprehenderit"], "friends":[{"id":0, "name":"Thomas Hammond"}, {"id":1, "name":"Robin Ross"}, {"id":2, "name":"Jeanine Harmon"}], "greeting":"Hello, Andrea Cox! You have 9 unread messages.", "favoriteFruit":"strawberry"}