{"_id":"55e8b8c644b79023ade00436", "index":1369, "guid":"ccaff9b6-806c-443f-845e-93eb57cfcb7c", "isActive":true, "balance":"$1,522.27", "picture":"http://placehold.it/32x32", "age":37, "eyeColor":"brown", "name":"Michael Gaines", "gender":"female", "company":"SOFTMICRO", "email":"michaelgaines@softmicro.com", "phone":"+1 (855) 455-2687", "address":"470 Boerum Place, Morgandale, New York, 5318", "about":"Velit Lorem deserunt esse non cillum pariatur. Mollit Lorem ex nisi duis anim aute reprehenderit magna irure pariatur proident amet irure. Pariatur irure reprehenderit nulla ullamco ex eiusmod fugiat aliquip. Deserunt tempor incididunt duis eiusmod Lorem sunt fugiat et eu nulla reprehenderit labore velit magna.\r\n", "registered":"2015-07-11T03:07:49 -07:00", "latitude":44.637695, "longitude":-23.307882, "tags":["Lorem", "magna", "cupidatat", "adipisicing", "aute", "laborum", "laborum"], "friends":[{"id":0, "name":"Beck Montoya"}, {"id":1, "name":"Adele Lyons"}, {"id":2, "name":"Elisa Hood"}], "greeting":"Hello, Michael Gaines! You have 9 unread messages.", "favoriteFruit":"apple"}