{"_id":"55e8b8c6e93b4d1e6c0e1795", "index":1058, "guid":"34c422fb-0459-46a0-a5ae-3116b5a5a1be", "isActive":true, "balance":"$3,858.45", "picture":"http://placehold.it/32x32", "age":36, "eyeColor":"blue", "name":"Saundra Beasley", "gender":"female", "company":"DOGNOST", "email":"saundrabeasley@dognost.com", "phone":"+1 (954) 465-2959", "address":"400 Jackson Court, Kaka, District Of Columbia, 9664", "about":"Sint deserunt ea veniam aute fugiat ex magna incididunt quis nostrud nisi Lorem dolore. Exercitation reprehenderit est eu laboris ea laboris cillum non exercitation. Elit qui enim ex sit exercitation ut id ex culpa consectetur quis sint minim. Aliqua exercitation duis anim exercitation ullamco ipsum veniam eiusmod pariatur et enim id. Minim cupidatat minim in mollit tempor commodo laborum dolor tempor nostrud irure pariatur sint.\r\n", "registered":"2014-06-03T08:33:42 -07:00", "latitude":58.6047, "longitude":-101.291367, "tags":["anim", "eiusmod", "amet", "veniam", "eu", "labore", "dolor"], "friends":[{"id":0, "name":"Roberson Holland"}, {"id":1, "name":"Dena Rosario"}, {"id":2, "name":"Lester Humphrey"}], "greeting":"Hello, Saundra Beasley! You have 1 unread messages.", "favoriteFruit":"banana"}