{"_id":"55e8b8c630a573ebfa1a2920", "index":1078, "guid":"ad659b0b-3264-447f-b0b3-e2d6c84c5547", "isActive":false, "balance":"$5,412.21", "picture":"http://placehold.it/32x32", "age":22, "eyeColor":"brown", "name":"Lamb Cain", "gender":"male", "company":"AQUACINE", "email":"lambcain@aquacine.com", "phone":"+1 (957) 589-2695", "address":"775 Kathleen Court, Calverton, Arizona, 9715", "about":"Quis adipisicing ut ullamco minim aliqua nostrud culpa aliquip incididunt irure duis consequat. Labore sint non veniam amet consequat sint ex in anim commodo excepteur est. Duis fugiat sit mollit cillum duis. Enim pariatur qui dolore ullamco fugiat qui ea elit aliqua amet. Duis eu proident nulla aute qui ut labore proident adipisicing id.\r\n", "registered":"2015-05-19T08:22:02 -07:00", "latitude":58.963387, "longitude":-129.145801, "tags":["veniam", "laboris", "laborum", "in", "tempor", "amet", "in"], "friends":[{"id":0, "name":"Salinas Mccall"}, {"id":1, "name":"Lynette Owens"}, {"id":2, "name":"Holmes Ayala"}], "greeting":"Hello, Lamb Cain! You have 3 unread messages.", "favoriteFruit":"strawberry"}