{"_id":"55e8b8c6d05fb4bec774458a", "index":1152, "guid":"6130d532-4ab8-4180-be47-5321775ed6bc", "isActive":true, "balance":"$9,464.57", "picture":"http://placehold.it/32x32", "age":31, "eyeColor":"green", "name":"Kemp Hanson", "gender":"male", "company":"IMANT", "email":"kemphanson@imant.com", "phone":"+1 (896) 414-3589", "address":"173 Independence Avenue, Stollings, Louisiana, 8892", "about":"Qui pariatur sint dolore esse excepteur duis consequat. Velit aute aliqua esse duis ipsum. Laboris incididunt irure anim minim velit pariatur culpa magna incididunt eiusmod culpa anim. Culpa enim non culpa dolore proident voluptate reprehenderit aliqua laboris adipisicing aliqua nulla aute sunt. Do elit consectetur et cillum sunt consectetur. Ut velit consequat pariatur nisi fugiat proident consequat incididunt in ex mollit adipisicing fugiat consequat.\r\n", "registered":"2014-01-17T11:47:48 -07:00", "latitude":-84.036004, "longitude":-77.607957, "tags":["sunt", "ad", "proident", "qui", "laborum", "occaecat", "mollit"], "friends":[{"id":0, "name":"Carey Duke"}, {"id":1, "name":"Edwina Mcdonald"}, {"id":2, "name":"Shields Hardin"}], "greeting":"Hello, Kemp Hanson! You have 10 unread messages.", "favoriteFruit":"apple"}