{"_id":"55e8b8c65c901245d6723505", "index":1133, "guid":"82c6ff33-861f-4fc8-8701-bd3e89d213e1", "isActive":true, "balance":"$8,788.16", "picture":"http://placehold.it/32x32", "age":24, "eyeColor":"blue", "name":"Knight Warner", "gender":"male", "company":"CEDWARD", "email":"knightwarner@cedward.com", "phone":"+1 (922) 488-3810", "address":"323 Desmond Court, Southview, Nebraska, 7423", "about":"Qui adipisicing nulla est ut. Laborum sit mollit anim id in nostrud eiusmod pariatur eiusmod velit proident consectetur enim aliqua. Aute deserunt est officia culpa non in duis tempor sunt mollit nulla. Minim eiusmod nulla labore excepteur cillum nulla est aute consectetur. Nisi magna elit reprehenderit nisi fugiat tempor consectetur consectetur quis minim ex sit in veniam. Eu consequat nostrud do aliquip non excepteur non nulla. In labore esse et culpa.\r\n", "registered":"2015-05-03T06:54:43 -07:00", "latitude":38.839766, "longitude":48.402299, "tags":["dolor", "aliquip", "elit", "occaecat", "amet", "sunt", "culpa"], "friends":[{"id":0, "name":"Mckinney Williams"}, {"id":1, "name":"Dalton Giles"}, {"id":2, "name":"Cook Conner"}], "greeting":"Hello, Knight Warner! You have 1 unread messages.", "favoriteFruit":"strawberry"}