{"_id":"55e8b8c6a8d172e4b65ddc5b", "index":1154, "guid":"957742cc-9b7a-467f-a165-ce6a236122c1", "isActive":false, "balance":"$6,554.70", "picture":"http://placehold.it/32x32", "age":39, "eyeColor":"green", "name":"Ernestine Poole", "gender":"female", "company":"COMCUBINE", "email":"ernestinepoole@comcubine.com", "phone":"+1 (842) 400-2143", "address":"793 Montauk Avenue, Haena, West Virginia, 9010", "about":"Nulla nisi et cupidatat minim officia labore aute deserunt qui. Exercitation reprehenderit id id elit duis sunt reprehenderit est fugiat. In sunt non sunt consequat anim deserunt.\r\n", "registered":"2015-02-22T09:26:10 -07:00", "latitude":-88.673229, "longitude":-155.11483, "tags":["duis", "proident", "amet", "consectetur", "amet", "irure", "labore"], "friends":[{"id":0, "name":"Laura Good"}, {"id":1, "name":"Cindy Gross"}, {"id":2, "name":"Guzman Rosa"}], "greeting":"Hello, Ernestine Poole! You have 3 unread messages.", "favoriteFruit":"apple"}