{"_id":"55e8b8c65dcb8cb03e53fadc", "index":1252, "guid":"c86017a0-a277-40da-b8d2-35d799b65b54", "isActive":true, "balance":"$7,308.01", "picture":"http://placehold.it/32x32", "age":26, "eyeColor":"brown", "name":"Mullins Bowen", "gender":"male", "company":"SPORTAN", "email":"mullinsbowen@sportan.com", "phone":"+1 (817) 447-3371", "address":"571 Colonial Road, Linwood, Arizona, 7950", "about":"Dolore veniam adipisicing tempor commodo in ex. Eu quis quis duis consectetur ipsum ut est ex commodo magna commodo exercitation. Consequat nisi consectetur eiusmod commodo esse dolore deserunt dolor reprehenderit occaecat officia aliqua tempor. Proident magna proident ullamco dolore proident consectetur ad mollit amet cillum commodo aliquip ut elit. Culpa cillum veniam esse elit laborum incididunt exercitation sunt ex id id nisi cupidatat.\r\n", "registered":"2015-03-24T08:29:26 -07:00", "latitude":-73.476022, "longitude":-72.348837, "tags":["fugiat", "minim", "reprehenderit", "sit", "duis", "reprehenderit", "irure"], "friends":[{"id":0, "name":"Randall Wagner"}, {"id":1, "name":"Wilcox Calhoun"}, {"id":2, "name":"Jennifer Newton"}], "greeting":"Hello, Mullins Bowen! You have 2 unread messages.", "favoriteFruit":"strawberry"}