{"_id":"55e8b8c695dd8119999ce8ca", "index":1142, "guid":"ca000f13-7d1e-40a2-959f-5e7d612d93b9", "isActive":true, "balance":"$8,433.58", "picture":"http://placehold.it/32x32", "age":38, "eyeColor":"blue", "name":"Ollie Franco", "gender":"female", "company":"PLASMOSIS", "email":"olliefranco@plasmosis.com", "phone":"+1 (976) 549-3566", "address":"240 Rockaway Avenue, Camptown, Wyoming, 3049", "about":"Sunt fugiat officia officia irure dolore sit aliquip magna. Amet veniam fugiat laboris labore laboris magna irure magna mollit mollit laborum veniam. In nulla sunt deserunt dolore voluptate ipsum dolor velit sint ad.\r\n", "registered":"2015-04-30T02:28:57 -07:00", "latitude":89.397533, "longitude":69.260615, "tags":["ut", "laboris", "enim", "ut", "elit", "irure", "in"], "friends":[{"id":0, "name":"Marissa Weeks"}, {"id":1, "name":"Gates Santana"}, {"id":2, "name":"Gordon Roberts"}], "greeting":"Hello, Ollie Franco! You have 1 unread messages.", "favoriteFruit":"apple"}