{"_id":"55e8b8c6a55dc53fb6b45907", "index":1097, "guid":"8133d83d-4794-4425-926f-dd95ea9e76da", "isActive":false, "balance":"$6,679.91", "picture":"http://placehold.it/32x32", "age":36, "eyeColor":"blue", "name":"Deana Barber", "gender":"female", "company":"CENTREGY", "email":"deanabarber@centregy.com", "phone":"+1 (873) 422-2555", "address":"360 Hope Street, Fidelis, Maine, 880", "about":"Culpa voluptate sit deserunt voluptate quis sit occaecat qui consectetur. Occaecat ipsum exercitation ex et. In elit elit eiusmod sunt irure amet do elit est nostrud ad exercitation consequat ut. Eu ut labore in sint laboris id ut duis qui est non. Ex anim qui quis aute consequat est fugiat do nisi amet adipisicing.\r\n", "registered":"2014-09-05T01:26:32 -07:00", "latitude":82.816596, "longitude":-33.10172, "tags":["eu", "deserunt", "dolor", "Lorem", "nostrud", "consequat", "reprehenderit"], "friends":[{"id":0, "name":"Mercedes Sargent"}, {"id":1, "name":"Randolph Vance"}, {"id":2, "name":"Isabel Carter"}], "greeting":"Hello, Deana Barber! You have 1 unread messages.", "favoriteFruit":"apple"}