{"_id":"55e8b8c6d970c8395cd6508e", "index":1384, "guid":"d5ca6e88-2f18-431d-8227-5c747eb838bc", "isActive":false, "balance":"$3,019.79", "picture":"http://placehold.it/32x32", "age":32, "eyeColor":"green", "name":"Mayo Dickson", "gender":"male", "company":"ISOTRONIC", "email":"mayodickson@isotronic.com", "phone":"+1 (931) 514-2650", "address":"190 Overbaugh Place, Springdale, Louisiana, 9511", "about":"Nostrud laborum fugiat reprehenderit nulla nulla pariatur cupidatat amet et eiusmod dolor amet. Sint pariatur eiusmod dolor voluptate. Do eiusmod consectetur est exercitation deserunt aliqua nisi. Aliqua dolore cillum adipisicing laborum in. Id deserunt incididunt nostrud mollit ex do. Est enim nostrud eu enim magna incididunt irure. Sit nulla duis et amet et deserunt do nostrud.\r\n", "registered":"2014-06-24T12:32:45 -07:00", "latitude":65.153235, "longitude":-142.493608, "tags":["exercitation", "proident", "Lorem", "aliqua", "occaecat", "in", "irure"], "friends":[{"id":0, "name":"Elma Jordan"}, {"id":1, "name":"Weiss Walls"}, {"id":2, "name":"Helen Bryan"}], "greeting":"Hello, Mayo Dickson! You have 9 unread messages.", "favoriteFruit":"apple"}