{"_id":"55e8b8c62dd3def39ee2dfa8", "index":1399, "guid":"9193b8ef-9b23-4cb1-a1a3-0043440b5c52", "isActive":false, "balance":"$7,172.69", "picture":"http://placehold.it/32x32", "age":22, "eyeColor":"green", "name":"Hensley Glass", "gender":"male", "company":"VIAGREAT", "email":"hensleyglass@viagreat.com", "phone":"+1 (913) 591-3116", "address":"798 McClancy Place, Biehle, Illinois, 7075", "about":"Qui aute consequat occaecat ea minim labore officia culpa. Mollit aute anim sit cupidatat. Consectetur id eu id aliqua culpa enim ad sit excepteur occaecat nulla duis incididunt deserunt. Mollit eiusmod fugiat enim ullamco ullamco ut mollit proident deserunt reprehenderit velit eu voluptate. Do excepteur deserunt cillum ullamco.\r\n", "registered":"2014-01-03T04:06:35 -07:00", "latitude":-75.412677, "longitude":-128.923723, "tags":["aliquip", "id", "aute", "deserunt", "eu", "in", "aliqua"], "friends":[{"id":0, "name":"Navarro Calderon"}, {"id":1, "name":"Leona Morris"}, {"id":2, "name":"Kelly Irwin"}], "greeting":"Hello, Hensley Glass! You have 3 unread messages.", "favoriteFruit":"strawberry"}