{"_id":"55e8b8c6dbbe32e1de84fb05", "index":119, "guid":"b1a60048-3898-4d13-9330-29416be93678", "isActive":false, "balance":"$8,677.61", "picture":"http://placehold.it/32x32", "age":32, "eyeColor":"blue", "name":"Terry Ingram", "gender":"female", "company":"ECSTASIA", "email":"terryingram@ecstasia.com", "phone":"+1 (916) 496-3840", "address":"681 Tompkins Avenue, Belfair, Idaho, 222", "about":"Sunt consequat adipisicing do nostrud. Mollit eu id ut fugiat sit et. Adipisicing labore sunt dolore minim ad adipisicing. Dolore ullamco consequat aute laborum dolore Lorem labore exercitation tempor adipisicing in ipsum. Sunt sint aute quis adipisicing mollit esse non labore. Irure non dolore quis irure.\r\n", "registered":"2014-05-16T09:20:39 -07:00", "latitude":66.145965, "longitude":64.439728, "tags":["enim", "ipsum", "enim", "aliquip", "veniam", "ut", "occaecat"], "friends":[{"id":0, "name":"Watson Gill"}, {"id":1, "name":"Bette Vasquez"}, {"id":2, "name":"Roslyn Melendez"}], "greeting":"Hello, Terry Ingram! You have 6 unread messages.", "favoriteFruit":"banana"}