{"_id":"55e8b8c6465aca2b71de36fa", "index":1271, "guid":"981dfa30-3313-48a9-a624-8c3d225188bb", "isActive":false, "balance":"$8,246.60", "picture":"http://placehold.it/32x32", "age":28, "eyeColor":"green", "name":"Buck Rivera", "gender":"male", "company":"COLAIRE", "email":"buckrivera@colaire.com", "phone":"+1 (929) 569-2311", "address":"606 Concord Street, Aurora, Maine, 2790", "about":"Adipisicing deserunt anim id proident aute commodo pariatur sunt excepteur. Duis labore sit fugiat deserunt esse ullamco. Ut voluptate excepteur velit mollit non commodo laboris. Elit labore est reprehenderit elit sit in consectetur proident aliqua eiusmod. Aliquip amet esse sit laborum. Incididunt in Lorem amet ut mollit consectetur mollit veniam. Anim sit cillum pariatur adipisicing enim exercitation nulla.\r\n", "registered":"2015-08-16T11:23:57 -07:00", "latitude":-58.130078, "longitude":-22.501699, "tags":["sunt", "non", "laboris", "aute", "non", "velit", "fugiat"], "friends":[{"id":0, "name":"Dixie Browning"}, {"id":1, "name":"Heidi Sheppard"}, {"id":2, "name":"Yesenia Ramirez"}], "greeting":"Hello, Buck Rivera! You have 7 unread messages.", "favoriteFruit":"apple"}