{"_id":"55e8b8c65dffb19b90a799ce", "index":1100, "guid":"6b1a6931-213f-438a-9ed7-41f16da63755", "isActive":false, "balance":"$2,209.92", "picture":"http://placehold.it/32x32", "age":26, "eyeColor":"brown", "name":"Vang Potts", "gender":"male", "company":"ZOLAR", "email":"vangpotts@zolar.com", "phone":"+1 (967) 532-2112", "address":"961 Baughman Place, Brookfield, American Samoa, 3954", "about":"Incididunt sint sunt dolore ipsum ipsum anim duis ullamco in minim non sint. Magna aliqua sint excepteur dolor laborum. Nisi sunt anim deserunt veniam ea adipisicing magna. Voluptate amet tempor proident ea occaecat enim ea commodo voluptate nulla. Id ad consequat consectetur Lorem tempor dolore ea irure veniam ea voluptate ut ad sunt.\r\n", "registered":"2014-11-05T12:47:20 -07:00", "latitude":73.407826, "longitude":139.753453, "tags":["fugiat", "ex", "id", "amet", "qui", "dolor", "aliquip"], "friends":[{"id":0, "name":"Tia Dale"}, {"id":1, "name":"Sweeney Craig"}, {"id":2, "name":"Nolan Head"}], "greeting":"Hello, Vang Potts! You have 3 unread messages.", "favoriteFruit":"banana"}