{"_id":"55e8b8c693e2eceb6da1df3e", "index":1178, "guid":"10dd37de-1ee7-4f6d-b867-f0720ae75e5f", "isActive":true, "balance":"$6,955.43", "picture":"http://placehold.it/32x32", "age":36, "eyeColor":"green", "name":"Justice Hooper", "gender":"male", "company":"QUANTALIA", "email":"justicehooper@quantalia.com", "phone":"+1 (843) 540-3975", "address":"390 Sumpter Street, Southmont, Indiana, 6028", "about":"Ea sunt consequat dolor velit ipsum excepteur et nulla. Commodo laborum ad est velit reprehenderit nulla proident culpa ex aute. Reprehenderit eu voluptate ipsum ullamco.\r\n", "registered":"2014-01-31T10:27:45 -07:00", "latitude":57.010312, "longitude":-64.465634, "tags":["exercitation", "laboris", "voluptate", "non", "aliqua", "commodo", "irure"], "friends":[{"id":0, "name":"Jan Molina"}, {"id":1, "name":"Cummings Ryan"}, {"id":2, "name":"Riggs Ferguson"}], "greeting":"Hello, Justice Hooper! You have 2 unread messages.", "favoriteFruit":"strawberry"}