{"_id":"55e8b8c6bb69be542bf9f9fa", "index":1349, "guid":"0406c32b-38d2-415e-9e58-19a81d8c73c0", "isActive":false, "balance":"$7,834.55", "picture":"http://placehold.it/32x32", "age":33, "eyeColor":"brown", "name":"Kay Park", "gender":"female", "company":"ZENTIA", "email":"kaypark@zentia.com", "phone":"+1 (861) 417-3266", "address":"850 Wolcott Street, Ticonderoga, Massachusetts, 3425", "about":"Deserunt adipisicing deserunt magna nisi id consectetur cillum fugiat occaecat eiusmod enim dolor. Duis excepteur laboris labore aliquip incididunt aute excepteur reprehenderit. Qui occaecat fugiat ipsum do officia minim reprehenderit excepteur proident ea quis tempor voluptate labore. Lorem laboris do magna magna non deserunt sit velit adipisicing non.\r\n", "registered":"2014-11-07T09:41:32 -07:00", "latitude":-62.849116, "longitude":57.983948, "tags":["sunt", "deserunt", "dolor", "culpa", "fugiat", "velit", "irure"], "friends":[{"id":0, "name":"Hendrix Reese"}, {"id":1, "name":"Stephens Brown"}, {"id":2, "name":"Gayle Potts"}], "greeting":"Hello, Kay Park! You have 9 unread messages.", "favoriteFruit":"strawberry"}