{"_id":"55e8b8c6c01daee99eac48b5", "index":1336, "guid":"28a841e2-ae71-4885-bd89-5e0cbe4fe378", "isActive":true, "balance":"$2,687.05", "picture":"http://placehold.it/32x32", "age":34, "eyeColor":"green", "name":"Rodgers Pate", "gender":"male", "company":"ENTROPIX", "email":"rodgerspate@entropix.com", "phone":"+1 (867) 506-3838", "address":"418 Kansas Place, Babb, Hawaii, 8704", "about":"Exercitation ex labore do fugiat proident eiusmod duis dolor cupidatat amet non sit. Deserunt sit pariatur proident reprehenderit mollit labore consectetur in non proident duis sint pariatur laborum. Consequat fugiat aliqua occaecat velit velit. Fugiat ea aliqua excepteur deserunt nisi id duis mollit eu aliquip reprehenderit et sint Lorem. Pariatur ut qui enim eiusmod. Adipisicing irure dolore id qui dolor dolor nulla Lorem Lorem nostrud non pariatur sint aliqua.\r\n", "registered":"2014-11-01T03:37:18 -07:00", "latitude":-49.913677, "longitude":-115.360736, "tags":["enim", "proident", "incididunt", "culpa", "excepteur", "ex", "non"], "friends":[{"id":0, "name":"Mary Kelley"}, {"id":1, "name":"Carly Doyle"}, {"id":2, "name":"Winnie West"}], "greeting":"Hello, Rodgers Pate! You have 6 unread messages.", "favoriteFruit":"banana"}