{"_id":"55e8b8c6cf88e5d37387d127", "index":1429, "guid":"065b8f9e-3656-4ce3-a0be-399cec112bd1", "isActive":false, "balance":"$9,924.77", "picture":"http://placehold.it/32x32", "age":22, "eyeColor":"brown", "name":"Herman Gentry", "gender":"male", "company":"IMPERIUM", "email":"hermangentry@imperium.com", "phone":"+1 (917) 511-3062", "address":"269 Bergen Place, Valle, Arkansas, 7306", "about":"Veniam elit magna non nulla quis reprehenderit incididunt laboris occaecat ad sunt quis sit. Minim id consequat velit cupidatat consectetur anim commodo esse excepteur est qui velit voluptate. Est amet ea adipisicing consectetur esse officia deserunt ad fugiat do amet esse et. Proident eu ad esse elit deserunt cupidatat esse ipsum aute. Elit et reprehenderit duis elit excepteur est adipisicing enim Lorem eiusmod consequat.\r\n", "registered":"2014-01-29T01:37:24 -07:00", "latitude":66.665735, "longitude":45.8567, "tags":["magna", "Lorem", "culpa", "quis", "anim", "non", "ex"], "friends":[{"id":0, "name":"Maria Mcleod"}, {"id":1, "name":"Goldie Wilkinson"}, {"id":2, "name":"Ella Callahan"}], "greeting":"Hello, Herman Gentry! You have 3 unread messages.", "favoriteFruit":"strawberry"}