{"_id":"55e8b8c6f91b45a30f7fd694", "index":1161, "guid":"f21b2dcd-90fb-4858-8d0b-139caedd7ff0", "isActive":true, "balance":"$9,780.36", "picture":"http://placehold.it/32x32", "age":21, "eyeColor":"brown", "name":"Lewis Sandoval", "gender":"male", "company":"GEOFORM", "email":"lewissandoval@geoform.com", "phone":"+1 (886) 482-3894", "address":"847 Ash Street, Carlton, Nevada, 6039", "about":"Veniam exercitation anim officia cupidatat cillum. Ad aliqua non quis culpa ex nisi duis quis sit laborum nostrud culpa cillum aute. Culpa sunt ullamco non exercitation amet tempor velit elit fugiat. Irure cillum id laboris exercitation ut et cupidatat ea. Mollit est amet in cillum amet est ea ea sunt fugiat.\r\n", "registered":"2014-12-16T02:47:25 -07:00", "latitude":-72.625568, "longitude":-84.366399, "tags":["incididunt", "culpa", "officia", "ea", "anim", "ut", "ut"], "friends":[{"id":0, "name":"Watts Branch"}, {"id":1, "name":"Buckley Rodriguez"}, {"id":2, "name":"Annabelle Lamb"}], "greeting":"Hello, Lewis Sandoval! You have 4 unread messages.", "favoriteFruit":"strawberry"}