{"_id":"55e8b8c6ac8aeb2de3243a79", "index":1313, "guid":"6497305f-2f63-4cea-a73e-e0933c4dba76", "isActive":false, "balance":"$9,616.08", "picture":"http://placehold.it/32x32", "age":32, "eyeColor":"blue", "name":"Reynolds Oneal", "gender":"male", "company":"QUIZMO", "email":"reynoldsoneal@quizmo.com", "phone":"+1 (920) 560-2788", "address":"742 Prospect Avenue, Grenelefe, Arkansas, 3368", "about":"Laboris nulla aute proident aute enim anim. Nulla consectetur commodo excepteur anim cupidatat commodo cillum incididunt. Duis nostrud in minim aliqua velit labore adipisicing. Magna est ea nisi eu ipsum consequat magna laboris et.\r\n", "registered":"2014-10-21T05:27:16 -07:00", "latitude":-61.210572, "longitude":44.162131, "tags":["non", "mollit", "incididunt", "ex", "officia", "consectetur", "exercitation"], "friends":[{"id":0, "name":"Opal House"}, {"id":1, "name":"Workman Farley"}, {"id":2, "name":"Carpenter Beach"}], "greeting":"Hello, Reynolds Oneal! You have 4 unread messages.", "favoriteFruit":"strawberry"}