{"_id":"55e8b8c62bddfa92c16c6129", "index":1098, "guid":"01709707-bdf2-4712-9414-6325fb0f8bf1", "isActive":false, "balance":"$2,660.73", "picture":"http://placehold.it/32x32", "age":24, "eyeColor":"green", "name":"Campos Miranda", "gender":"male", "company":"ARTWORLDS", "email":"camposmiranda@artworlds.com", "phone":"+1 (841) 421-3457", "address":"201 Diamond Street, Ebro, Virgin Islands, 1673", "about":"Magna est nisi cillum laboris esse quis anim occaecat. Exercitation sint ut voluptate deserunt officia sit enim sint cupidatat ea consectetur duis mollit nostrud. Ullamco qui fugiat ut adipisicing proident Lorem ad quis eu fugiat ea eiusmod pariatur. Excepteur do excepteur esse excepteur nostrud voluptate ullamco sint deserunt adipisicing sint sunt. Velit enim pariatur minim dolor ut. Voluptate officia reprehenderit cupidatat mollit quis fugiat do mollit elit ad. Veniam deserunt officia proident ea labore pariatur esse et.\r\n", "registered":"2015-08-15T06:20:29 -07:00", "latitude":-6.930224, "longitude":134.439829, "tags":["eiusmod", "ullamco", "id", "id", "officia", "excepteur", "mollit"], "friends":[{"id":0, "name":"Dorothy Spence"}, {"id":1, "name":"Maureen Clements"}, {"id":2, "name":"Patrica Carlson"}], "greeting":"Hello, Campos Miranda! You have 6 unread messages.", "favoriteFruit":"apple"}