{"_id":"55e8b8c65059c5e202625686", "index":1255, "guid":"bab0d813-d7a1-44ce-82af-81955917719a", "isActive":false, "balance":"$6,878.95", "picture":"http://placehold.it/32x32", "age":32, "eyeColor":"blue", "name":"Burton Castillo", "gender":"male", "company":"LUXURIA", "email":"burtoncastillo@luxuria.com", "phone":"+1 (806) 446-3371", "address":"727 Brighton Avenue, Martinez, Arkansas, 2186", "about":"Aliqua qui nisi eu minim laboris aliqua amet dolore consectetur ad nostrud. Proident ex ipsum sint ea non. Ea ullamco tempor nisi aute exercitation proident non.\r\n", "registered":"2014-11-17T11:17:02 -07:00", "latitude":64.814734, "longitude":-60.817366, "tags":["consectetur", "amet", "aliqua", "cillum", "sunt", "sint", "et"], "friends":[{"id":0, "name":"Smith Townsend"}, {"id":1, "name":"Earnestine Guzman"}, {"id":2, "name":"Arline Moon"}], "greeting":"Hello, Burton Castillo! You have 6 unread messages.", "favoriteFruit":"apple"}