{"_id":"55e8b8c607cd301904112147", "index":1324, "guid":"b143859c-1577-43e9-a270-4bd9f7c3cb28", "isActive":false, "balance":"$8,453.20", "picture":"http://placehold.it/32x32", "age":40, "eyeColor":"blue", "name":"Odessa Perry", "gender":"female", "company":"ZIPAK", "email":"odessaperry@zipak.com", "phone":"+1 (859) 518-2612", "address":"561 Preston Court, Lynn, Florida, 6871", "about":"Voluptate labore excepteur tempor amet cupidatat sunt mollit amet excepteur velit. Veniam consectetur sit culpa laboris magna duis est ullamco esse aute anim sint proident. Cupidatat aute irure aliqua minim ullamco anim adipisicing cillum aute proident. Cupidatat aute consectetur tempor ullamco dolore enim commodo consectetur tempor commodo. Occaecat ex excepteur ullamco aliqua sit. Fugiat qui amet enim et fugiat est consequat qui. Occaecat enim consequat irure ex sint culpa amet et do reprehenderit.\r\n", "registered":"2014-11-21T03:48:14 -07:00", "latitude":12.800259, "longitude":-112.843293, "tags":["excepteur", "cupidatat", "culpa", "eiusmod", "reprehenderit", "labore", "Lorem"], "friends":[{"id":0, "name":"Walters Raymond"}, {"id":1, "name":"Hunt Fuentes"}, {"id":2, "name":"Ingram Aguilar"}], "greeting":"Hello, Odessa Perry! You have 2 unread messages.", "favoriteFruit":"banana"}