{"_id":"55e8b8c685b593c3a8849d46", "index":1340, "guid":"ecea9c11-9f4f-4d32-b423-dae509c701ba", "isActive":false, "balance":"$746.90", "picture":"http://placehold.it/32x32", "age":31, "eyeColor":"brown", "name":"Moreno Curry", "gender":"male", "company":"ENTALITY", "email":"morenocurry@entality.com", "phone":"+1 (966) 524-3122", "address":"918 Sullivan Street, Greer, Kansas, 5206", "about":"Sit consectetur veniam mollit ullamco mollit ad laborum nulla. Ex aliquip laborum consequat adipisicing nulla officia. Elit reprehenderit et ullamco minim sit ut exercitation esse duis tempor fugiat laborum. Pariatur commodo ad ut in sint veniam excepteur labore proident anim elit nisi. Veniam dolore laboris id veniam elit minim. Laboris laborum nulla nulla ut dolore labore cupidatat reprehenderit non nisi incididunt. Eiusmod tempor consectetur id commodo ipsum incididunt incididunt tempor ad voluptate.\r\n", "registered":"2014-11-07T05:58:41 -07:00", "latitude":9.819625, "longitude":64.522932, "tags":["mollit", "pariatur", "nulla", "magna", "et", "amet", "deserunt"], "friends":[{"id":0, "name":"Russo Bass"}, {"id":1, "name":"Mcintosh Waller"}, {"id":2, "name":"Genevieve Small"}], "greeting":"Hello, Moreno Curry! You have 4 unread messages.", "favoriteFruit":"strawberry"}