{"_id":"55e8b8c6166e0e6ff31fa110", "index":106, "guid":"4ec70992-2761-46ea-b790-226a449067ba", "isActive":true, "balance":"$8,813.84", "picture":"http://placehold.it/32x32", "age":30, "eyeColor":"green", "name":"Rosa Simmons", "gender":"male", "company":"XUMONK", "email":"rosasimmons@xumonk.com", "phone":"+1 (873) 420-3394", "address":"707 Fillmore Place, Lumberton, Florida, 2508", "about":"Irure ipsum commodo deserunt sit eiusmod excepteur eiusmod ex anim non magna. Nisi anim in enim nisi fugiat cillum anim nostrud mollit laborum culpa commodo sit. Culpa officia ex mollit voluptate dolor elit esse. Enim dolore laboris dolore duis labore cupidatat eiusmod pariatur ullamco veniam.\r\n", "registered":"2014-10-02T04:35:01 -07:00", "latitude":81.391959, "longitude":48.552747, "tags":["nulla", "proident", "nisi", "officia", "ad", "tempor", "ullamco"], "friends":[{"id":0, "name":"Joanne Thompson"}, {"id":1, "name":"Leon Heath"}, {"id":2, "name":"Tammie Sharpe"}], "greeting":"Hello, Rosa Simmons! You have 4 unread messages.", "favoriteFruit":"apple"}