{"_id":"55e8b8c6786b2eb6323968a6", "index":1148, "guid":"f3168740-a756-42e8-9018-0482fa490e8c", "isActive":false, "balance":"$5,054.91", "picture":"http://placehold.it/32x32", "age":37, "eyeColor":"brown", "name":"Veronica Mcbride", "gender":"female", "company":"ECRATER", "email":"veronicamcbride@ecrater.com", "phone":"+1 (886) 458-3477", "address":"586 Otsego Street, Brady, South Carolina, 2157", "about":"Nulla cillum veniam amet aliquip sit commodo officia velit reprehenderit non exercitation laboris deserunt occaecat. Sit in voluptate enim anim reprehenderit nulla sint non. Mollit ullamco mollit non consequat mollit ex ullamco eu. Deserunt id reprehenderit consectetur labore quis ipsum mollit cupidatat.\r\n", "registered":"2014-04-27T09:20:22 -07:00", "latitude":0.662971, "longitude":-52.079305, "tags":["officia", "incididunt", "do", "ipsum", "voluptate", "proident", "labore"], "friends":[{"id":0, "name":"Mattie Carroll"}, {"id":1, "name":"Bolton Caldwell"}, {"id":2, "name":"Adrienne Moses"}], "greeting":"Hello, Veronica Mcbride! You have 10 unread messages.", "favoriteFruit":"strawberry"}