{"_id":"55e8b8c67699ab8eb90ae574", "index":1351, "guid":"dda2efa3-770b-441f-85bb-eadb949d537b", "isActive":true, "balance":"$3,788.53", "picture":"http://placehold.it/32x32", "age":35, "eyeColor":"brown", "name":"Maude Wright", "gender":"female", "company":"SONGBIRD", "email":"maudewright@songbird.com", "phone":"+1 (924) 542-3535", "address":"642 Campus Road, Clara, Vermont, 6447", "about":"Magna aute consequat laborum labore est ex ullamco sit veniam aute voluptate proident. Esse deserunt ullamco ullamco quis non aliquip aliquip qui ad Lorem officia aliqua Lorem officia. Laboris excepteur qui fugiat amet qui dolore tempor proident incididunt laboris magna pariatur. Aute cillum occaecat id minim ex anim. Ut adipisicing adipisicing occaecat laborum incididunt culpa cupidatat ex non adipisicing proident.\r\n", "registered":"2015-07-03T03:43:42 -07:00", "latitude":11.728665, "longitude":177.172788, "tags":["fugiat", "sit", "ullamco", "velit", "est", "dolore", "elit"], "friends":[{"id":0, "name":"Lorna Mcguire"}, {"id":1, "name":"Hicks Cote"}, {"id":2, "name":"Barbara Patrick"}], "greeting":"Hello, Maude Wright! You have 10 unread messages.", "favoriteFruit":"banana"}