{"_id":"55e8b8c6d86591dd979c6b75", "index":126, "guid":"7bfce5b8-2a47-4fac-b9fc-4789de858a16", "isActive":true, "balance":"$7,039.66", "picture":"http://placehold.it/32x32", "age":34, "eyeColor":"brown", "name":"Figueroa Sawyer", "gender":"male", "company":"SUPREMIA", "email":"figueroasawyer@supremia.com", "phone":"+1 (983) 457-3259", "address":"898 National Drive, Rote, Federated States Of Micronesia, 3004", "about":"Qui in proident pariatur eu laboris irure. Sint officia deserunt nisi est sit do magna. Tempor laborum elit est elit non. Dolore aliquip elit quis ex exercitation aliqua laborum ipsum aliquip. Lorem esse et elit non aliquip elit officia laborum est cillum deserunt duis magna. Dolor culpa quis consectetur enim aliqua occaecat duis sit adipisicing non laboris.\r\n", "registered":"2014-04-12T11:40:27 -07:00", "latitude":10.083698, "longitude":178.782958, "tags":["amet", "esse", "excepteur", "ea", "nulla", "officia", "sit"], "friends":[{"id":0, "name":"Charity Mcfarland"}, {"id":1, "name":"Dominique Yates"}, {"id":2, "name":"Martinez Collier"}], "greeting":"Hello, Figueroa Sawyer! You have 1 unread messages.", "favoriteFruit":"banana"}