{"_id":"55e8b8c60b3995efec1b34b4", "index":1051, "guid":"ebb49e98-41a5-4e7d-9cfc-1386306f8b1d", "isActive":false, "balance":"$7,607.56", "picture":"http://placehold.it/32x32", "age":25, "eyeColor":"brown", "name":"York Marshall", "gender":"male", "company":"JASPER", "email":"yorkmarshall@jasper.com", "phone":"+1 (908) 523-3273", "address":"330 Garden Street, Singer, Illinois, 1275", "about":"Consectetur nostrud do duis fugiat mollit reprehenderit ut. Magna proident eiusmod officia velit commodo magna qui voluptate do dolore mollit velit proident. Laborum veniam consectetur magna in irure sunt adipisicing est elit.\r\n", "registered":"2015-02-22T10:38:12 -07:00", "latitude":10.159396, "longitude":24.028889, "tags":["in", "commodo", "nostrud", "qui", "adipisicing", "occaecat", "non"], "friends":[{"id":0, "name":"Wolfe Odom"}, {"id":1, "name":"Carole Cameron"}, {"id":2, "name":"Aurora Matthews"}], "greeting":"Hello, York Marshall! You have 8 unread messages.", "favoriteFruit":"strawberry"}