{"_id":"55e8b8c6ed4ef63dbe32c2ba", "index":1223, "guid":"a6f90b70-8d41-48ba-bd3e-ce68a7a43a16", "isActive":false, "balance":"$6,926.89", "picture":"http://placehold.it/32x32", "age":24, "eyeColor":"brown", "name":"Rutledge Day", "gender":"male", "company":"OVERFORK", "email":"rutledgeday@overfork.com", "phone":"+1 (831) 586-3465", "address":"211 Thatford Avenue, Kent, Rhode Island, 9903", "about":"Consequat esse anim aliquip pariatur dolor ex est quis et. Sunt quis minim reprehenderit sit consequat incididunt id sit minim id fugiat. Tempor eiusmod elit eiusmod amet ullamco adipisicing ut enim enim mollit cupidatat veniam anim.\r\n", "registered":"2014-05-04T03:44:14 -07:00", "latitude":52.051336, "longitude":100.201935, "tags":["laborum", "laboris", "esse", "in", "do", "irure", "cupidatat"], "friends":[{"id":0, "name":"Abigail Weber"}, {"id":1, "name":"Lloyd Acosta"}, {"id":2, "name":"Crane England"}], "greeting":"Hello, Rutledge Day! You have 2 unread messages.", "favoriteFruit":"apple"}