{"_id":"55e8b8c675334704ba26d637", "index":1423, "guid":"fd87e079-69d6-4a1d-bc52-c4568c621032", "isActive":true, "balance":"$6,658.79", "picture":"http://placehold.it/32x32", "age":40, "eyeColor":"brown", "name":"Duncan Avery", "gender":"male", "company":"VINCH", "email":"duncanavery@vinch.com", "phone":"+1 (867) 574-2554", "address":"185 Ovington Avenue, Rodanthe, Nebraska, 7545", "about":"Nostrud in duis dolor consectetur officia consequat veniam. Laborum pariatur quis ad aliqua cupidatat. Pariatur et Lorem sint fugiat reprehenderit sit aute. Est adipisicing duis laboris reprehenderit. Duis sunt occaecat id cupidatat est aute nostrud.\r\n", "registered":"2014-07-31T06:39:46 -07:00", "latitude":80.875604, "longitude":138.509238, "tags":["aliqua", "quis", "non", "voluptate", "commodo", "dolore", "consequat"], "friends":[{"id":0, "name":"Brandie Warren"}, {"id":1, "name":"Bass Mccarthy"}, {"id":2, "name":"Tamara Sharp"}], "greeting":"Hello, Duncan Avery! You have 8 unread messages.", "favoriteFruit":"strawberry"}