{"_id":"55e8b8c68a5148b62aed3e33", "index":1440, "guid":"12f9eb47-e677-4937-9a16-48f4f4e7161d", "isActive":true, "balance":"$2,739.40", "picture":"http://placehold.it/32x32", "age":22, "eyeColor":"blue", "name":"Erin Dunlap", "gender":"female", "company":"APPLICA", "email":"erindunlap@applica.com", "phone":"+1 (905) 406-2860", "address":"708 Stillwell Place, Blanco, Florida, 7581", "about":"Nisi amet amet incididunt enim minim. Adipisicing nostrud aliquip aute cillum minim reprehenderit duis Lorem occaecat irure Lorem laborum sit. Magna amet sint duis id ea cillum voluptate. Magna irure ut Lorem minim. Velit est eu eu amet tempor incididunt. Irure culpa ex exercitation veniam officia enim non ea ad.\r\n", "registered":"2014-08-22T05:00:17 -07:00", "latitude":-16.256793, "longitude":69.764002, "tags":["anim", "et", "amet", "do", "minim", "proident", "sint"], "friends":[{"id":0, "name":"Colleen Richardson"}, {"id":1, "name":"Frank Gregory"}, {"id":2, "name":"Mcdonald Gutierrez"}], "greeting":"Hello, Erin Dunlap! You have 4 unread messages.", "favoriteFruit":"banana"}