{"_id":"55e8b8c6cba3ca975d31263c", "index":1192, "guid":"3e35191e-9b60-4d0a-9b4d-7f56e3349665", "isActive":false, "balance":"$5,181.40", "picture":"http://placehold.it/32x32", "age":40, "eyeColor":"blue", "name":"Latoya Barnett", "gender":"female", "company":"APEXIA", "email":"latoyabarnett@apexia.com", "phone":"+1 (973) 430-2615", "address":"351 Clarendon Road, Urbana, New Jersey, 5154", "about":"Sunt ex aliquip amet et eiusmod proident consequat magna. In velit anim proident sunt id incididunt dolore exercitation incididunt irure. Non amet labore aliquip sint enim magna aliquip nostrud id dolore eiusmod excepteur do. Tempor aliqua nisi culpa ut eu excepteur do. Minim tempor magna id exercitation minim commodo quis Lorem sint sit mollit. Adipisicing excepteur ex ipsum qui consectetur labore excepteur dolore id exercitation Lorem tempor.\r\n", "registered":"2014-05-13T07:11:09 -07:00", "latitude":22.661529, "longitude":95.943156, "tags":["amet", "aute", "mollit", "aliqua", "consectetur", "ut", "proident"], "friends":[{"id":0, "name":"Katrina Vaughan"}, {"id":1, "name":"Bright Lott"}, {"id":2, "name":"Trina Terrell"}], "greeting":"Hello, Latoya Barnett! You have 10 unread messages.", "favoriteFruit":"banana"}