{"_id":"55e8b8c68f72d93eb3831305", "index":108, "guid":"aa533748-5f34-48b0-ab7c-fce263d6e685", "isActive":true, "balance":"$7,073.14", "picture":"http://placehold.it/32x32", "age":38, "eyeColor":"brown", "name":"Randolph Berg", "gender":"male", "company":"MOBILDATA", "email":"randolphberg@mobildata.com", "phone":"+1 (977) 447-3854", "address":"691 Friel Place, Cazadero, Louisiana, 6775", "about":"Velit anim sit occaecat cillum nostrud dolore cillum. Sit ipsum Lorem adipisicing Lorem occaecat veniam id ullamco nostrud ut nulla Lorem veniam. Labore reprehenderit laborum eu non commodo elit labore quis dolore. Aute magna veniam ad labore. Consequat dolor elit exercitation in esse aliquip cupidatat cillum. Aliquip enim consectetur et ipsum velit esse dolore.\r\n", "registered":"2015-02-11T04:58:19 -07:00", "latitude":68.782151, "longitude":49.356098, "tags":["consectetur", "excepteur", "laborum", "id", "sint", "ad", "irure"], "friends":[{"id":0, "name":"Campos Garrison"}, {"id":1, "name":"Bishop Washington"}, {"id":2, "name":"Schroeder Hewitt"}], "greeting":"Hello, Randolph Berg! You have 6 unread messages.", "favoriteFruit":"apple"}