{"_id":"55e8b8c647bcc836ed728ed7", "index":1171, "guid":"fc3ddaff-00b5-4720-8b18-24ee2115ee0a", "isActive":false, "balance":"$7,248.06", "picture":"http://placehold.it/32x32", "age":21, "eyeColor":"brown", "name":"Webb Mcpherson", "gender":"male", "company":"ORGANICA", "email":"webbmcpherson@organica.com", "phone":"+1 (885) 540-2193", "address":"260 Veranda Place, Townsend, Wisconsin, 4133", "about":"Voluptate dolore Lorem eu velit quis quis Lorem exercitation cupidatat do ipsum aute. Non pariatur occaecat labore excepteur. Sit mollit minim pariatur dolor sunt dolore eiusmod labore sint cillum eu mollit eu. Deserunt tempor dolore excepteur esse est quis consequat tempor tempor qui consectetur id consequat velit. Aute mollit non consectetur cupidatat dolore deserunt. Pariatur ea commodo in consectetur excepteur tempor nulla non elit enim non culpa officia aute. Ut officia dolore exercitation minim commodo labore laboris in dolor Lorem occaecat laboris adipisicing voluptate.\r\n", "registered":"2015-01-15T12:40:31 -07:00", "latitude":6.645182, "longitude":63.407687, "tags":["qui", "aute", "ipsum", "cupidatat", "dolore", "consequat", "eu"], "friends":[{"id":0, "name":"Geneva Mullen"}, {"id":1, "name":"Susie Hunt"}, {"id":2, "name":"Gale Ware"}], "greeting":"Hello, Webb Mcpherson! You have 2 unread messages.", "favoriteFruit":"banana"}