{"_id":"55e8b8c6410875bde8c67fda", "index":114, "guid":"d1e8ad25-4d1c-4ddc-a09d-0b857001c301", "isActive":false, "balance":"$7,298.46", "picture":"http://placehold.it/32x32", "age":22, "eyeColor":"green", "name":"West Cotton", "gender":"male", "company":"CAXT", "email":"westcotton@caxt.com", "phone":"+1 (903) 572-3118", "address":"198 Nichols Avenue, Coventry, American Samoa, 6385", "about":"Anim fugiat dolore occaecat fugiat est. Anim ad irure nostrud nulla laboris exercitation ad ad magna exercitation nulla excepteur enim nostrud. Ut est ullamco culpa laboris in magna sint irure aliquip. Est excepteur voluptate reprehenderit ex ipsum elit qui laborum reprehenderit eiusmod velit. Excepteur mollit dolore sint adipisicing id Lorem culpa excepteur aute non voluptate incididunt sunt proident. Minim fugiat elit dolore mollit mollit tempor consequat aliquip dolor officia ipsum enim adipisicing fugiat.\r\n", "registered":"2014-05-21T03:14:01 -07:00", "latitude":-85.751619, "longitude":-38.74848, "tags":["elit", "exercitation", "enim", "aliquip", "nulla", "reprehenderit", "in"], "friends":[{"id":0, "name":"Odom Noel"}, {"id":1, "name":"Casey Morrow"}, {"id":2, "name":"Agnes Hensley"}], "greeting":"Hello, West Cotton! You have 7 unread messages.", "favoriteFruit":"banana"}