{"_id":"55e8b8c62e78833bac2071d0", "index":1226, "guid":"79f9f92c-00fc-4ee2-a327-5c6255a55a06", "isActive":false, "balance":"$4,548.66", "picture":"http://placehold.it/32x32", "age":27, "eyeColor":"green", "name":"Morrow Robinson", "gender":"male", "company":"TYPHONICA", "email":"morrowrobinson@typhonica.com", "phone":"+1 (865) 491-2857", "address":"848 Merit Court, Driftwood, Missouri, 7398", "about":"Aliqua commodo veniam dolor do adipisicing id enim aute cupidatat do culpa est. Laborum voluptate culpa nostrud anim mollit labore pariatur consequat laborum amet et reprehenderit. Pariatur culpa exercitation aliqua magna ullamco non minim consequat amet irure Lorem ut. Ex officia est enim tempor consectetur occaecat non non cupidatat eu laborum. Quis velit irure ex ea duis occaecat aute fugiat nisi qui ex.\r\n", "registered":"2014-01-28T02:55:40 -07:00", "latitude":42.13017, "longitude":-174.150461, "tags":["ullamco", "sint", "minim", "occaecat", "sint", "culpa", "Lorem"], "friends":[{"id":0, "name":"Dodson Hale"}, {"id":1, "name":"Delores Sykes"}, {"id":2, "name":"Rivas Leonard"}], "greeting":"Hello, Morrow Robinson! You have 8 unread messages.", "favoriteFruit":"apple"}