{"_id":"55e8b8c61c97d019fadbac7f", "index":1114, "guid":"1fd0802d-9e5e-4b47-8af3-ac09d58e9827", "isActive":false, "balance":"$3,009.45", "picture":"http://placehold.it/32x32", "age":39, "eyeColor":"green", "name":"Bryant Scott", "gender":"male", "company":"PODUNK", "email":"bryantscott@podunk.com", "phone":"+1 (931) 527-2969", "address":"171 Union Street, Loyalhanna, Marshall Islands, 3196", "about":"Ex incididunt do consectetur duis esse qui tempor aliquip commodo est officia et laboris nulla. Duis ex ut consequat minim reprehenderit irure nulla nostrud ea sit eiusmod ut. Ut reprehenderit fugiat mollit adipisicing ullamco quis. Est aliqua culpa eiusmod est id ex occaecat ea do minim irure est.\r\n", "registered":"2015-05-09T08:52:16 -07:00", "latitude":-14.146241, "longitude":-144.012052, "tags":["et", "fugiat", "aliquip", "ullamco", "irure", "labore", "mollit"], "friends":[{"id":0, "name":"Keith Rivas"}, {"id":1, "name":"Nixon Craft"}, {"id":2, "name":"Middleton Harper"}], "greeting":"Hello, Bryant Scott! You have 9 unread messages.", "favoriteFruit":"strawberry"}