{"_id":"55e8b8c6a7c0ea7bd46377c7", "index":1055, "guid":"b590ef3f-8810-4152-b226-0e076e4b9c04", "isActive":false, "balance":"$6,409.84", "picture":"http://placehold.it/32x32", "age":38, "eyeColor":"blue", "name":"Kristie Mckinney", "gender":"female", "company":"DATAGENE", "email":"kristiemckinney@datagene.com", "phone":"+1 (891) 457-2488", "address":"602 Montrose Avenue, Morriston, Wisconsin, 6642", "about":"Laboris ex officia eiusmod magna id in id reprehenderit commodo id eiusmod. Fugiat ad in ex Lorem aliqua esse ullamco fugiat exercitation esse esse. Fugiat in cillum veniam ipsum occaecat proident mollit labore sunt officia. Et sit commodo pariatur sit pariatur. Proident et sint laboris irure proident irure. Tempor enim amet quis labore esse irure cillum enim Lorem. Dolor officia nulla qui pariatur dolor veniam eiusmod est.\r\n", "registered":"2014-03-11T05:52:26 -07:00", "latitude":-13.826297, "longitude":116.102023, "tags":["nisi", "Lorem", "est", "proident", "ipsum", "excepteur", "ad"], "friends":[{"id":0, "name":"Cruz Copeland"}, {"id":1, "name":"Pearlie Vega"}, {"id":2, "name":"Camille Shaffer"}], "greeting":"Hello, Kristie Mckinney! You have 5 unread messages.", "favoriteFruit":"apple"}