{"_id":"55e8b8c6e0e14d0cf212a417", "index":137, "guid":"6ea557ea-2a94-4389-bce3-2118fd3c6f39", "isActive":true, "balance":"$6,596.72", "picture":"http://placehold.it/32x32", "age":40, "eyeColor":"blue", "name":"Adrienne Cleveland", "gender":"female", "company":"QUAREX", "email":"adriennecleveland@quarex.com", "phone":"+1 (843) 470-2194", "address":"245 Ditmars Street, Marbury, Guam, 645", "about":"Elit consequat et irure anim nisi exercitation commodo adipisicing occaecat id consequat ipsum laborum consequat. Lorem qui qui mollit ipsum mollit fugiat deserunt sit minim. Anim mollit occaecat culpa velit excepteur cillum nulla aute amet Lorem aliqua incididunt cupidatat magna. Aute nostrud esse eiusmod anim labore. Eu consectetur aute proident ipsum nulla proident nisi dolore culpa eu id. Amet pariatur sit eiusmod enim cupidatat quis fugiat.\r\n", "registered":"2014-01-01T06:32:55 -07:00", "latitude":33.992677, "longitude":120.799165, "tags":["voluptate", "sit", "fugiat", "commodo", "adipisicing", "consectetur", "consectetur"], "friends":[{"id":0, "name":"Melanie Kirkland"}, {"id":1, "name":"Sonya Hendricks"}, {"id":2, "name":"Reid Neal"}], "greeting":"Hello, Adrienne Cleveland! You have 4 unread messages.", "favoriteFruit":"strawberry"}