{"_id":"55e8b8c6a3864cf9d2762d49", "index":1076, "guid":"c60723ee-b90b-4934-9247-a3a95a223857", "isActive":true, "balance":"$106.33", "picture":"http://placehold.it/32x32", "age":34, "eyeColor":"green", "name":"Peggy Allison", "gender":"female", "company":"LOVEPAD", "email":"peggyallison@lovepad.com", "phone":"+1 (832) 509-2739", "address":"197 Jackson Place, Heil, New Jersey, 3099", "about":"Occaecat sint dolore id anim dolore deserunt proident cupidatat culpa. Quis consectetur ut reprehenderit mollit fugiat. Incididunt laborum pariatur sint deserunt. Incididunt ad sit non qui est magna. Ut sint eu proident elit dolore ea aute.\r\n", "registered":"2014-08-30T01:11:15 -07:00", "latitude":55.117501, "longitude":129.899852, "tags":["sunt", "sint", "id", "anim", "proident", "enim", "in"], "friends":[{"id":0, "name":"Freeman Nguyen"}, {"id":1, "name":"Janna Fowler"}, {"id":2, "name":"Jocelyn Richard"}], "greeting":"Hello, Peggy Allison! You have 3 unread messages.", "favoriteFruit":"strawberry"}