{"_id":"55e8b8c6ea5b643725407e35", "index":1280, "guid":"c5627e89-5690-4560-90a6-4ddd91974a9b", "isActive":false, "balance":"$2,850.80", "picture":"http://placehold.it/32x32", "age":22, "eyeColor":"green", "name":"Whitney Tanner", "gender":"female", "company":"ZILLAR", "email":"whitneytanner@zillar.com", "phone":"+1 (970) 517-2823", "address":"719 Homecrest Avenue, Tyro, North Dakota, 7241", "about":"Esse pariatur nulla tempor ipsum do esse et amet minim incididunt do elit amet dolore. Enim et dolore labore proident Lorem. Sit sunt aute Lorem pariatur irure esse aliquip fugiat velit consequat ullamco fugiat consectetur cupidatat.\r\n", "registered":"2014-06-10T11:53:24 -07:00", "latitude":4.45314, "longitude":-167.317247, "tags":["aute", "magna", "commodo", "tempor", "ex", "deserunt", "qui"], "friends":[{"id":0, "name":"Lang Coffey"}, {"id":1, "name":"England Snyder"}, {"id":2, "name":"Mcgowan Koch"}], "greeting":"Hello, Whitney Tanner! You have 5 unread messages.", "favoriteFruit":"strawberry"}