{"_id":"55e8b8c6e68d28662dc20334", "index":13, "guid":"fee13fd7-9354-4616-bb5b-c98e13ac241b", "isActive":false, "balance":"$8,479.72", "picture":"http://placehold.it/32x32", "age":37, "eyeColor":"blue", "name":"Kimberley Hatfield", "gender":"female", "company":"ZOINAGE", "email":"kimberleyhatfield@zoinage.com", "phone":"+1 (897) 514-2293", "address":"951 Johnson Street, Jessie, Pennsylvania, 176", "about":"Sunt tempor nulla Lorem irure aliquip. Duis qui consectetur eiusmod consequat cupidatat enim enim. Sit qui deserunt do cupidatat ea laboris. Laborum laboris dolore aliquip excepteur sint reprehenderit amet est. Eu officia nulla deserunt in ea id labore ut. Mollit ipsum id et occaecat id laboris voluptate laboris amet consequat.\r\n", "registered":"2014-01-11T06:41:59 -07:00", "latitude":-49.714646, "longitude":-133.015776, "tags":["cillum", "nisi", "laboris", "laboris", "et", "aliquip", "consectetur"], "friends":[{"id":0, "name":"Peterson Fernandez"}, {"id":1, "name":"Hanson Fischer"}, {"id":2, "name":"Fuller Henderson"}], "greeting":"Hello, Kimberley Hatfield! You have 9 unread messages.", "favoriteFruit":"strawberry"}