{"_id":"55e8b8c69aa44cc5bd582592", "index":1290, "guid":"24c8a125-dc52-4687-8f74-8c4262842f63", "isActive":false, "balance":"$4,233.50", "picture":"http://placehold.it/32x32", "age":38, "eyeColor":"blue", "name":"Shelby Dotson", "gender":"female", "company":"LOCAZONE", "email":"shelbydotson@locazone.com", "phone":"+1 (994) 590-2976", "address":"588 Rock Street, Allentown, District Of Columbia, 6418", "about":"Duis voluptate reprehenderit mollit nulla deserunt labore id cillum tempor pariatur duis. Ut ad tempor elit voluptate duis officia esse magna culpa culpa aliqua laborum. Est elit excepteur cupidatat enim esse minim consequat Lorem.\r\n", "registered":"2015-01-23T07:05:20 -07:00", "latitude":-82.145774, "longitude":83.2028, "tags":["tempor", "ex", "cupidatat", "aliqua", "eiusmod", "exercitation", "ea"], "friends":[{"id":0, "name":"Downs Dodson"}, {"id":1, "name":"Kerri George"}, {"id":2, "name":"Becky Prince"}], "greeting":"Hello, Shelby Dotson! You have 10 unread messages.", "favoriteFruit":"strawberry"}