{"_id":"55e8b8c6ece4ee52188dec5b", "index":1084, "guid":"a95fc13b-aa58-4950-ab5c-a292f2535f32", "isActive":false, "balance":"$3,899.98", "picture":"http://placehold.it/32x32", "age":31, "eyeColor":"brown", "name":"Jewel Dawson", "gender":"female", "company":"SKINSERVE", "email":"jeweldawson@skinserve.com", "phone":"+1 (913) 585-3318", "address":"652 Gotham Avenue, Sanford, Wyoming, 4990", "about":"Voluptate deserunt cupidatat et incididunt veniam officia esse dolor exercitation. Sunt ex non duis aliqua duis ex consectetur adipisicing consectetur esse labore. Tempor consectetur qui exercitation proident. Id dolore ea officia adipisicing enim commodo amet reprehenderit nisi officia proident. Id officia ea ea minim nulla esse qui elit duis proident dolor occaecat pariatur tempor. Tempor ullamco do voluptate tempor do pariatur. Consequat dolor consequat aliqua cupidatat fugiat.\r\n", "registered":"2014-05-28T03:44:41 -07:00", "latitude":-56.28815, "longitude":122.265904, "tags":["eiusmod", "adipisicing", "duis", "esse", "sit", "qui", "excepteur"], "friends":[{"id":0, "name":"Hood Bruce"}, {"id":1, "name":"Charmaine Graves"}, {"id":2, "name":"David Hancock"}], "greeting":"Hello, Jewel Dawson! You have 8 unread messages.", "favoriteFruit":"apple"}