{"_id":"55e8b8c629c3662e6816b0f8", "index":1242, "guid":"7d689718-002d-47bb-b0af-77a88e69f782", "isActive":true, "balance":"$2,888.60", "picture":"http://placehold.it/32x32", "age":23, "eyeColor":"green", "name":"Donovan Schroeder", "gender":"male", "company":"ACUMENTOR", "email":"donovanschroeder@acumentor.com", "phone":"+1 (867) 519-2053", "address":"788 Burnett Street, Leeper, Palau, 9254", "about":"Pariatur elit duis incididunt cillum reprehenderit eu. Culpa nostrud cillum commodo velit est id sunt labore velit veniam laborum aliqua qui culpa. Adipisicing ex minim non eiusmod amet nulla eu et eiusmod sunt id ullamco. Mollit irure esse sunt veniam non veniam enim. Anim elit consequat deserunt dolore proident labore.\r\n", "registered":"2014-04-14T12:42:37 -07:00", "latitude":-24.879296, "longitude":97.499834, "tags":["commodo", "qui", "magna", "sint", "esse", "minim", "duis"], "friends":[{"id":0, "name":"Nelda Banks"}, {"id":1, "name":"Faulkner Mccormick"}, {"id":2, "name":"Kramer Watts"}], "greeting":"Hello, Donovan Schroeder! You have 9 unread messages.", "favoriteFruit":"banana"}