{"_id":"55e8b8c6ef6757dfedbd03ad", "index":1248, "guid":"eadfb6ff-4c01-467a-b9ac-d6b207aa8aa5", "isActive":false, "balance":"$2,404.78", "picture":"http://placehold.it/32x32", "age":32, "eyeColor":"brown", "name":"Glass Benton", "gender":"male", "company":"BLUEGRAIN", "email":"glassbenton@bluegrain.com", "phone":"+1 (912) 564-2794", "address":"634 Homecrest Court, Zarephath, South Dakota, 3067", "about":"Eu aliquip dolore cupidatat duis. Duis amet quis excepteur aliquip sit deserunt irure. Cupidatat ex non tempor incididunt dolore nulla adipisicing voluptate eiusmod. Ullamco dolore adipisicing dolore ad id in cillum nisi sunt veniam ipsum sunt qui. Anim culpa sunt nisi ut adipisicing non labore culpa magna mollit aute ea.\r\n", "registered":"2014-12-15T02:46:25 -07:00", "latitude":19.618839, "longitude":-68.380423, "tags":["dolor", "do", "nulla", "elit", "nulla", "pariatur", "sit"], "friends":[{"id":0, "name":"Gloria Kramer"}, {"id":1, "name":"Ballard Juarez"}, {"id":2, "name":"Cohen Dyer"}], "greeting":"Hello, Glass Benton! You have 5 unread messages.", "favoriteFruit":"banana"}