{"_id":"55e8b8c67819a03731c9686d", "index":1221, "guid":"5d20130e-f967-4089-8adb-c468efe5bfed", "isActive":true, "balance":"$6,285.29", "picture":"http://placehold.it/32x32", "age":29, "eyeColor":"green", "name":"Obrien Cash", "gender":"male", "company":"AQUOAVO", "email":"obriencash@aquoavo.com", "phone":"+1 (813) 558-2392", "address":"692 Locust Street, Cloverdale, Idaho, 4878", "about":"Magna non cupidatat quis veniam adipisicing amet qui nostrud Lorem sint fugiat proident. Occaecat et officia dolor fugiat veniam mollit officia Lorem Lorem. Est est deserunt pariatur in proident amet veniam consequat officia officia sint commodo. Minim elit nisi fugiat anim.\r\n", "registered":"2014-08-29T04:10:18 -07:00", "latitude":79.363467, "longitude":30.309294, "tags":["amet", "sint", "tempor", "incididunt", "do", "elit", "reprehenderit"], "friends":[{"id":0, "name":"Coleman Gilmore"}, {"id":1, "name":"Herrera Todd"}, {"id":2, "name":"Gross Dillard"}], "greeting":"Hello, Obrien Cash! You have 6 unread messages.", "favoriteFruit":"banana"}