{"_id":"55e8b8c643a7c2a2727e5515", "index":1261, "guid":"856a9786-4756-4d2a-b2bd-be9c048672e9", "isActive":false, "balance":"$1,696.10", "picture":"http://placehold.it/32x32", "age":20, "eyeColor":"brown", "name":"Wade Rasmussen", "gender":"male", "company":"TRANSLINK", "email":"waderasmussen@translink.com", "phone":"+1 (989) 518-2006", "address":"199 Prospect Street, Germanton, Mississippi, 2499", "about":"Proident magna nulla et ad ea cillum reprehenderit voluptate ea duis elit irure. Sit dolor elit culpa sunt incididunt pariatur mollit. Duis aliquip deserunt quis consequat cupidatat adipisicing incididunt non in excepteur.\r\n", "registered":"2015-01-25T04:21:23 -07:00", "latitude":87.405586, "longitude":-111.385609, "tags":["fugiat", "fugiat", "nostrud", "nisi", "veniam", "fugiat", "proident"], "friends":[{"id":0, "name":"Little Flowers"}, {"id":1, "name":"Yates Mcclain"}, {"id":2, "name":"Jarvis Hatfield"}], "greeting":"Hello, Wade Rasmussen! You have 2 unread messages.", "favoriteFruit":"banana"}