{"_id":"55e8b8c6d4dbaadc0cb6f96b", "index":1406, "guid":"03837a1a-eba6-4161-b36d-93142562554d", "isActive":true, "balance":"$4,967.59", "picture":"http://placehold.it/32x32", "age":31, "eyeColor":"blue", "name":"Joann Bishop", "gender":"female", "company":"TETRATREX", "email":"joannbishop@tetratrex.com", "phone":"+1 (811) 526-2392", "address":"200 Cheever Place, Belvoir, District Of Columbia, 8303", "about":"Aliqua aliquip elit minim nostrud aliquip. Voluptate tempor ad tempor ut mollit exercitation sit dolor aliqua. Ea aliqua sint irure qui amet magna. Ea laboris in consectetur consequat officia minim eiusmod culpa.\r\n", "registered":"2015-04-08T06:00:04 -07:00", "latitude":-9.116657, "longitude":116.304068, "tags":["sit", "anim", "ex", "proident", "esse", "officia", "aliquip"], "friends":[{"id":0, "name":"Barron Campos"}, {"id":1, "name":"Shari Mullins"}, {"id":2, "name":"Dana Mcintosh"}], "greeting":"Hello, Joann Bishop! You have 8 unread messages.", "favoriteFruit":"apple"}