{"_id":"55e8b8c6e959a6a850622c41", "index":1054, "guid":"29010bc4-43d7-410f-ace5-8462cd25e174", "isActive":false, "balance":"$5,485.91", "picture":"http://placehold.it/32x32", "age":21, "eyeColor":"blue", "name":"Cleveland Schultz", "gender":"male", "company":"CYTREX", "email":"clevelandschultz@cytrex.com", "phone":"+1 (924) 403-2647", "address":"335 Kingsland Avenue, Gulf, Federated States Of Micronesia, 5855", "about":"Est dolor tempor exercitation Lorem excepteur exercitation non fugiat dolore Lorem irure sunt aliquip. Esse officia dolore eiusmod proident minim enim ad anim deserunt mollit exercitation fugiat Lorem. Ullamco excepteur dolore sit id laborum aliqua duis irure. Lorem voluptate eu dolor elit veniam eu ut sunt cupidatat Lorem culpa.\r\n", "registered":"2014-05-30T02:41:25 -07:00", "latitude":-7.343407, "longitude":-33.390127, "tags":["non", "labore", "sunt", "culpa", "sint", "voluptate", "cillum"], "friends":[{"id":0, "name":"Rebekah Pennington"}, {"id":1, "name":"Lynne Santos"}, {"id":2, "name":"Sims Bush"}], "greeting":"Hello, Cleveland Schultz! You have 6 unread messages.", "favoriteFruit":"banana"}