{"_id":"55e8b8c6c4e976e8c14b7bff", "index":1066, "guid":"d5688c91-2ebe-444b-9957-60d4a5c278ed", "isActive":true, "balance":"$3,438.33", "picture":"http://placehold.it/32x32", "age":29, "eyeColor":"blue", "name":"Olson Payne", "gender":"male", "company":"DEMINIMUM", "email":"olsonpayne@deminimum.com", "phone":"+1 (964) 577-2655", "address":"851 Seba Avenue, Bourg, Northern Mariana Islands, 8868", "about":"Pariatur et sit enim aliquip ullamco minim elit veniam commodo occaecat id enim reprehenderit ut. Eiusmod voluptate et magna laboris aliquip ea nisi et. Enim nulla excepteur veniam cupidatat velit veniam officia occaecat mollit Lorem. Consectetur amet cillum ea irure ipsum irure officia reprehenderit ut. Esse sit culpa exercitation nostrud nulla tempor consectetur tempor adipisicing eiusmod ullamco consectetur tempor Lorem.\r\n", "registered":"2014-02-15T03:30:42 -07:00", "latitude":15.788431, "longitude":-40.638155, "tags":["reprehenderit", "et", "dolore", "nulla", "culpa", "consectetur", "sit"], "friends":[{"id":0, "name":"Gwen Fulton"}, {"id":1, "name":"Shepard Sellers"}, {"id":2, "name":"Alta Dejesus"}], "greeting":"Hello, Olson Payne! You have 3 unread messages.", "favoriteFruit":"apple"}