{"_id":"55e8b8c6ecf7e3c549b5551b", "index":1433, "guid":"cdefcc33-c499-46ec-8f3f-9f257420c49a", "isActive":false, "balance":"$4,411.43", "picture":"http://placehold.it/32x32", "age":35, "eyeColor":"blue", "name":"Sally Talley", "gender":"female", "company":"IMAGINART", "email":"sallytalley@imaginart.com", "phone":"+1 (826) 545-3389", "address":"101 Fairview Place, Richmond, Washington, 2083", "about":"Voluptate voluptate quis ea laboris elit pariatur dolore culpa amet. Dolor elit voluptate reprehenderit fugiat quis elit ut cillum sunt velit. Non non mollit enim laborum ad dolore. Qui aliquip aute nostrud culpa irure adipisicing quis fugiat eu. Ad non deserunt ea velit enim deserunt enim culpa eu ipsum labore officia laboris nostrud. Ea sunt ad cupidatat anim irure incididunt cupidatat deserunt. Commodo eiusmod labore ipsum officia incididunt sint irure aute consectetur.\r\n", "registered":"2014-07-28T06:15:43 -07:00", "latitude":2.513441, "longitude":117.03122, "tags":["deserunt", "laboris", "incididunt", "commodo", "occaecat", "tempor", "voluptate"], "friends":[{"id":0, "name":"Leanne Cardenas"}, {"id":1, "name":"Rosario Wade"}, {"id":2, "name":"Isabelle Moody"}], "greeting":"Hello, Sally Talley! You have 8 unread messages.", "favoriteFruit":"apple"}