{"_id":"55e8b8c6a6a483fc08f4a650", "index":1264, "guid":"a74e024a-4276-4cd5-9526-a01d707e09ad", "isActive":true, "balance":"$3,084.62", "picture":"http://placehold.it/32x32", "age":34, "eyeColor":"green", "name":"Peck Rojas", "gender":"male", "company":"SCENTRIC", "email":"peckrojas@scentric.com", "phone":"+1 (800) 554-3807", "address":"955 Rochester Avenue, Bison, South Carolina, 4762", "about":"Aute magna sit enim nostrud consequat amet eu sint occaecat irure qui esse irure. Exercitation adipisicing cupidatat est dolor amet elit aliquip sunt aliqua non eu. Nulla eu ex laboris laborum dolor do cillum dolor aliqua quis. Mollit ex esse eiusmod commodo officia. Nulla commodo et adipisicing occaecat cupidatat non elit ex magna duis pariatur eiusmod laboris aliquip. Eu cillum proident ut laboris consectetur sit.\r\n", "registered":"2014-09-10T08:29:19 -07:00", "latitude":18.958898, "longitude":167.041456, "tags":["sunt", "cillum", "occaecat", "et", "ut", "nisi", "sunt"], "friends":[{"id":0, "name":"Corrine Randall"}, {"id":1, "name":"Jennie Price"}, {"id":2, "name":"Williams Hernandez"}], "greeting":"Hello, Peck Rojas! You have 10 unread messages.", "favoriteFruit":"strawberry"}