{"_id":"55e8b8c6b9bfc9783687b8ad", "index":1181, "guid":"2340daf9-bf6c-4955-9002-4e7d4ee61f38", "isActive":false, "balance":"$9,103.42", "picture":"http://placehold.it/32x32", "age":29, "eyeColor":"brown", "name":"Mallory Wallace", "gender":"female", "company":"VANTAGE", "email":"mallorywallace@vantage.com", "phone":"+1 (951) 507-2961", "address":"931 Ferry Place, Dunlo, Guam, 5829", "about":"Sint laboris amet eu esse voluptate consequat pariatur duis elit voluptate reprehenderit. Magna aute eiusmod exercitation cupidatat magna anim. Labore id in esse aliquip pariatur nulla. Amet eiusmod dolore quis ad adipisicing consectetur.\r\n", "registered":"2014-11-12T06:45:10 -07:00", "latitude":-5.968695, "longitude":-165.586809, "tags":["occaecat", "proident", "mollit", "aliquip", "officia", "est", "in"], "friends":[{"id":0, "name":"Sykes Beck"}, {"id":1, "name":"Parks Morrison"}, {"id":2, "name":"Conner Galloway"}], "greeting":"Hello, Mallory Wallace! You have 5 unread messages.", "favoriteFruit":"strawberry"}