{"_id":"55e8b8c64322368906de0475", "index":125, "guid":"27f45824-ecf7-481d-acfc-61174ae454ed", "isActive":false, "balance":"$7,839.27", "picture":"http://placehold.it/32x32", "age":22, "eyeColor":"green", "name":"Alyce Tran", "gender":"female", "company":"ECOLIGHT", "email":"alycetran@ecolight.com", "phone":"+1 (901) 446-3107", "address":"544 Stoddard Place, Oneida, Oklahoma, 9794", "about":"Aute cupidatat velit laborum mollit quis ullamco minim officia. Cillum consectetur ipsum id excepteur esse labore officia excepteur eu exercitation sunt culpa nostrud. Eu ullamco nulla aliquip sunt. Occaecat minim velit est deserunt. Minim cillum eu et incididunt aliquip dolor cupidatat officia eu. Occaecat consequat voluptate proident adipisicing pariatur anim. Tempor Lorem proident dolor deserunt excepteur eiusmod.\r\n", "registered":"2015-08-04T06:39:31 -07:00", "latitude":-26.358443, "longitude":170.378278, "tags":["anim", "magna", "magna", "proident", "ipsum", "culpa", "magna"], "friends":[{"id":0, "name":"Leah William"}, {"id":1, "name":"Jennings Blankenship"}, {"id":2, "name":"Felicia Mason"}], "greeting":"Hello, Alyce Tran! You have 3 unread messages.", "favoriteFruit":"banana"}