{"_id":"55e8b8c6601b2007ff5ab92d", "index":1160, "guid":"fbdc1c1f-ce3e-4c14-b883-b1ba72dc486c", "isActive":false, "balance":"$2,846.54", "picture":"http://placehold.it/32x32", "age":26, "eyeColor":"green", "name":"Shaffer Osborne", "gender":"male", "company":"INTRAWEAR", "email":"shafferosborne@intrawear.com", "phone":"+1 (901) 439-2664", "address":"800 Dare Court, Nicholson, Maryland, 3140", "about":"Esse laborum veniam sint adipisicing dolore irure ullamco ullamco velit Lorem cupidatat laboris minim veniam. Occaecat magna ipsum est nulla laboris pariatur id duis sint incididunt. Officia labore exercitation sit ea occaecat officia veniam reprehenderit laboris cupidatat laboris proident velit aliqua. Laboris aliqua proident consectetur eiusmod voluptate tempor mollit. Aliquip mollit adipisicing veniam Lorem mollit in nostrud fugiat. Duis labore enim commodo exercitation do ad minim quis tempor.\r\n", "registered":"2015-05-09T11:55:57 -07:00", "latitude":11.077675, "longitude":95.342665, "tags":["amet", "qui", "aute", "labore", "officia", "magna", "aliquip"], "friends":[{"id":0, "name":"Fran Lambert"}, {"id":1, "name":"Fernandez Sampson"}, {"id":2, "name":"Kathy Stewart"}], "greeting":"Hello, Shaffer Osborne! You have 10 unread messages.", "favoriteFruit":"strawberry"}