{"_id":"55e8b8c6f4c390d4316afee3", "index":1038, "guid":"27518a49-c829-49c9-9ad9-90691f85d439", "isActive":false, "balance":"$5,792.74", "picture":"http://placehold.it/32x32", "age":24, "eyeColor":"brown", "name":"Mercer Mckay", "gender":"male", "company":"AQUAFIRE", "email":"mercermckay@aquafire.com", "phone":"+1 (993) 452-3039", "address":"184 Berriman Street, Inkerman, West Virginia, 4394", "about":"Est pariatur sint tempor reprehenderit et ipsum laboris id nulla nisi adipisicing nulla quis. Sit labore officia sunt do. Ut nostrud sint sit duis commodo.\r\n", "registered":"2014-03-11T01:19:05 -07:00", "latitude":63.419799, "longitude":-14.766449, "tags":["excepteur", "cupidatat", "commodo", "cillum", "aliquip", "sunt", "qui"], "friends":[{"id":0, "name":"Alston Lancaster"}, {"id":1, "name":"Shawna Guerrero"}, {"id":2, "name":"Nell Kidd"}], "greeting":"Hello, Mercer Mckay! You have 8 unread messages.", "favoriteFruit":"banana"}