{"_id":"55e8b8c6c9518d5d4814efda", "index":1137, "guid":"94005071-7906-41e8-8cdc-b131661cfb09", "isActive":false, "balance":"$7,672.84", "picture":"http://placehold.it/32x32", "age":21, "eyeColor":"blue", "name":"Maryanne Merrill", "gender":"female", "company":"VELOS", "email":"maryannemerrill@velos.com", "phone":"+1 (959) 410-3946", "address":"691 Harrison Avenue, Vernon, New York, 1974", "about":"Nostrud tempor culpa eu proident cillum cupidatat eu tempor tempor laboris. Officia do labore est aute laboris irure consequat eu. Esse do occaecat pariatur id exercitation nulla tempor ullamco. Irure officia duis pariatur anim occaecat irure tempor mollit sit ad enim ut commodo. Deserunt eu reprehenderit veniam duis fugiat in laboris amet anim minim id cupidatat nisi. Pariatur qui velit eiusmod consectetur.\r\n", "registered":"2015-08-23T04:01:56 -07:00", "latitude":-40.490369, "longitude":-95.316307, "tags":["dolore", "et", "fugiat", "aliqua", "incididunt", "fugiat", "amet"], "friends":[{"id":0, "name":"Marta Kemp"}, {"id":1, "name":"Melisa Sweeney"}, {"id":2, "name":"Maryann Hodge"}], "greeting":"Hello, Maryanne Merrill! You have 4 unread messages.", "favoriteFruit":"banana"}