{"_id":"55e8b8c6fafb2dff0f81e7d1", "index":1354, "guid":"aff9ae34-0881-4bd3-85d0-5ed5b71c4802", "isActive":true, "balance":"$3,082.84", "picture":"http://placehold.it/32x32", "age":27, "eyeColor":"brown", "name":"Aguirre Mosley", "gender":"male", "company":"XYQAG", "email":"aguirremosley@xyqag.com", "phone":"+1 (837) 547-3963", "address":"647 Boardwalk , Marion, Michigan, 6968", "about":"Velit incididunt ipsum consectetur tempor pariatur. Anim quis nostrud culpa consectetur laborum enim eiusmod. Occaecat ipsum do laborum dolor esse labore anim reprehenderit. Laboris aliqua in incididunt voluptate officia.\r\n", "registered":"2014-12-29T12:33:39 -07:00", "latitude":3.506364, "longitude":-103.983044, "tags":["cupidatat", "tempor", "cupidatat", "cillum", "aliquip", "consequat", "amet"], "friends":[{"id":0, "name":"Berg Cummings"}, {"id":1, "name":"Leslie Snow"}, {"id":2, "name":"Jerry Simmons"}], "greeting":"Hello, Aguirre Mosley! You have 6 unread messages.", "favoriteFruit":"apple"}