{"_id":"55e8b8c66d0b85ee0814e114", "index":1043, "guid":"38e15e0f-a3c0-4c89-b6ec-f329c8a1eff7", "isActive":false, "balance":"$4,657.31", "picture":"http://placehold.it/32x32", "age":24, "eyeColor":"brown", "name":"Iris Swanson", "gender":"female", "company":"UNIWORLD", "email":"irisswanson@uniworld.com", "phone":"+1 (831) 562-3907", "address":"858 Alton Place, Nogal, Puerto Rico, 9961", "about":"Sunt officia pariatur dolor ut minim enim sint ex consequat in labore Lorem minim. Nulla in voluptate ullamco excepteur laborum labore deserunt nisi commodo dolore nisi Lorem. Eu cupidatat quis veniam veniam et nostrud ipsum tempor officia laborum magna anim aute. Tempor incididunt cillum esse ex non sint. Veniam tempor fugiat mollit ea irure ut. Laboris reprehenderit laborum mollit ea aliquip ea mollit.\r\n", "registered":"2014-02-22T02:52:10 -07:00", "latitude":-20.470909, "longitude":-68.662482, "tags":["consectetur", "veniam", "dolore", "do", "excepteur", "cillum", "dolore"], "friends":[{"id":0, "name":"Christa Blackwell"}, {"id":1, "name":"Betty Chase"}, {"id":2, "name":"Duran Greer"}], "greeting":"Hello, Iris Swanson! You have 5 unread messages.", "favoriteFruit":"strawberry"}