{"_id":"55e8b8c6cf804befe9f99e65", "index":1259, "guid":"93270e2d-6bbe-4d4f-8260-4db0a3a677e9", "isActive":false, "balance":"$909.30", "picture":"http://placehold.it/32x32", "age":29, "eyeColor":"green", "name":"Mckenzie Henson", "gender":"male", "company":"CINASTER", "email":"mckenziehenson@cinaster.com", "phone":"+1 (980) 558-2377", "address":"775 Conklin Avenue, Bowmansville, Washington, 6605", "about":"Mollit officia laboris pariatur adipisicing laboris sint deserunt veniam nulla ipsum quis ea cillum adipisicing. Minim nostrud dolore anim ipsum labore cupidatat eu consequat laboris excepteur voluptate proident proident ex. Lorem voluptate est duis sint aliqua ex ex. Amet id dolor velit ea cupidatat sint sit ex qui enim culpa magna aute deserunt. In culpa pariatur fugiat est eu sunt amet consectetur ullamco do ad consequat officia labore. Labore ea ea ex aliquip occaecat cillum excepteur magna dolore laboris aute deserunt id sunt. Labore officia mollit ut adipisicing esse sunt cupidatat ex culpa ullamco dolor irure sunt.\r\n", "registered":"2015-05-10T07:48:33 -07:00", "latitude":22.404705, "longitude":-56.274974, "tags":["laborum", "ea", "labore", "proident", "proident", "eu", "anim"], "friends":[{"id":0, "name":"Ida Zimmerman"}, {"id":1, "name":"Patti Wall"}, {"id":2, "name":"Ivy May"}], "greeting":"Hello, Mckenzie Henson! You have 9 unread messages.", "favoriteFruit":"banana"}