{"_id":"55e8b8c64e0cee11b2825ce1", "index":1015, "guid":"d3c39c8b-20a1-4e13-aac6-6b0b310be5df", "isActive":false, "balance":"$6,863.21", "picture":"http://placehold.it/32x32", "age":25, "eyeColor":"blue", "name":"Lawrence Hernandez", "gender":"male", "company":"ZIDANT", "email":"lawrencehernandez@zidant.com", "phone":"+1 (831) 532-2322", "address":"736 Doscher Street, Brenton, Kentucky, 5947", "about":"Nulla fugiat ea proident pariatur pariatur nulla est ut pariatur cupidatat quis officia minim. Ullamco commodo nisi voluptate nostrud mollit id nostrud aliqua magna in. Adipisicing nostrud pariatur officia nisi duis non in officia consequat laborum aliquip incididunt consequat. Ullamco deserunt velit incididunt minim in deserunt magna nulla. Id id esse ea quis ullamco dolor exercitation aute mollit qui irure. Nostrud enim culpa fugiat officia aute dolor nostrud. Ut id sunt veniam labore do eu aute id culpa veniam ad ipsum est qui.\r\n", "registered":"2015-07-05T03:24:48 -07:00", "latitude":16.075314, "longitude":-98.537421, "tags":["sint", "aute", "dolore", "dolore", "enim", "voluptate", "laboris"], "friends":[{"id":0, "name":"Hebert Stephenson"}, {"id":1, "name":"Kellie Hamilton"}, {"id":2, "name":"Rachelle Bennett"}], "greeting":"Hello, Lawrence Hernandez! You have 4 unread messages.", "favoriteFruit":"apple"}