{"_id":"55e8b8c63f951d69414a4e94", "index":1417, "guid":"83d6a1dd-0ec3-4591-b78b-5ae93bac1521", "isActive":false, "balance":"$5,229.06", "picture":"http://placehold.it/32x32", "age":40, "eyeColor":"brown", "name":"Koch Saunders", "gender":"male", "company":"VIASIA", "email":"kochsaunders@viasia.com", "phone":"+1 (982) 491-2716", "address":"253 Marconi Place, Odessa, Texas, 1570", "about":"Eu cupidatat cupidatat in anim ea culpa Lorem fugiat est ipsum. Ut adipisicing ad esse et et ullamco laboris. Amet officia incididunt eiusmod reprehenderit do consequat. Do ad anim incididunt irure.\r\n", "registered":"2014-05-26T06:18:38 -07:00", "latitude":-51.072507, "longitude":-77.680806, "tags":["esse", "ad", "do", "officia", "excepteur", "incididunt", "aute"], "friends":[{"id":0, "name":"Stacie Hess"}, {"id":1, "name":"Santos Greene"}, {"id":2, "name":"Rose Cunningham"}], "greeting":"Hello, Koch Saunders! You have 7 unread messages.", "favoriteFruit":"banana"}