{"_id":"55e8b8c6332a25d0064da1ab", "index":10, "guid":"746eb30e-2094-4363-a553-c9149e203254", "isActive":true, "balance":"$1,955.20", "picture":"http://placehold.it/32x32", "age":24, "eyeColor":"blue", "name":"Potter Howard", "gender":"male", "company":"GEEKOLA", "email":"potterhoward@geekola.com", "phone":"+1 (981) 547-3169", "address":"857 Suydam Place, Stockwell, Federated States Of Micronesia, 3369", "about":"Enim dolor est ea pariatur culpa minim ullamco. Duis laboris nulla eu commodo pariatur adipisicing elit proident proident ut ipsum qui excepteur qui. Qui reprehenderit ea velit occaecat mollit. Id ea dolor voluptate dolore veniam non consequat. Aliquip magna enim cupidatat nostrud aliqua ipsum cupidatat cillum.\r\n", "registered":"2014-05-02T03:30:38 -07:00", "latitude":51.979736, "longitude":44.712977, "tags":["est", "adipisicing", "cillum", "occaecat", "mollit", "proident", "tempor"], "friends":[{"id":0, "name":"Flores Henson"}, {"id":1, "name":"Butler Zimmerman"}, {"id":2, "name":"Aimee Wall"}], "greeting":"Hello, Potter Howard! You have 10 unread messages.", "favoriteFruit":"strawberry"}