{"_id":"55e8b8c697c01c61197863e9", "index":1386, "guid":"6b81301e-d529-48a0-8095-a87a06b56f26", "isActive":false, "balance":"$8,378.58", "picture":"http://placehold.it/32x32", "age":29, "eyeColor":"green", "name":"Mildred Kirkland", "gender":"female", "company":"LINGOAGE", "email":"mildredkirkland@lingoage.com", "phone":"+1 (896) 414-2907", "address":"924 Rogers Avenue, Moraida, West Virginia, 1699", "about":"Ut elit quis do ipsum incididunt fugiat enim non. Non consectetur nisi Lorem pariatur qui aliquip. Ad consectetur enim proident eu cillum magna incididunt officia. Do ex dolor cupidatat do ea aliqua est minim amet. Cillum id aute aute deserunt consectetur ad cupidatat excepteur.\r\n", "registered":"2014-10-05T04:24:29 -07:00", "latitude":-68.600424, "longitude":19.180435, "tags":["exercitation", "occaecat", "ipsum", "adipisicing", "cupidatat", "laborum", "minim"], "friends":[{"id":0, "name":"Gwendolyn Hendricks"}, {"id":1, "name":"Natalia Neal"}, {"id":2, "name":"Marcy Merrill"}], "greeting":"Hello, Mildred Kirkland! You have 3 unread messages.", "favoriteFruit":"apple"}