{"_id":"55e8b8c62016bd4aa61ac8c3", "index":1409, "guid":"df6a9d08-82af-4ca5-bef9-0ffa6c41e900", "isActive":true, "balance":"$2,244.53", "picture":"http://placehold.it/32x32", "age":37, "eyeColor":"green", "name":"Wooten Hammond", "gender":"male", "company":"EVENTAGE", "email":"wootenhammond@eventage.com", "phone":"+1 (885) 573-2062", "address":"121 Jefferson Street, Tyhee, Vermont, 6475", "about":"Reprehenderit occaecat adipisicing proident ex eu sit enim excepteur sunt. Sint ullamco est do dolore eiusmod. Deserunt ullamco sit aliqua eu voluptate excepteur aliqua. Ullamco esse et commodo voluptate occaecat laboris esse est minim labore nostrud.\r\n", "registered":"2015-05-04T04:02:09 -07:00", "latitude":-64.073455, "longitude":-165.828087, "tags":["irure", "Lorem", "et", "incididunt", "sunt", "amet", "ex"], "friends":[{"id":0, "name":"Levine Ross"}, {"id":1, "name":"Bertie Harmon"}, {"id":2, "name":"Minnie Osborne"}], "greeting":"Hello, Wooten Hammond! You have 8 unread messages.", "favoriteFruit":"banana"}