{"_id":"55e8b8c64669ae4264394957", "index":11, "guid":"f267eb7c-3d4e-4a3d-9b32-6adffeeee23e", "isActive":false, "balance":"$610.71", "picture":"http://placehold.it/32x32", "age":20, "eyeColor":"blue", "name":"Lucas May", "gender":"male", "company":"ISBOL", "email":"lucasmay@isbol.com", "phone":"+1 (810) 401-3561", "address":"760 Debevoise Avenue, Farmers, Wisconsin, 9394", "about":"Elit mollit ullamco ipsum sint anim officia nisi adipisicing nulla. Ad sit adipisicing excepteur pariatur Lorem duis do enim duis irure est minim. In pariatur adipisicing aute fugiat quis enim. Velit laboris ea non magna minim nisi magna voluptate eu qui id aute Lorem elit. Occaecat ullamco aliquip ipsum laborum commodo reprehenderit ipsum elit aute laboris ex.\r\n", "registered":"2014-04-16T10:35:11 -07:00", "latitude":13.912458, "longitude":3.538303, "tags":["elit", "amet", "dolore", "veniam", "non", "tempor", "ex"], "friends":[{"id":0, "name":"Wilkerson Downs"}, {"id":1, "name":"Pennington David"}, {"id":2, "name":"Silva Nolan"}], "greeting":"Hello, Lucas May! You have 6 unread messages.", "favoriteFruit":"banana"}