{"_id":"55e8b8c67909ff2e94355daf", "index":1166, "guid":"a884eba7-77d3-460a-bece-432f347feecf", "isActive":true, "balance":"$1,678.47", "picture":"http://placehold.it/32x32", "age":28, "eyeColor":"brown", "name":"Miriam Burns", "gender":"female", "company":"DIGITALUS", "email":"miriamburns@digitalus.com", "phone":"+1 (849) 554-2269", "address":"965 Ruby Street, Riegelwood, Kansas, 2027", "about":"Sint eu ullamco eiusmod incididunt quis veniam eu ut. Proident mollit proident amet fugiat deserunt cupidatat irure consequat consectetur consequat duis magna cillum ad. Esse ipsum consequat pariatur nisi ad nulla. Est minim consequat commodo aliquip nulla laboris aliqua.\r\n", "registered":"2014-08-29T08:44:03 -07:00", "latitude":-12.069423, "longitude":170.548809, "tags":["magna", "sunt", "laborum", "laborum", "anim", "ad", "ut"], "friends":[{"id":0, "name":"Noelle Hayes"}, {"id":1, "name":"Freda Douglas"}, {"id":2, "name":"Lisa Miles"}], "greeting":"Hello, Miriam Burns! You have 8 unread messages.", "favoriteFruit":"apple"}