{"_id":"55e8b8c6a28defa1534f4c0a", "index":1089, "guid":"3c9035a8-553a-4335-8b43-adb84fcc6489", "isActive":false, "balance":"$6,451.99", "picture":"http://placehold.it/32x32", "age":35, "eyeColor":"blue", "name":"Effie Barker", "gender":"female", "company":"BOVIS", "email":"effiebarker@bovis.com", "phone":"+1 (861) 517-3740", "address":"480 Schenectady Avenue, Chalfant, Montana, 5282", "about":"Amet mollit voluptate exercitation tempor eiusmod tempor fugiat pariatur id. Laboris consectetur proident laboris ipsum. In minim proident anim aliqua Lorem ullamco nulla tempor ullamco voluptate nisi fugiat. Ullamco magna veniam enim elit proident sunt excepteur enim duis. Aute ullamco adipisicing velit aliquip id occaecat Lorem aliqua do duis eu ullamco fugiat Lorem. Ut laboris Lorem et Lorem ea anim sit sunt ullamco proident elit quis fugiat. Enim nulla est velit et excepteur voluptate minim culpa.\r\n", "registered":"2015-04-08T10:43:03 -07:00", "latitude":-48.949284, "longitude":-147.091005, "tags":["ad", "culpa", "est", "eiusmod", "ad", "irure", "mollit"], "friends":[{"id":0, "name":"Schmidt Nielsen"}, {"id":1, "name":"Sweet Robertson"}, {"id":2, "name":"Foley Short"}], "greeting":"Hello, Effie Barker! You have 9 unread messages.", "favoriteFruit":"apple"}