{"_id":"55e8b8c6cf2eb1747ba6d6d7", "index":1136, "guid":"da7609f8-226b-4341-ae9e-6657e2693ba5", "isActive":false, "balance":"$261.53", "picture":"http://placehold.it/32x32", "age":26, "eyeColor":"brown", "name":"Walls Cleveland", "gender":"male", "company":"QUAREX", "email":"wallscleveland@quarex.com", "phone":"+1 (924) 505-2337", "address":"619 Ditmars Street, Marbury, Arizona, 6607", "about":"Sint ex labore commodo nisi proident excepteur. Veniam duis ex incididunt occaecat mollit voluptate. Ea adipisicing et veniam ad nisi sit dolor esse. Quis velit eu consectetur amet mollit commodo sunt ad enim cillum ipsum exercitation. Nulla mollit deserunt duis ex exercitation mollit eiusmod amet excepteur irure enim.\r\n", "registered":"2015-06-13T08:00:51 -07:00", "latitude":83.889796, "longitude":-142.274426, "tags":["id", "quis", "cillum", "mollit", "laboris", "ipsum", "dolor"], "friends":[{"id":0, "name":"Raymond Kirkland"}, {"id":1, "name":"Bonner Hendricks"}, {"id":2, "name":"Emma Neal"}], "greeting":"Hello, Walls Cleveland! You have 2 unread messages.", "favoriteFruit":"apple"}