{"_id":"55e8b8c6fa7e67adb6fc2418", "index":1414, "guid":"b76a6f41-8e31-4735-81b1-a3bea5b71114", "isActive":false, "balance":"$2,387.77", "picture":"http://placehold.it/32x32", "age":20, "eyeColor":"brown", "name":"Eliza Stanton", "gender":"female", "company":"MITROC", "email":"elizastanton@mitroc.com", "phone":"+1 (857) 423-3179", "address":"404 Garfield Place, Westwood, Northern Mariana Islands, 5878", "about":"Sit eiusmod irure eu amet aliqua ad proident labore. Mollit ad ex eu nostrud tempor esse. Labore esse ipsum tempor do magna. Et cillum est mollit amet mollit veniam id qui. Amet tempor exercitation excepteur adipisicing incididunt esse.\r\n", "registered":"2014-08-10T10:19:41 -07:00", "latitude":-83.54547, "longitude":44.072456, "tags":["dolore", "pariatur", "ea", "sunt", "adipisicing", "laboris", "qui"], "friends":[{"id":0, "name":"Miranda Daniel"}, {"id":1, "name":"Owens Skinner"}, {"id":2, "name":"Roxie Peterson"}], "greeting":"Hello, Eliza Stanton! You have 4 unread messages.", "favoriteFruit":"banana"}