{"_id":"55e8b8c69ef822ec4cae18d2", "index":1106, "guid":"dc332b04-3a4a-457b-8518-6285cfea9520", "isActive":true, "balance":"$8,416.06", "picture":"http://placehold.it/32x32", "age":23, "eyeColor":"blue", "name":"Alfreda Jarvis", "gender":"female", "company":"VIRVA", "email":"alfredajarvis@virva.com", "phone":"+1 (900) 559-3270", "address":"252 Saratoga Avenue, Fairview, North Dakota, 2661", "about":"Aute Lorem tempor duis veniam. Ad id ut in id cupidatat in cillum consectetur elit. Minim sint duis non id ea minim qui esse quis sunt commodo voluptate.\r\n", "registered":"2015-05-24T07:37:33 -07:00", "latitude":44.242031, "longitude":106.850907, "tags":["id", "tempor", "aute", "ullamco", "aute", "dolor", "dolore"], "friends":[{"id":0, "name":"Queen Kennedy"}, {"id":1, "name":"Hester Butler"}, {"id":2, "name":"Stefanie Combs"}], "greeting":"Hello, Alfreda Jarvis! You have 7 unread messages.", "favoriteFruit":"strawberry"}