{"_id":"55e8b8c6e27574f966b6eb2e", "index":1323, "guid":"7c1dfa33-f5b5-4212-bd3f-8e82b4324c83", "isActive":true, "balance":"$4,946.53", "picture":"http://placehold.it/32x32", "age":33, "eyeColor":"green", "name":"Bobbie Grimes", "gender":"female", "company":"INRT", "email":"bobbiegrimes@inrt.com", "phone":"+1 (828) 457-3146", "address":"581 Holly Street, Temperanceville, Iowa, 4064", "about":"Cupidatat sint magna fugiat duis. Reprehenderit veniam id ea qui sint labore. Sint fugiat ipsum irure ex cupidatat elit. Adipisicing nulla incididunt duis dolore.\r\n", "registered":"2015-01-11T04:30:52 -07:00", "latitude":-42.605024, "longitude":-73.833852, "tags":["velit", "ullamco", "pariatur", "minim", "consequat", "excepteur", "ea"], "friends":[{"id":0, "name":"Franks Wilson"}, {"id":1, "name":"Burnett Carr"}, {"id":2, "name":"Sawyer Little"}], "greeting":"Hello, Bobbie Grimes! You have 7 unread messages.", "favoriteFruit":"strawberry"}