{"_id":"55e8b8c635dc36e033e04fa8", "index":1065, "guid":"bd3fcf96-df1b-4e67-862a-559dd2d00819", "isActive":true, "balance":"$1,781.86", "picture":"http://placehold.it/32x32", "age":34, "eyeColor":"green", "name":"Carroll Velasquez", "gender":"male", "company":"ISOLOGIX", "email":"carrollvelasquez@isologix.com", "phone":"+1 (930) 599-3420", "address":"296 Hill Street, Loveland, Guam, 5850", "about":"Dolore incididunt dolor dolore aliqua labore sint sunt nulla culpa. Consequat quis minim est pariatur proident enim labore mollit cupidatat. Sit minim aliqua ullamco nostrud ipsum aliquip reprehenderit quis sit sint commodo nulla. Ut ullamco non nisi minim Lorem esse.\r\n", "registered":"2015-01-11T09:33:47 -07:00", "latitude":-28.374917, "longitude":160.533997, "tags":["anim", "culpa", "laborum", "ut", "ea", "enim", "in"], "friends":[{"id":0, "name":"Hayes Robbins"}, {"id":1, "name":"Cash Leblanc"}, {"id":2, "name":"Lowery Rodriquez"}], "greeting":"Hello, Carroll Velasquez! You have 2 unread messages.", "favoriteFruit":"strawberry"}