{"_id":"55e8b8c6c516aba17cd01493", "index":1208, "guid":"41a4c93c-d862-4a2c-bc35-96322abe5d29", "isActive":true, "balance":"$8,473.39", "picture":"http://placehold.it/32x32", "age":33, "eyeColor":"brown", "name":"Mckee Case", "gender":"male", "company":"KEGULAR", "email":"mckeecase@kegular.com", "phone":"+1 (991) 487-3175", "address":"466 Dakota Place, Wadsworth, Florida, 6348", "about":"Est amet laborum nostrud nostrud cillum laborum dolor in aliquip ut eu nulla non dolor. In veniam aliquip sit reprehenderit culpa amet fugiat ex. Tempor duis tempor labore nisi eiusmod velit voluptate est irure id ea.\r\n", "registered":"2015-03-29T01:49:05 -07:00", "latitude":-30.631068, "longitude":120.641506, "tags":["culpa", "in", "dolore", "duis", "excepteur", "tempor", "laborum"], "friends":[{"id":0, "name":"Wheeler Daugherty"}, {"id":1, "name":"Austin Kline"}, {"id":2, "name":"Ruby Key"}], "greeting":"Hello, Mckee Case! You have 2 unread messages.", "favoriteFruit":"strawberry"}