{"_id":"55e8b8c6630dc6d24c81961d", "index":1013, "guid":"178a4f12-34ad-4543-87a7-08abc81682a8", "isActive":true, "balance":"$2,208.21", "picture":"http://placehold.it/32x32", "age":28, "eyeColor":"green", "name":"Colon Trujillo", "gender":"male", "company":"SOLGAN", "email":"colontrujillo@solgan.com", "phone":"+1 (988) 475-3254", "address":"384 Bay Avenue, Hebron, Virginia, 133", "about":"Sit ex reprehenderit irure aliquip esse exercitation eu sunt. Do et non veniam ipsum tempor culpa ullamco. Tempor irure commodo consequat nulla cillum. Cillum ullamco duis commodo dolor non elit Lorem do magna. Excepteur id velit aliqua reprehenderit.\r\n", "registered":"2014-10-04T08:53:47 -07:00", "latitude":68.006761, "longitude":178.546772, "tags":["elit", "ullamco", "aute", "exercitation", "tempor", "elit", "nostrud"], "friends":[{"id":0, "name":"Matilda Pearson"}, {"id":1, "name":"Mullen Riley"}, {"id":2, "name":"Brittney Holder"}], "greeting":"Hello, Colon Trujillo! You have 2 unread messages.", "favoriteFruit":"apple"}