{"_id":"55e8b8c63157c43c91ef478a", "index":1444, "guid":"3a465795-7a1e-4860-a0bf-06a027b19f68", "isActive":false, "balance":"$1,898.42", "picture":"http://placehold.it/32x32", "age":37, "eyeColor":"brown", "name":"Cantrell Serrano", "gender":"male", "company":"DUFLEX", "email":"cantrellserrano@duflex.com", "phone":"+1 (884) 454-3266", "address":"129 Butler Place, Axis, West Virginia, 8236", "about":"Aliqua amet voluptate do eu aliqua veniam. Incididunt incididunt enim ex excepteur laborum Lorem est velit commodo ea deserunt consectetur nulla elit. Do velit do est voluptate enim voluptate eu labore duis ex Lorem ullamco. Pariatur amet ut qui magna elit ullamco. Non Lorem in ullamco tempor est cillum exercitation dolor proident reprehenderit. Dolore culpa laborum reprehenderit eu amet nulla deserunt excepteur occaecat sit dolore aliquip minim aliquip.\r\n", "registered":"2015-08-03T12:45:35 -07:00", "latitude":-15.259942, "longitude":77.881887, "tags":["ex", "et", "tempor", "dolore", "enim", "exercitation", "tempor"], "friends":[{"id":0, "name":"Montoya Harvey"}, {"id":1, "name":"Lillian Cooper"}, {"id":2, "name":"Kirkland Burgess"}], "greeting":"Hello, Cantrell Serrano! You have 8 unread messages.", "favoriteFruit":"apple"}