{"_id":"55e8b8c681618638523517fa", "index":1170, "guid":"5af166ab-85c4-4151-94ac-e28060605a22", "isActive":true, "balance":"$533.55", "picture":"http://placehold.it/32x32", "age":20, "eyeColor":"blue", "name":"Curtis Avila", "gender":"male", "company":"SINGAVERA", "email":"curtisavila@singavera.com", "phone":"+1 (896) 548-2256", "address":"439 Melrose Street, Williamson, Federated States Of Micronesia, 6092", "about":"Id commodo ipsum do Lorem ad esse. Quis ea in laborum exercitation. Velit laborum non qui commodo occaecat amet. Id minim ad nostrud irure do excepteur. Id eu officia in cillum pariatur veniam ad.\r\n", "registered":"2015-08-12T12:49:22 -07:00", "latitude":-60.676342, "longitude":-35.00783, "tags":["nulla", "nisi", "velit", "laborum", "esse", "ad", "occaecat"], "friends":[{"id":0, "name":"Marianne Barry"}, {"id":1, "name":"Jane Simpson"}, {"id":2, "name":"Livingston Bond"}], "greeting":"Hello, Curtis Avila! You have 3 unread messages.", "favoriteFruit":"strawberry"}