{"_id":"55e8b8c64ac32f34d2077de5", "index":1430, "guid":"2d401135-f8ea-4b1b-af52-3bc20705eee8", "isActive":false, "balance":"$6,292.93", "picture":"http://placehold.it/32x32", "age":22, "eyeColor":"brown", "name":"Keisha Briggs", "gender":"female", "company":"XYMONK", "email":"keishabriggs@xymonk.com", "phone":"+1 (860) 562-2020", "address":"975 Beaumont Street, Jennings, Ohio, 7747", "about":"Voluptate do eu deserunt quis. Sunt incididunt culpa et anim dolore minim magna veniam reprehenderit ea. Eu dolore labore elit sunt dolor est et sit sit id.\r\n", "registered":"2014-09-19T07:16:34 -07:00", "latitude":19.557105, "longitude":159.59221, "tags":["quis", "et", "laboris", "ut", "sit", "voluptate", "reprehenderit"], "friends":[{"id":0, "name":"Shelton Flores"}, {"id":1, "name":"Milagros Cruz"}, {"id":2, "name":"Nadine Wallace"}], "greeting":"Hello, Keisha Briggs! You have 10 unread messages.", "favoriteFruit":"strawberry"}