{"_id":"55e8b8c690c651c82117d049", "index":1295, "guid":"10028cc2-f506-49c6-bb1a-0c71202bf048", "isActive":false, "balance":"$684.48", "picture":"http://placehold.it/32x32", "age":40, "eyeColor":"brown", "name":"Toni White", "gender":"female", "company":"CHILLIUM", "email":"toniwhite@chillium.com", "phone":"+1 (864) 459-3629", "address":"904 Flatlands Avenue, Eagletown, Oregon, 7945", "about":"Incididunt consectetur ipsum consectetur commodo fugiat labore nulla consectetur commodo reprehenderit ipsum. Fugiat culpa et et minim labore aliqua consequat cupidatat adipisicing et nostrud nulla incididunt. Cillum et officia veniam occaecat culpa dolore Lorem esse veniam voluptate proident. Cillum nulla velit voluptate laborum labore incididunt cillum et aute. Ipsum ad ea non ad culpa adipisicing amet amet voluptate eiusmod et exercitation cupidatat.\r\n", "registered":"2015-06-04T08:31:23 -07:00", "latitude":87.873703, "longitude":-173.197814, "tags":["sint", "occaecat", "ipsum", "sit", "Lorem", "eiusmod", "mollit"], "friends":[{"id":0, "name":"Dorthy Holt"}, {"id":1, "name":"Lucinda Jones"}, {"id":2, "name":"Bray Abbott"}], "greeting":"Hello, Toni White! You have 5 unread messages.", "favoriteFruit":"strawberry"}