{"_id":"55e8b8c668a0d43c10490c88", "index":1302, "guid":"ef59842b-36cd-4c8f-b698-28aef9509797", "isActive":true, "balance":"$568.57", "picture":"http://placehold.it/32x32", "age":26, "eyeColor":"blue", "name":"Salazar Ratliff", "gender":"male", "company":"SYBIXTEX", "email":"salazarratliff@sybixtex.com", "phone":"+1 (948) 499-3515", "address":"499 Boynton Place, Succasunna, Tennessee, 1136", "about":"Minim magna incididunt aliqua pariatur veniam duis ad qui cupidatat. Non et duis veniam reprehenderit quis est nisi sint. Consequat ullamco eu adipisicing occaecat laboris.\r\n", "registered":"2015-04-20T10:31:07 -07:00", "latitude":88.345983, "longitude":-65.210223, "tags":["anim", "qui", "et", "mollit", "laboris", "irure", "et"], "friends":[{"id":0, "name":"Hardin Munoz"}, {"id":1, "name":"Santiago Coleman"}, {"id":2, "name":"Oneal Roberson"}], "greeting":"Hello, Salazar Ratliff! You have 2 unread messages.", "favoriteFruit":"apple"}