{"_id":"55e8b8c63b82756931f514a7", "index":1111, "guid":"600ad70c-3f67-46b3-8d1b-e843dc8c9150", "isActive":false, "balance":"$7,243.15", "picture":"http://placehold.it/32x32", "age":26, "eyeColor":"brown", "name":"Whitaker Shelton", "gender":"male", "company":"ZEAM", "email":"whitakershelton@zeam.com", "phone":"+1 (937) 521-2811", "address":"145 Bay Street, Brantleyville, Oklahoma, 6700", "about":"Laboris est proident amet labore consectetur. Excepteur culpa Lorem irure irure Lorem fugiat minim in exercitation dolor elit fugiat aliqua cillum. Proident sunt est qui aliqua reprehenderit consequat adipisicing eu ipsum commodo duis magna aliqua. Ut amet non non exercitation eiusmod consectetur quis irure. Consectetur in quis cupidatat laborum tempor proident enim in. Lorem cupidatat ea laborum mollit. Officia reprehenderit quis nostrud adipisicing in.\r\n", "registered":"2014-02-22T02:06:06 -07:00", "latitude":-46.352872, "longitude":140.940302, "tags":["nostrud", "officia", "consequat", "amet", "adipisicing", "eiusmod", "minim"], "friends":[{"id":0, "name":"Vincent Obrien"}, {"id":1, "name":"Rosalinda Becker"}, {"id":2, "name":"Joanne Hoffman"}], "greeting":"Hello, Whitaker Shelton! You have 8 unread messages.", "favoriteFruit":"apple"}