{"_id":"55e8b8c6e0f74b61f9a5b2d6", "index":1291, "guid":"ecf87e60-d752-4a6a-9305-a14e2160d246", "isActive":false, "balance":"$6,470.92", "picture":"http://placehold.it/32x32", "age":40, "eyeColor":"green", "name":"Gentry Kerr", "gender":"male", "company":"HAIRPORT", "email":"gentrykerr@hairport.com", "phone":"+1 (952) 556-2425", "address":"240 Croton Loop, Trinway, Massachusetts, 6514", "about":"Ex consectetur sit adipisicing sint labore. Ea labore labore pariatur aute consequat reprehenderit voluptate aliqua aliquip mollit mollit deserunt enim labore. Reprehenderit incididunt labore do irure anim. Ut commodo adipisicing enim ullamco. Non proident nulla nulla magna velit consectetur aute nulla.\r\n", "registered":"2015-04-24T09:00:51 -07:00", "latitude":-40.40785, "longitude":-23.718723, "tags":["cillum", "non", "sunt", "minim", "exercitation", "Lorem", "reprehenderit"], "friends":[{"id":0, "name":"Rene Lowery"}, {"id":1, "name":"Leigh Eaton"}, {"id":2, "name":"Hewitt Franklin"}], "greeting":"Hello, Gentry Kerr! You have 2 unread messages.", "favoriteFruit":"apple"}