{"_id":"55e8b8c6aa18d38052054034", "index":130, "guid":"dad08ce6-14f5-4cf2-9546-f5074df55488", "isActive":true, "balance":"$4,978.20", "picture":"http://placehold.it/32x32", "age":37, "eyeColor":"blue", "name":"Johns Levine", "gender":"male", "company":"GLOBOIL", "email":"johnslevine@globoil.com", "phone":"+1 (835) 401-3123", "address":"118 Crown Street, Brazos, District Of Columbia, 7598", "about":"Adipisicing non ea culpa do eiusmod exercitation ex Lorem. Dolore minim excepteur duis fugiat aliqua sit. Labore incididunt ad id excepteur velit. Aute id ipsum incididunt duis ad tempor eu proident voluptate commodo labore consectetur.\r\n", "registered":"2014-11-29T10:15:44 -07:00", "latitude":-16.574089, "longitude":116.999846, "tags":["qui", "sint", "ullamco", "cupidatat", "cillum", "velit", "sint"], "friends":[{"id":0, "name":"Roberts Michael"}, {"id":1, "name":"Nelson Ruiz"}, {"id":2, "name":"Pierce Barrera"}], "greeting":"Hello, Johns Levine! You have 7 unread messages.", "favoriteFruit":"apple"}