{"_id":"55e8b8c65454b760fb79658b", "index":1246, "guid":"35840c1e-4bd8-4093-8bce-d860279279bf", "isActive":false, "balance":"$162.65", "picture":"http://placehold.it/32x32", "age":27, "eyeColor":"green", "name":"Vicki Logan", "gender":"female", "company":"PHOTOBIN", "email":"vickilogan@photobin.com", "phone":"+1 (910) 582-3506", "address":"210 Ridgewood Place, Deputy, Utah, 2690", "about":"Incididunt magna laboris amet anim in adipisicing excepteur non. Laborum amet aute esse laboris ut veniam ea exercitation eu do mollit commodo. Cupidatat excepteur sit incididunt cupidatat occaecat nostrud laborum.\r\n", "registered":"2015-03-04T03:15:55 -07:00", "latitude":45.846556, "longitude":-25.927002, "tags":["minim", "minim", "dolor", "ad", "proident", "elit", "sint"], "friends":[{"id":0, "name":"Fay Santiago"}, {"id":1, "name":"Ramsey Newman"}, {"id":2, "name":"Ila Fleming"}], "greeting":"Hello, Vicki Logan! You have 6 unread messages.", "favoriteFruit":"banana"}