{"_id":"55e8b8c648c77b3b7a1a0c09", "index":1405, "guid":"35f7671c-3f21-4b18-8b84-4530ef837113", "isActive":false, "balance":"$7,113.44", "picture":"http://placehold.it/32x32", "age":28, "eyeColor":"brown", "name":"Nita Dennis", "gender":"female", "company":"KEENGEN", "email":"nitadennis@keengen.com", "phone":"+1 (927) 569-3951", "address":"657 Rutledge Street, Denio, Pennsylvania, 9722", "about":"Exercitation irure sunt veniam laboris labore. Voluptate consequat cupidatat qui elit adipisicing elit qui ex. Incididunt dolor minim ad nulla amet sint laboris ipsum non est minim fugiat dolor ad. Sunt culpa quis quis commodo adipisicing excepteur. Aliquip commodo reprehenderit ullamco commodo elit.\r\n", "registered":"2015-03-28T12:32:33 -07:00", "latitude":-70.750997, "longitude":-102.258656, "tags":["fugiat", "magna", "ut", "excepteur", "dolor", "eu", "labore"], "friends":[{"id":0, "name":"Loraine Burnett"}, {"id":1, "name":"Elnora Ortega"}, {"id":2, "name":"Rosalyn Mcdaniel"}], "greeting":"Hello, Nita Dennis! You have 3 unread messages.", "favoriteFruit":"apple"}