{"_id":"55e8b8c6e049f55099a6f68e", "index":1176, "guid":"35b1ed1e-1e36-41f0-9cbc-3141f475a300", "isActive":true, "balance":"$1,791.79", "picture":"http://placehold.it/32x32", "age":31, "eyeColor":"green", "name":"Dee Hyde", "gender":"female", "company":"CANDECOR", "email":"deehyde@candecor.com", "phone":"+1 (890) 598-2021", "address":"777 Duryea Place, Churchill, North Carolina, 2799", "about":"Eiusmod est aute enim laborum non minim tempor non laborum in mollit. Duis et dolore aliquip ut laborum dolore ex. Amet nostrud anim deserunt ex magna qui voluptate mollit sunt non Lorem laborum et. Sit laborum ullamco non adipisicing laboris est nostrud mollit est ex culpa duis. Irure ex proident fugiat adipisicing et duis sunt ad. Officia tempor in anim cillum ea incididunt dolor aliqua incididunt nulla.\r\n", "registered":"2014-05-05T04:13:01 -07:00", "latitude":81.442978, "longitude":106.113288, "tags":["mollit", "eiusmod", "velit", "fugiat", "ullamco", "deserunt", "ullamco"], "friends":[{"id":0, "name":"Lindsay Lawrence"}, {"id":1, "name":"Kerr Jenkins"}, {"id":2, "name":"Miller Cantrell"}], "greeting":"Hello, Dee Hyde! You have 4 unread messages.", "favoriteFruit":"strawberry"}