{"_id":"55e8b8c6c71d3e5037c2ca3a", "index":1231, "guid":"6083a537-f2e1-4a0b-92ef-582b0eb95916", "isActive":true, "balance":"$2,618.36", "picture":"http://placehold.it/32x32", "age":40, "eyeColor":"green", "name":"Beard Potter", "gender":"male", "company":"GEEKULAR", "email":"beardpotter@geekular.com", "phone":"+1 (874) 569-2107", "address":"247 Onderdonk Avenue, Walland, Pennsylvania, 449", "about":"Mollit aliquip reprehenderit culpa eiusmod laborum pariatur mollit proident eu. Eu deserunt elit tempor non anim sint cupidatat ipsum ea tempor est. Et commodo enim et reprehenderit exercitation laborum deserunt velit dolore elit ex. Quis ea deserunt culpa aliquip proident nisi adipisicing.\r\n", "registered":"2014-04-08T04:58:09 -07:00", "latitude":7.182858, "longitude":-10.078017, "tags":["eiusmod", "laboris", "adipisicing", "do", "fugiat", "eiusmod", "reprehenderit"], "friends":[{"id":0, "name":"Flowers Mccullough"}, {"id":1, "name":"Mcbride Mcknight"}, {"id":2, "name":"Cherry Trevino"}], "greeting":"Hello, Beard Potter! You have 4 unread messages.", "favoriteFruit":"banana"}