{"_id":"55e8b8c6c2dadb72cbad939c", "index":1230, "guid":"87d14319-1423-40e2-8652-1354c6b1c6a1", "isActive":false, "balance":"$7,085.40", "picture":"http://placehold.it/32x32", "age":37, "eyeColor":"brown", "name":"Holland Richmond", "gender":"male", "company":"INVENTURE", "email":"hollandrichmond@inventure.com", "phone":"+1 (998) 428-3488", "address":"767 Bouck Court, Manitou, Marshall Islands, 2026", "about":"Eiusmod ex nisi sunt sint. Aliquip officia esse aliqua aliqua reprehenderit consequat quis proident nulla cupidatat nostrud adipisicing sit. Ad Lorem labore veniam sint in pariatur laboris elit exercitation labore esse. Culpa irure laboris enim ut esse enim quis magna officia officia ea excepteur consectetur nisi. Excepteur aliquip exercitation sit aute do irure cillum qui consequat. Quis ullamco deserunt Lorem magna aliquip laboris ullamco labore Lorem cillum proident.\r\n", "registered":"2014-09-14T11:25:39 -07:00", "latitude":-82.967619, "longitude":-31.476025, "tags":["eiusmod", "cupidatat", "laboris", "duis", "minim", "eiusmod", "adipisicing"], "friends":[{"id":0, "name":"Melody Bolton"}, {"id":1, "name":"Zelma Alvarado"}, {"id":2, "name":"Ilene Estes"}], "greeting":"Hello, Holland Richmond! You have 10 unread messages.", "favoriteFruit":"strawberry"}