{"_id":"55e8b8c6ddc8daa436286dcb", "index":1342, "guid":"dd084b5c-5191-41e5-a9da-f5063f582f59", "isActive":true, "balance":"$2,946.35", "picture":"http://placehold.it/32x32", "age":28, "eyeColor":"brown", "name":"Ray Haney", "gender":"male", "company":"EYERIS", "email":"rayhaney@eyeris.com", "phone":"+1 (800) 450-2455", "address":"481 Meserole Avenue, Bainbridge, Missouri, 5920", "about":"In sit est irure dolor consequat laborum. Excepteur proident ea elit elit fugiat eu qui. Sunt quis incididunt ullamco adipisicing esse elit esse laboris occaecat cillum. Exercitation mollit nulla proident esse culpa sint amet ex laboris. Labore proident exercitation ad ex est quis cillum ad est.\r\n", "registered":"2014-05-01T07:58:21 -07:00", "latitude":76.53534, "longitude":-122.190602, "tags":["ea", "enim", "cupidatat", "ipsum", "ut", "ad", "dolore"], "friends":[{"id":0, "name":"Keri Bullock"}, {"id":1, "name":"Shaw Huff"}, {"id":2, "name":"Doreen Bernard"}], "greeting":"Hello, Ray Haney! You have 10 unread messages.", "favoriteFruit":"apple"}