{"_id":"55e8b8c675b49af435442112", "index":1118, "guid":"444454ec-115d-402b-880d-42a2d2d7add5", "isActive":false, "balance":"$2,988.25", "picture":"http://placehold.it/32x32", "age":34, "eyeColor":"brown", "name":"Marcella Ingram", "gender":"female", "company":"ECSTASIA", "email":"marcellaingram@ecstasia.com", "phone":"+1 (856) 528-3318", "address":"424 Tompkins Avenue, Belfair, North Carolina, 8456", "about":"Labore dolore dolor cupidatat deserunt ullamco non amet qui magna duis ex elit voluptate cupidatat. Nostrud dolore do magna duis enim. Incididunt occaecat eu voluptate veniam Lorem incididunt consectetur mollit nostrud duis. Elit sint aute sunt est consectetur aliqua fugiat amet non labore nisi sunt officia officia. Id sunt duis ex labore eu eu laborum sit duis in deserunt labore magna. Velit anim nulla do id aliqua elit cillum eiusmod est amet reprehenderit.\r\n", "registered":"2014-12-03T11:21:58 -07:00", "latitude":-64.80719, "longitude":5.443156, "tags":["eu", "nulla", "ut", "labore", "mollit", "aute", "aute"], "friends":[{"id":0, "name":"Randi Gill"}, {"id":1, "name":"Orr Vasquez"}, {"id":2, "name":"Cabrera Melendez"}], "greeting":"Hello, Marcella Ingram! You have 7 unread messages.", "favoriteFruit":"apple"}