{"_id":"55e8b8c61f15740bf1c947e9", "index":1177, "guid":"fdab81de-1875-45d2-81aa-4a7d19d53bd4", "isActive":true, "balance":"$785.79", "picture":"http://placehold.it/32x32", "age":34, "eyeColor":"green", "name":"Morton Tucker", "gender":"male", "company":"INTRADISK", "email":"mortontucker@intradisk.com", "phone":"+1 (988) 452-3805", "address":"238 Vandervoort Avenue, Trexlertown, Vermont, 4276", "about":"Velit veniam adipisicing exercitation fugiat. Eiusmod exercitation eiusmod tempor reprehenderit ullamco duis. Cillum consequat qui velit anim sint enim irure. Cupidatat laborum nisi ut culpa duis nisi fugiat nostrud exercitation. Dolore Lorem elit culpa fugiat aliqua enim excepteur aliqua aute enim. Veniam proident duis occaecat voluptate ut ad ad enim exercitation cillum ea ipsum. In tempor sint officia laboris nisi Lorem.\r\n", "registered":"2014-05-06T06:05:07 -07:00", "latitude":85.91526, "longitude":66.17261, "tags":["eiusmod", "voluptate", "sit", "elit", "aliquip", "nulla", "exercitation"], "friends":[{"id":0, "name":"Ladonna Franks"}, {"id":1, "name":"Newton Oliver"}, {"id":2, "name":"Hilda Atkinson"}], "greeting":"Hello, Morton Tucker! You have 7 unread messages.", "favoriteFruit":"strawberry"}