{"_id":"55e8b8c623668760ed3d016a", "index":1267, "guid":"1b7e7788-91a9-40aa-8a72-8cad6ad677c3", "isActive":true, "balance":"$8,797.84", "picture":"http://placehold.it/32x32", "age":33, "eyeColor":"blue", "name":"Bailey Chaney", "gender":"male", "company":"GINKOGENE", "email":"baileychaney@ginkogene.com", "phone":"+1 (809) 521-3219", "address":"211 Estate Road, Motley, New Hampshire, 1396", "about":"Tempor elit deserunt excepteur deserunt ad aute. Cupidatat proident irure labore aliqua elit incididunt et deserunt reprehenderit magna. Occaecat labore officia cupidatat officia reprehenderit velit culpa velit officia ullamco pariatur minim. Incididunt do mollit commodo in.\r\n", "registered":"2015-01-12T12:22:42 -07:00", "latitude":-18.983189, "longitude":24.454286, "tags":["minim", "eiusmod", "fugiat", "ullamco", "exercitation", "ad", "aliqua"], "friends":[{"id":0, "name":"Peters Whitehead"}, {"id":1, "name":"Daphne Hays"}, {"id":2, "name":"Fischer Vargas"}], "greeting":"Hello, Bailey Chaney! You have 7 unread messages.", "favoriteFruit":"strawberry"}