{"_id":"55e8b8c61c18ef092f01b3d2", "index":1173, "guid":"4e4dd77d-e14e-44bf-a028-988beddaf1a6", "isActive":false, "balance":"$8,488.08", "picture":"http://placehold.it/32x32", "age":38, "eyeColor":"blue", "name":"Whitney Stuart", "gender":"male", "company":"VOIPA", "email":"whitneystuart@voipa.com", "phone":"+1 (955) 592-2970", "address":"414 Sunnyside Court, Gambrills, Pennsylvania, 4170", "about":"Elit aute pariatur est ad esse. Excepteur non do ad reprehenderit sunt pariatur velit duis cillum do. Occaecat elit officia eiusmod nisi incididunt deserunt dolor deserunt id aliqua mollit dolore occaecat nostrud. Mollit ea ex tempor commodo officia. Nisi reprehenderit ad ullamco veniam officia sit non sunt aute consequat dolore voluptate. Mollit tempor dolore duis ea nostrud Lorem pariatur sunt enim cupidatat. Quis commodo cupidatat irure proident ad dolore enim occaecat ipsum tempor.\r\n", "registered":"2015-07-31T09:33:06 -07:00", "latitude":-78.092875, "longitude":139.386992, "tags":["qui", "non", "eu", "ut", "velit", "aliquip", "adipisicing"], "friends":[{"id":0, "name":"Kristi Avery"}, {"id":1, "name":"Carissa Warren"}, {"id":2, "name":"Angeline Mccarthy"}], "greeting":"Hello, Whitney Stuart! You have 9 unread messages.", "favoriteFruit":"banana"}