{"_id":"55e8b8c6cdbf8cc793d42ec8", "index":1276, "guid":"fd841e9a-4894-44ed-9a4c-fc00da285e4b", "isActive":true, "balance":"$6,582.50", "picture":"http://placehold.it/32x32", "age":28, "eyeColor":"green", "name":"Kasey Herring", "gender":"female", "company":"EXTREMO", "email":"kaseyherring@extremo.com", "phone":"+1 (913) 464-2273", "address":"147 Veterans Avenue, Loma, Maryland, 3213", "about":"Ullamco sint quis cupidatat laboris officia elit magna occaecat irure. Ea commodo Lorem mollit deserunt in anim in consequat reprehenderit occaecat duis labore. Consectetur ut ut est duis velit laborum aliquip deserunt esse consequat commodo eu. Quis nulla qui consectetur tempor elit nisi velit esse consectetur. Cupidatat sunt sint ea enim in irure mollit. Ad anim sint commodo aliquip occaecat. Exercitation ad incididunt irure deserunt ea do consectetur deserunt culpa id anim tempor.\r\n", "registered":"2014-06-15T08:36:44 -07:00", "latitude":74.163311, "longitude":92.157261, "tags":["laboris", "labore", "minim", "consequat", "in", "ipsum", "et"], "friends":[{"id":0, "name":"Lambert Woodward"}, {"id":1, "name":"Reilly Fisher"}, {"id":2, "name":"Rhonda Spencer"}], "greeting":"Hello, Kasey Herring! You have 10 unread messages.", "favoriteFruit":"strawberry"}