{"_id":"55e8b8c627484a130695d8a1", "index":1113, "guid":"92c0b072-a1cf-432a-8340-b924dfd6b966", "isActive":true, "balance":"$742.17", "picture":"http://placehold.it/32x32", "age":23, "eyeColor":"blue", "name":"King Cotton", "gender":"male", "company":"CAXT", "email":"kingcotton@caxt.com", "phone":"+1 (808) 584-2169", "address":"950 Nichols Avenue, Coventry, Wisconsin, 8821", "about":"Sit sint sint aliqua consectetur. Amet est proident pariatur qui sunt consectetur adipisicing culpa laborum minim quis eiusmod ut. Pariatur velit reprehenderit ex incididunt ea quis incididunt aute ut velit deserunt nostrud irure. Ad velit aliqua id in. In incididunt voluptate dolore aliqua commodo magna minim reprehenderit. Proident cillum officia consequat irure mollit.\r\n", "registered":"2014-12-21T01:56:07 -07:00", "latitude":-23.439724, "longitude":-163.859015, "tags":["et", "nostrud", "incididunt", "occaecat", "labore", "consectetur", "do"], "friends":[{"id":0, "name":"Byers Noel"}, {"id":1, "name":"Carver Morrow"}, {"id":2, "name":"Britney Hensley"}], "greeting":"Hello, King Cotton! You have 7 unread messages.", "favoriteFruit":"strawberry"}