{"_id":"55e8b8c6f3ad2f7ff175fb90", "index":1390, "guid":"a2bd36fa-71b3-41ab-968e-906c24878e1e", "isActive":true, "balance":"$856.71", "picture":"http://placehold.it/32x32", "age":35, "eyeColor":"brown", "name":"Reyes Farmer", "gender":"male", "company":"SAVVY", "email":"reyesfarmer@savvy.com", "phone":"+1 (806) 507-3375", "address":"342 Bills Place, Thornport, American Samoa, 6402", "about":"Ad sit ut ullamco sunt ut tempor velit. Occaecat id anim tempor occaecat. Elit ipsum consectetur veniam sint do culpa reprehenderit esse ipsum eu sint. Labore culpa labore labore consequat dolore quis incididunt dolor sint elit laborum nisi proident nulla.\r\n", "registered":"2014-09-23T09:48:00 -07:00", "latitude":41.288112, "longitude":58.566333, "tags":["deserunt", "anim", "mollit", "enim", "id", "proident", "quis"], "friends":[{"id":0, "name":"Barker Phillips"}, {"id":1, "name":"Aline Lara"}, {"id":2, "name":"Lorena Griffith"}], "greeting":"Hello, Reyes Farmer! You have 10 unread messages.", "favoriteFruit":"banana"}