{"_id":"55e8b8c6967bfe8757192b63", "index":1251, "guid":"32753cd3-022e-40d1-ae37-6ece70ebdbd5", "isActive":true, "balance":"$9,444.38", "picture":"http://placehold.it/32x32", "age":24, "eyeColor":"brown", "name":"Tania Conley", "gender":"female", "company":"STRALUM", "email":"taniaconley@stralum.com", "phone":"+1 (918) 588-3212", "address":"425 Pierrepont Street, Hollymead, Georgia, 491", "about":"Reprehenderit nostrud cupidatat nostrud sit magna culpa voluptate quis laborum laborum est. Aliqua esse elit duis eiusmod in mollit ullamco nisi occaecat in est eiusmod eiusmod adipisicing. Occaecat aliqua eu officia qui voluptate minim.\r\n", "registered":"2015-02-03T06:18:08 -07:00", "latitude":-88.458906, "longitude":6.95995, "tags":["labore", "eu", "fugiat", "reprehenderit", "sunt", "adipisicing", "anim"], "friends":[{"id":0, "name":"Rosanne Wolfe"}, {"id":1, "name":"Goff Fuller"}, {"id":2, "name":"Love Decker"}], "greeting":"Hello, Tania Conley! You have 3 unread messages.", "favoriteFruit":"strawberry"}