{"_id":"55e8b8c6436c03c2719ced80", "index":1357, "guid":"f8b3d8f7-4ab3-4237-8bc8-6ca817a5cfaf", "isActive":true, "balance":"$2,293.39", "picture":"http://placehold.it/32x32", "age":39, "eyeColor":"blue", "name":"Simone Garrison", "gender":"female", "company":"NORALEX", "email":"simonegarrison@noralex.com", "phone":"+1 (885) 502-3024", "address":"420 Keen Court, Connerton, California, 8467", "about":"Lorem sint amet et anim non fugiat esse laboris id labore reprehenderit cupidatat reprehenderit. Est velit adipisicing consequat proident mollit ex pariatur est elit. Pariatur ullamco mollit cillum non fugiat duis id Lorem. Quis exercitation deserunt consequat reprehenderit sunt amet elit est enim proident occaecat sunt labore.\r\n", "registered":"2014-05-22T07:19:11 -07:00", "latitude":-37.016705, "longitude":-161.70136, "tags":["id", "incididunt", "eiusmod", "aliquip", "magna", "dolor", "sit"], "friends":[{"id":0, "name":"Rosemarie Washington"}, {"id":1, "name":"Savage Hewitt"}, {"id":2, "name":"Enid Lane"}], "greeting":"Hello, Simone Garrison! You have 5 unread messages.", "favoriteFruit":"apple"}