{"_id":"55e8b8c6d869c9631d2c2f29", "index":1397, "guid":"01a225db-b2a0-456d-9732-59c78441e5ba", "isActive":true, "balance":"$3,547.21", "picture":"http://placehold.it/32x32", "age":36, "eyeColor":"blue", "name":"Lessie Workman", "gender":"female", "company":"KONNECT", "email":"lessieworkman@konnect.com", "phone":"+1 (929) 593-2776", "address":"403 Prince Street, Washington, Rhode Island, 6706", "about":"Eiusmod incididunt et magna proident adipisicing adipisicing minim. Proident ad est nisi consectetur sit eu aute eu. Lorem fugiat eu cupidatat duis irure voluptate magna tempor nisi officia aute velit id. Mollit aliqua irure aliquip dolore est in id commodo ullamco officia irure non do est.\r\n", "registered":"2015-08-16T07:29:05 -07:00", "latitude":-41.818683, "longitude":-53.672598, "tags":["tempor", "aliquip", "incididunt", "mollit", "mollit", "exercitation", "velit"], "friends":[{"id":0, "name":"Guadalupe Malone"}, {"id":1, "name":"Barlow Mccray"}, {"id":2, "name":"Loretta Mcbride"}], "greeting":"Hello, Lessie Workman! You have 4 unread messages.", "favoriteFruit":"strawberry"}