{"_id":"55e8b8c625d7d09f3f97de12", "index":1317, "guid":"98b1b1eb-11ea-4db4-85c0-f533a52fa804", "isActive":false, "balance":"$8,171.37", "picture":"http://placehold.it/32x32", "age":36, "eyeColor":"brown", "name":"Wiggins Macdonald", "gender":"male", "company":"ISOPLEX", "email":"wigginsmacdonald@isoplex.com", "phone":"+1 (866) 480-3956", "address":"406 Bragg Street, Dennard, Washington, 3921", "about":"Ipsum adipisicing adipisicing do ipsum culpa dolore elit labore dolore laborum esse. Aliquip reprehenderit elit ullamco excepteur incididunt officia eiusmod velit deserunt non nulla. Ipsum enim ex elit id dolor tempor aliqua. Dolore nisi qui sit esse. Sit sit exercitation occaecat laborum tempor qui elit. Non dolor cillum id aute nisi in anim elit reprehenderit labore pariatur eu.\r\n", "registered":"2014-09-15T03:39:24 -07:00", "latitude":-60.848959, "longitude":151.746005, "tags":["reprehenderit", "quis", "id", "ex", "aliqua", "ut", "anim"], "friends":[{"id":0, "name":"Nicole Charles"}, {"id":1, "name":"Meyers Barrett"}, {"id":2, "name":"Vonda Conrad"}], "greeting":"Hello, Wiggins Macdonald! You have 4 unread messages.", "favoriteFruit":"apple"}