{"_id":"55e8b8c6ed89f357ac704ea9", "index":1309, "guid":"7146a7e9-8f2f-4237-aac5-e3e8abcfb1e7", "isActive":true, "balance":"$2,556.72", "picture":"http://placehold.it/32x32", "age":37, "eyeColor":"blue", "name":"Allison Mooney", "gender":"female", "company":"IZZBY", "email":"allisonmooney@izzby.com", "phone":"+1 (892) 504-3925", "address":"917 Tennis Court, Caroline, Georgia, 5473", "about":"Do amet et Lorem id nisi veniam nostrud magna dolor culpa. Est dolore laborum nostrud et pariatur eu ipsum dolore. Sint cillum eiusmod nulla et do nostrud nulla officia laboris tempor. Veniam non dolore sunt qui duis deserunt quis fugiat incididunt ullamco proident Lorem ad.\r\n", "registered":"2015-07-02T09:00:11 -07:00", "latitude":2.968007, "longitude":-46.128963, "tags":["nostrud", "dolore", "culpa", "proident", "adipisicing", "aliquip", "eu"], "friends":[{"id":0, "name":"Ball Stephens"}, {"id":1, "name":"Lillie Walton"}, {"id":2, "name":"Mcguire Glover"}], "greeting":"Hello, Allison Mooney! You have 10 unread messages.", "favoriteFruit":"strawberry"}