{"_id":"55e8b8c61834efc305359773", "index":1165, "guid":"6c4b822b-d476-4828-83c8-551cbde9b4b8", "isActive":true, "balance":"$2,333.85", "picture":"http://placehold.it/32x32", "age":22, "eyeColor":"blue", "name":"Lynnette Peterson", "gender":"female", "company":"AVIT", "email":"lynnettepeterson@avit.com", "phone":"+1 (878) 575-3379", "address":"215 Wilson Street, Lookingglass, Rhode Island, 206", "about":"Cupidatat amet occaecat anim proident minim. Cupidatat nulla nulla nostrud nisi proident non aute Lorem culpa deserunt eu dolor nostrud. Qui deserunt exercitation sunt aliqua enim quis pariatur quis proident.\r\n", "registered":"2014-02-06T04:39:06 -07:00", "latitude":4.751856, "longitude":168.169409, "tags":["ipsum", "sint", "ut", "aliqua", "eiusmod", "quis", "enim"], "friends":[{"id":0, "name":"Bradley Peters"}, {"id":1, "name":"Woodard Alston"}, {"id":2, "name":"Susan Burks"}], "greeting":"Hello, Lynnette Peterson! You have 3 unread messages.", "favoriteFruit":"strawberry"}