{"_id":"55e8b8c64b169ff739dcf7f0", "index":1343, "guid":"10b8265e-62bd-4678-ac45-97e4b796de93", "isActive":false, "balance":"$3,767.73", "picture":"http://placehold.it/32x32", "age":26, "eyeColor":"blue", "name":"Hyde Harrell", "gender":"male", "company":"INSECTUS", "email":"hydeharrell@insectus.com", "phone":"+1 (818) 426-3170", "address":"759 Hunts Lane, Sisquoc, Oklahoma, 6353", "about":"Irure deserunt aliquip veniam ea ad ut nulla officia magna officia culpa deserunt dolore occaecat. Aliqua quis officia ad ex laborum aute duis mollit eu reprehenderit magna ad in consequat. Qui est sint officia excepteur. Et cupidatat eu esse elit.\r\n", "registered":"2015-03-25T08:06:29 -07:00", "latitude":67.131762, "longitude":-67.906244, "tags":["dolor", "consectetur", "id", "incididunt", "minim", "incididunt", "deserunt"], "friends":[{"id":0, "name":"Murray Parks"}, {"id":1, "name":"Jessie Ramos"}, {"id":2, "name":"Holcomb Padilla"}], "greeting":"Hello, Hyde Harrell! You have 8 unread messages.", "favoriteFruit":"strawberry"}