{"_id":"55e8b8c63fbdb0a070f86c3b", "index":1004, "guid":"408b38bd-af99-4496-b729-433d81697e3a", "isActive":false, "balance":"$8,394.63", "picture":"http://placehold.it/32x32", "age":32, "eyeColor":"blue", "name":"Angela Sexton", "gender":"female", "company":"VIXO", "email":"angelasexton@vixo.com", "phone":"+1 (867) 539-2482", "address":"997 Cumberland Walk, Oberlin, Indiana, 3984", "about":"Est officia laborum aliqua cupidatat nisi irure sint magna pariatur. Aute est deserunt velit sint velit Lorem consectetur ullamco voluptate culpa culpa nostrud officia. Fugiat in consequat consequat pariatur consequat enim minim officia. Id labore elit culpa qui amet laborum. Et sunt ullamco et elit cupidatat eiusmod. Magna dolore in exercitation esse. Cillum ipsum sunt quis sint commodo commodo.\r\n", "registered":"2014-04-02T12:21:46 -07:00", "latitude":44.756822, "longitude":-159.886428, "tags":["eu", "id", "eu", "consequat", "ullamco", "ullamco", "exercitation"], "friends":[{"id":0, "name":"Juliette Rios"}, {"id":1, "name":"Gibson Marsh"}, {"id":2, "name":"Palmer Wilder"}], "greeting":"Hello, Angela Sexton! You have 5 unread messages.", "favoriteFruit":"strawberry"}