{"_id":"55e8b8c61be3a5d95729a4df", "index":1268, "guid":"09a3799f-6a26-4ab5-afc6-ecd05412fab5", "isActive":true, "balance":"$3,448.43", "picture":"http://placehold.it/32x32", "age":31, "eyeColor":"blue", "name":"Lelia Roman", "gender":"female", "company":"SUSTENZA", "email":"leliaroman@sustenza.com", "phone":"+1 (964) 488-2198", "address":"708 Harkness Avenue, Riceville, Louisiana, 1018", "about":"Sunt ex proident minim elit deserunt fugiat nostrud elit consequat anim proident ex deserunt occaecat. Magna veniam fugiat Lorem pariatur non Lorem aute ipsum incididunt reprehenderit amet. Sit aliqua Lorem cupidatat velit.\r\n", "registered":"2014-08-05T09:55:11 -07:00", "latitude":-30.574819, "longitude":2.333726, "tags":["nulla", "consequat", "mollit", "nulla", "dolore", "Lorem", "sunt"], "friends":[{"id":0, "name":"Stanley Rosales"}, {"id":1, "name":"Georgette Hebert"}, {"id":2, "name":"Heath Woods"}], "greeting":"Hello, Lelia Roman! You have 4 unread messages.", "favoriteFruit":"strawberry"}