{"_id":"55e8b8c60f8ea7e21fe033ba", "index":1241, "guid":"3300ecb2-f3f8-4661-b890-6c1c727cf81c", "isActive":true, "balance":"$8,811.55", "picture":"http://placehold.it/32x32", "age":26, "eyeColor":"blue", "name":"Katherine Joyce", "gender":"female", "company":"QUONATA", "email":"katherinejoyce@quonata.com", "phone":"+1 (847) 405-3429", "address":"966 Lincoln Avenue, Warren, California, 8671", "about":"Officia duis adipisicing officia ea ex incididunt culpa esse mollit elit est ea et ea. Mollit nisi quis Lorem ut occaecat anim quis id. Aute incididunt enim sint reprehenderit. Adipisicing tempor aute id culpa deserunt esse Lorem cillum esse. Id aliqua in sunt mollit reprehenderit ad labore elit irure. Minim qui nisi elit qui esse amet officia velit consequat cupidatat ad. Veniam cupidatat ad est esse veniam id ad.\r\n", "registered":"2014-01-14T06:26:04 -07:00", "latitude":-76.446334, "longitude":-25.779459, "tags":["Lorem", "enim", "nulla", "nisi", "minim", "in", "ut"], "friends":[{"id":0, "name":"Jacqueline Austin"}, {"id":1, "name":"Craig Chen"}, {"id":2, "name":"Sasha Snider"}], "greeting":"Hello, Katherine Joyce! You have 3 unread messages.", "favoriteFruit":"apple"}