{"_id":"55e8b8c6de831c2b6f3c3d12", "index":1371, "guid":"6db826ec-d8ed-4675-a8ba-e0255db31c89", "isActive":false, "balance":"$7,478.81", "picture":"http://placehold.it/32x32", "age":27, "eyeColor":"brown", "name":"Adeline Russell", "gender":"female", "company":"INTERGEEK", "email":"adelinerussell@intergeek.com", "phone":"+1 (911) 523-3420", "address":"359 Dunne Court, Conestoga, Arkansas, 8622", "about":"Exercitation eiusmod occaecat sint incididunt ullamco labore voluptate excepteur ad. Cillum exercitation duis cupidatat eu. Quis non pariatur laborum in sit veniam sunt. Fugiat occaecat sint exercitation incididunt irure dolor laborum minim voluptate. Ex ipsum excepteur deserunt labore est sit non eiusmod est labore amet consequat. Nisi tempor duis nostrud eiusmod ex elit enim cillum ea officia laborum. Anim aliqua et nulla mollit consectetur sint Lorem.\r\n", "registered":"2014-10-16T09:09:50 -07:00", "latitude":-34.515395, "longitude":89.08558, "tags":["magna", "aute", "officia", "cupidatat", "eu", "nostrud", "excepteur"], "friends":[{"id":0, "name":"Bianca Dorsey"}, {"id":1, "name":"Steele Rich"}, {"id":2, "name":"Judy Burch"}], "greeting":"Hello, Adeline Russell! You have 9 unread messages.", "favoriteFruit":"strawberry"}