{"_id":"55e8b8c628eac5c7ec02e710", "index":1237, "guid":"a9f4a74c-ab13-4cd6-af63-adb10e0254ee", "isActive":true, "balance":"$3,359.12", "picture":"http://placehold.it/32x32", "age":32, "eyeColor":"blue", "name":"Byrd Delacruz", "gender":"male", "company":"MAZUDA", "email":"byrddelacruz@mazuda.com", "phone":"+1 (853) 479-3948", "address":"537 Wakeman Place, Marne, Oregon, 6624", "about":"Aliquip exercitation id quis culpa enim ea mollit enim ex aliquip dolor. Ullamco nulla amet est voluptate et aliquip fugiat enim magna consequat. Deserunt anim officia fugiat cupidatat eu exercitation ea. Sunt quis aliquip minim aliqua fugiat Lorem dolor. In ipsum nostrud sit ea. Eiusmod quis tempor duis duis veniam officia proident esse laboris amet laboris veniam.\r\n", "registered":"2014-05-30T04:20:58 -07:00", "latitude":-85.672716, "longitude":-45.069803, "tags":["nisi", "ea", "labore", "et", "voluptate", "mollit", "aliqua"], "friends":[{"id":0, "name":"Myrna Beard"}, {"id":1, "name":"Francis Randolph"}, {"id":2, "name":"Rhodes Fitzgerald"}], "greeting":"Hello, Byrd Delacruz! You have 5 unread messages.", "favoriteFruit":"banana"}