{"_id":"55e8b8c6e4749884181e6531", "index":136, "guid":"d5b1bf03-f911-4bf6-a6b1-7a5a6b6ae0e0", "isActive":false, "balance":"$4,015.72", "picture":"http://placehold.it/32x32", "age":27, "eyeColor":"brown", "name":"Sue Bryan", "gender":"female", "company":"GENESYNK", "email":"suebryan@genesynk.com", "phone":"+1 (983) 540-2113", "address":"456 Euclid Avenue, Martell, Michigan, 6800", "about":"Deserunt excepteur est consectetur deserunt cillum ex voluptate reprehenderit. Incididunt qui ex nostrud ad id qui aute pariatur ullamco magna aliqua fugiat. Voluptate ullamco tempor aliquip culpa occaecat veniam velit dolor cupidatat aute exercitation proident id velit. Et ad ipsum in laborum deserunt ea esse quis minim cupidatat dolor minim ea. Ipsum amet Lorem culpa enim deserunt enim duis.\r\n", "registered":"2015-06-01T06:19:20 -07:00", "latitude":80.381788, "longitude":99.458526, "tags":["do", "voluptate", "consectetur", "et", "enim", "fugiat", "Lorem"], "friends":[{"id":0, "name":"Mays Colon"}, {"id":1, "name":"Veronica Valentine"}, {"id":2, "name":"Mattie Dunn"}], "greeting":"Hello, Sue Bryan! You have 10 unread messages.", "favoriteFruit":"strawberry"}