{"_id":"55e8b8c63480e9874a82ce73", "index":1175, "guid":"50280ede-4cd6-48c4-9ffa-557c4f661d62", "isActive":false, "balance":"$5,410.97", "picture":"http://placehold.it/32x32", "age":38, "eyeColor":"green", "name":"Harper Hines", "gender":"male", "company":"AQUAZURE", "email":"harperhines@aquazure.com", "phone":"+1 (973) 552-3712", "address":"583 Beayer Place, Cobbtown, Massachusetts, 305", "about":"Minim ad cillum enim aliqua. Nisi exercitation eiusmod sit minim aliqua adipisicing. Sint sit adipisicing ipsum excepteur pariatur. Laboris occaecat aliqua do cupidatat laboris sit in id consectetur adipisicing enim non laborum officia. Amet esse consectetur officia exercitation deserunt elit pariatur tempor ullamco.\r\n", "registered":"2015-07-19T12:32:47 -07:00", "latitude":88.705708, "longitude":-36.305959, "tags":["occaecat", "exercitation", "cupidatat", "consectetur", "ullamco", "et", "mollit"], "friends":[{"id":0, "name":"Graves Morales"}, {"id":1, "name":"Keller Patterson"}, {"id":2, "name":"Lorene Diaz"}], "greeting":"Hello, Harper Hines! You have 9 unread messages.", "favoriteFruit":"apple"}