{"_id":"55e8b8c6be2830068fc0d256", "index":1247, "guid":"607fbd9c-8ed6-481a-bb4c-a2d58f929433", "isActive":false, "balance":"$5,774.24", "picture":"http://placehold.it/32x32", "age":21, "eyeColor":"brown", "name":"Gay Mays", "gender":"male", "company":"BIZMATIC", "email":"gaymays@bizmatic.com", "phone":"+1 (906) 466-2700", "address":"911 Ridgecrest Terrace, Faywood, Kentucky, 8748", "about":"Ex officia occaecat aute et sunt proident sint ipsum officia excepteur do aliquip duis do. Aliqua proident sunt anim commodo et ex commodo amet sint Lorem culpa ad minim duis. Est exercitation pariatur ad laboris veniam officia magna enim laboris fugiat ut tempor anim consectetur. Laboris pariatur dolore esse ea eu cillum aliquip adipisicing laboris aliqua minim. Nostrud deserunt exercitation aliquip dolore est ut ut non deserunt.\r\n", "registered":"2014-01-24T09:18:31 -07:00", "latitude":49.22207, "longitude":-49.047952, "tags":["non", "sint", "consectetur", "quis", "consectetur", "et", "dolore"], "friends":[{"id":0, "name":"Tyson Rhodes"}, {"id":1, "name":"Lopez Larson"}, {"id":2, "name":"Compton Vinson"}], "greeting":"Hello, Gay Mays! You have 7 unread messages.", "favoriteFruit":"apple"}