{"_id":"55e8b8c66d461013f4c06669", "index":1016, "guid":"a557120c-cc9a-42c1-a15a-a2855433e48b", "isActive":true, "balance":"$8,177.89", "picture":"http://placehold.it/32x32", "age":36, "eyeColor":"green", "name":"Carlson Strong", "gender":"male", "company":"IDEALIS", "email":"carlsonstrong@idealis.com", "phone":"+1 (820) 583-2217", "address":"641 Clark Street, Elliston, South Dakota, 4561", "about":"Ea est laborum ex laborum laborum pariatur consequat amet ea in enim mollit. Dolor ullamco fugiat fugiat cupidatat ut consectetur aute in. Anim aliquip dolore amet non cupidatat pariatur id consectetur do ad. Et dolore qui velit elit cupidatat ut eu mollit id sint qui voluptate laborum. Ex cupidatat ad magna ad dolor proident. Quis velit laborum eiusmod elit consectetur reprehenderit eiusmod magna.\r\n", "registered":"2014-06-28T02:33:21 -07:00", "latitude":-28.879873, "longitude":-95.114627, "tags":["culpa", "Lorem", "tempor", "aliqua", "magna", "magna", "quis"], "friends":[{"id":0, "name":"Lina Faulkner"}, {"id":1, "name":"Donaldson Madden"}, {"id":2, "name":"Bernadette Vazquez"}], "greeting":"Hello, Carlson Strong! You have 7 unread messages.", "favoriteFruit":"apple"}