{"_id":"55e8b8c6fedab6b77d78e20a", "index":1036, "guid":"a202ed39-2e15-4624-8b8e-70545b0d2e49", "isActive":true, "balance":"$558.71", "picture":"http://placehold.it/32x32", "age":27, "eyeColor":"green", "name":"Romero Johns", "gender":"male", "company":"FUELTON", "email":"romerojohns@fuelton.com", "phone":"+1 (846) 459-3293", "address":"770 Cameron Court, Tibbie, Louisiana, 2985", "about":"Commodo qui cillum officia anim consequat amet culpa incididunt. Nisi commodo anim excepteur sunt tempor adipisicing nulla et Lorem eu. Reprehenderit enim sunt est aute occaecat sunt fugiat veniam laborum aliqua fugiat culpa ex. Consequat consequat occaecat nisi adipisicing veniam eiusmod ullamco ullamco dolore. Consectetur tempor nostrud elit commodo. Amet ut reprehenderit laborum mollit. Tempor anim elit cupidatat minim incididunt anim officia cillum officia.\r\n", "registered":"2015-05-19T12:14:06 -07:00", "latitude":-64.582785, "longitude":-126.149078, "tags":["ad", "consectetur", "voluptate", "nisi", "tempor", "consectetur", "aliquip"], "friends":[{"id":0, "name":"Bender Webb"}, {"id":1, "name":"Kelley Ward"}, {"id":2, "name":"Blackburn Golden"}], "greeting":"Hello, Romero Johns! You have 10 unread messages.", "favoriteFruit":"banana"}