{"_id":"55e8b8c69b2c5d39a133a862", "index":1005, "guid":"cc2a182d-d63a-4c2f-ba2c-458d49b2a77c", "isActive":false, "balance":"$2,088.23", "picture":"http://placehold.it/32x32", "age":40, "eyeColor":"brown", "name":"Elisabeth Knight", "gender":"female", "company":"SNIPS", "email":"elisabethknight@snips.com", "phone":"+1 (857) 541-3098", "address":"136 Monroe Place, Corinne, Oregon, 7870", "about":"Qui commodo excepteur ut officia id. Mollit nostrud proident amet esse anim Lorem amet officia. Aute qui ad eu nostrud minim exercitation enim id aliquip amet adipisicing commodo. Sint duis quis adipisicing aliqua ullamco sint. Et cillum minim id sint ullamco. Consectetur sint laboris ex tempor in enim eiusmod reprehenderit eu. Deserunt fugiat sit dolore culpa incididunt ullamco fugiat incididunt fugiat eu cillum ex ad.\r\n", "registered":"2014-06-19T08:54:19 -07:00", "latitude":-20.695071, "longitude":-152.122714, "tags":["aliqua", "in", "mollit", "et", "aliquip", "elit", "mollit"], "friends":[{"id":0, "name":"Peterson Castillo"}, {"id":1, "name":"Eddie Townsend"}, {"id":2, "name":"Hanson Guzman"}], "greeting":"Hello, Elisabeth Knight! You have 10 unread messages.", "favoriteFruit":"strawberry"}