{"_id":"55e8b8c65053fa9b03eeb603", "index":1169, "guid":"d575cb72-65eb-4812-b6a6-b11f1e5cb10d", "isActive":false, "balance":"$3,983.76", "picture":"http://placehold.it/32x32", "age":32, "eyeColor":"brown", "name":"Knapp Sears", "gender":"male", "company":"LUNCHPAD", "email":"knappsears@lunchpad.com", "phone":"+1 (858) 498-3419", "address":"505 Nelson Street, Hinsdale, Oklahoma, 4280", "about":"Consequat in do ipsum reprehenderit in dolore eu occaecat ad officia esse. Laborum eiusmod cupidatat quis occaecat sit aliquip aliquip aute labore sunt tempor voluptate. Cillum do fugiat reprehenderit dolore adipisicing occaecat fugiat aliqua ut aliqua mollit deserunt. Consectetur Lorem excepteur elit esse sunt.\r\n", "registered":"2015-06-06T04:25:32 -07:00", "latitude":82.840504, "longitude":-177.299182, "tags":["enim", "exercitation", "excepteur", "consequat", "do", "ex", "culpa"], "friends":[{"id":0, "name":"Morgan Jackson"}, {"id":1, "name":"Terry Powers"}, {"id":2, "name":"May Palmer"}], "greeting":"Hello, Knapp Sears! You have 1 unread messages.", "favoriteFruit":"strawberry"}