{"_id":"55e8b8c64c9f45aea8924dc8", "index":1382, "guid":"d324c2d7-0d2a-4db8-9614-1e77c711f07e", "isActive":false, "balance":"$783.79", "picture":"http://placehold.it/32x32", "age":21, "eyeColor":"blue", "name":"Schneider Cannon", "gender":"male", "company":"OHMNET", "email":"schneidercannon@ohmnet.com", "phone":"+1 (880) 427-3340", "address":"394 Irving Avenue, Chumuckla, Florida, 1031", "about":"Commodo nostrud ipsum commodo voluptate. Magna officia aliqua consectetur ipsum dolor sint nisi quis. Amet non sit do veniam deserunt. Culpa labore velit cillum magna. Qui ea elit ullamco adipisicing eiusmod adipisicing exercitation velit ex. Ex minim eiusmod cillum velit cillum quis magna laborum proident veniam. Enim elit aute non amet.\r\n", "registered":"2015-05-10T04:13:57 -07:00", "latitude":-64.876808, "longitude":74.951525, "tags":["nostrud", "est", "adipisicing", "irure", "eiusmod", "nisi", "nisi"], "friends":[{"id":0, "name":"Goodman Clemons"}, {"id":1, "name":"Sheena Mack"}, {"id":2, "name":"Harrell Warner"}], "greeting":"Hello, Schneider Cannon! You have 8 unread messages.", "favoriteFruit":"apple"}