{"_id":"55e8b8c6c19254c13e285d73", "index":1182, "guid":"6bcd4f9a-37d8-4f37-a50e-d45bb1d4297e", "isActive":false, "balance":"$7,880.72", "picture":"http://placehold.it/32x32", "age":20, "eyeColor":"blue", "name":"Alba Garrett", "gender":"female", "company":"HATOLOGY", "email":"albagarrett@hatology.com", "phone":"+1 (981) 491-3205", "address":"148 Stryker Street, Marysville, Northern Mariana Islands, 5522", "about":"Laboris eu anim cillum commodo dolor eu adipisicing aliquip sunt et elit et ullamco. Nulla reprehenderit pariatur non esse non. Tempor ea excepteur eu id ullamco qui amet quis sunt cupidatat. Labore ipsum laboris commodo pariatur aliqua ut ut aute. Eiusmod ea ullamco eu cupidatat excepteur labore officia est magna quis. Voluptate enim esse nisi do tempor elit consectetur est magna. Laboris officia reprehenderit ullamco est fugiat consectetur dolor fugiat voluptate ipsum commodo irure veniam ad.\r\n", "registered":"2014-03-24T01:35:35 -07:00", "latitude":18.574998, "longitude":-46.320734, "tags":["cillum", "elit", "consectetur", "elit", "aliquip", "minim", "enim"], "friends":[{"id":0, "name":"Manning Armstrong"}, {"id":1, "name":"Sharpe Hansen"}, {"id":2, "name":"Tara Rush"}], "greeting":"Hello, Alba Garrett! You have 4 unread messages.", "favoriteFruit":"strawberry"}