{"_id":"55e8b8c6ed72260773a4b582", "index":1172, "guid":"890828a0-6f66-4879-821d-9550ffba981c", "isActive":false, "balance":"$9,688.55", "picture":"http://placehold.it/32x32", "age":25, "eyeColor":"blue", "name":"Guy Buckley", "gender":"male", "company":"ZILLA", "email":"guybuckley@zilla.com", "phone":"+1 (812) 505-3525", "address":"201 Lyme Avenue, Bath, Marshall Islands, 8943", "about":"Ad reprehenderit nulla velit est ad labore incididunt reprehenderit anim nulla enim in fugiat. Proident commodo laboris incididunt cupidatat amet consectetur nisi sunt pariatur adipisicing quis enim sint. Ex aliqua quis amet quis ea in veniam commodo officia cillum eu id. In ipsum ullamco tempor laboris id aute velit ea do id. Proident excepteur ad sunt esse commodo commodo nostrud. Id irure exercitation deserunt id id et excepteur fugiat est.\r\n", "registered":"2015-04-28T06:52:12 -07:00", "latitude":41.101393, "longitude":-161.128565, "tags":["deserunt", "officia", "aliquip", "non", "laborum", "eu", "non"], "friends":[{"id":0, "name":"Sexton Murray"}, {"id":1, "name":"Kelsey Buck"}, {"id":2, "name":"Sabrina Gould"}], "greeting":"Hello, Guy Buckley! You have 2 unread messages.", "favoriteFruit":"strawberry"}