{"_id":"55e8b8c6432f34e241beb67b", "index":1374, "guid":"26a602d9-91ba-4836-a7e6-6b7f8379b2cd", "isActive":false, "balance":"$7,069.03", "picture":"http://placehold.it/32x32", "age":28, "eyeColor":"blue", "name":"Pruitt William", "gender":"male", "company":"KIDGREASE", "email":"pruittwilliam@kidgrease.com", "phone":"+1 (960) 465-3730", "address":"201 Narrows Avenue, Bannock, Wyoming, 3040", "about":"Excepteur cillum eiusmod veniam exercitation. Pariatur nostrud labore proident veniam laboris voluptate. Et sit nulla mollit aliquip esse reprehenderit commodo eu aute cillum ut tempor minim duis.\r\n", "registered":"2015-01-16T01:00:22 -07:00", "latitude":-30.746456, "longitude":-90.784664, "tags":["dolor", "commodo", "excepteur", "ad", "occaecat", "nulla", "incididunt"], "friends":[{"id":0, "name":"Klein Blankenship"}, {"id":1, "name":"Velasquez Mason"}, {"id":2, "name":"Trudy Sawyer"}], "greeting":"Hello, Pruitt William! You have 6 unread messages.", "favoriteFruit":"strawberry"}