{"_id":"55e8b8c651c17ffd17ed2e14", "index":1332, "guid":"6f6ecb10-f83b-460d-b2f9-cc4f69b52658", "isActive":true, "balance":"$8,264.50", "picture":"http://placehold.it/32x32", "age":21, "eyeColor":"brown", "name":"Griffith Mcintyre", "gender":"male", "company":"KAGE", "email":"griffithmcintyre@kage.com", "phone":"+1 (914) 483-3996", "address":"434 Virginia Place, Hobucken, American Samoa, 9210", "about":"Ad sit reprehenderit occaecat eiusmod ut do. Duis laboris qui nulla reprehenderit ut proident ut consequat. Esse dolor amet adipisicing reprehenderit laborum veniam non enim nulla incididunt eiusmod. Labore ipsum duis incididunt aute occaecat enim. Laboris officia ut anim voluptate aliqua elit esse laboris non eu minim anim.\r\n", "registered":"2014-09-28T03:50:41 -07:00", "latitude":-11.199729, "longitude":-108.386057, "tags":["incididunt", "duis", "magna", "id", "officia", "Lorem", "minim"], "friends":[{"id":0, "name":"Bertha Pace"}, {"id":1, "name":"Glenna Osborn"}, {"id":2, "name":"Briana Soto"}], "greeting":"Hello, Griffith Mcintyre! You have 2 unread messages.", "favoriteFruit":"apple"}