{"_id":"55e8b8c695b4040b7e9cada5", "index":1296, "guid":"d68ea32a-9fe5-4cfe-b645-5c41ff185731", "isActive":false, "balance":"$6,840.44", "picture":"http://placehold.it/32x32", "age":24, "eyeColor":"blue", "name":"Bernice Welch", "gender":"female", "company":"FROSNEX", "email":"bernicewelch@frosnex.com", "phone":"+1 (982) 564-2716", "address":"996 Lacon Court, Kenmar, Michigan, 7242", "about":"Pariatur aute eiusmod dolore adipisicing proident id id aliqua consectetur. Labore consectetur aliquip officia amet occaecat duis in ea sint proident deserunt et cillum. Est eiusmod elit duis ipsum magna cupidatat aliquip qui.\r\n", "registered":"2014-07-04T08:12:57 -07:00", "latitude":-86.125212, "longitude":178.822349, "tags":["sint", "exercitation", "id", "incididunt", "sunt", "amet", "cillum"], "friends":[{"id":0, "name":"Barnes Lopez"}, {"id":1, "name":"Leanna Duffy"}, {"id":2, "name":"Lauri Merritt"}], "greeting":"Hello, Bernice Welch! You have 2 unread messages.", "favoriteFruit":"apple"}