{"_id":"55e8b8c6477694aad982e600", "index":1305, "guid":"d89b3b5d-73ef-45e7-85f9-921fb6c70fe9", "isActive":false, "balance":"$1,838.97", "picture":"http://placehold.it/32x32", "age":31, "eyeColor":"blue", "name":"Mayra Copeland", "gender":"female", "company":"EQUITOX", "email":"mayracopeland@equitox.com", "phone":"+1 (928) 584-3757", "address":"934 Williams Avenue, Whitmer, Kentucky, 5458", "about":"Sit voluptate incididunt cupidatat nostrud anim velit esse anim non dolor. Proident enim dolore reprehenderit magna aliquip et sunt esse. Reprehenderit duis dolor est enim voluptate tempor cillum ullamco laboris deserunt aliquip minim est. Aliquip velit adipisicing in dolore aliquip irure cillum ad ullamco dolore laboris minim. Lorem sit consectetur proident sunt labore eu aute qui ullamco officia Lorem do mollit. Occaecat qui nostrud deserunt voluptate esse nostrud et quis. Anim id aliqua proident dolor sint ullamco eiusmod proident aliqua voluptate magna culpa.\r\n", "registered":"2014-08-07T03:10:19 -07:00", "latitude":-87.438497, "longitude":2.258121, "tags":["amet", "mollit", "qui", "ipsum", "exercitation", "minim", "nisi"], "friends":[{"id":0, "name":"Shelly Vega"}, {"id":1, "name":"Priscilla Shaffer"}, {"id":2, "name":"Hope Curtis"}], "greeting":"Hello, Mayra Copeland! You have 10 unread messages.", "favoriteFruit":"strawberry"}