{"_id":"55e8b8c68b4f5652bc62e9a9", "index":1205, "guid":"35649f3c-f139-4d15-a031-b23b9bbcac2a", "isActive":false, "balance":"$7,254.42", "picture":"http://placehold.it/32x32", "age":34, "eyeColor":"blue", "name":"Willa Edwards", "gender":"female", "company":"DEVILTOE", "email":"willaedwards@deviltoe.com", "phone":"+1 (955) 447-3445", "address":"216 Regent Place, Vandiver, Montana, 8345", "about":"Non Lorem irure cupidatat veniam minim exercitation laboris tempor proident est dolor irure incididunt qui. Veniam tempor eiusmod adipisicing do velit consectetur deserunt do duis ea. Reprehenderit cupidatat commodo tempor quis cupidatat id nisi reprehenderit magna exercitation amet non. Exercitation consequat est tempor nulla est minim nostrud aute esse minim tempor.\r\n", "registered":"2015-07-14T07:08:09 -07:00", "latitude":-24.49057, "longitude":-164.55253, "tags":["nulla", "sit", "officia", "incididunt", "do", "mollit", "minim"], "friends":[{"id":0, "name":"Tameka Kirby"}, {"id":1, "name":"Cara Cline"}, {"id":2, "name":"Ryan Burke"}], "greeting":"Hello, Willa Edwards! You have 3 unread messages.", "favoriteFruit":"strawberry"}