{"_id":"55e8b8c68dc627e0f732adba", "index":1049, "guid":"dba071d1-11a6-40cc-af44-381d63258b66", "isActive":false, "balance":"$2,519.28", "picture":"http://placehold.it/32x32", "age":24, "eyeColor":"brown", "name":"Bennett Cooke", "gender":"male", "company":"DOGNOSIS", "email":"bennettcooke@dognosis.com", "phone":"+1 (876) 575-3731", "address":"317 Bond Street, Welch, Rhode Island, 9228", "about":"Cillum eiusmod quis aliqua sit aute Lorem ex exercitation. Sit proident sit cillum cillum sit eiusmod incididunt cillum Lorem ipsum dolore adipisicing in anim. Fugiat est sunt est minim duis ea sunt voluptate eu voluptate. Reprehenderit sint dolor enim incididunt reprehenderit officia cupidatat et amet. Aute culpa cillum anim excepteur officia anim nisi exercitation consequat sunt in incididunt ad. Enim dolor irure consectetur ad in. Officia pariatur quis veniam nostrud eiusmod sunt deserunt cillum elit ullamco ullamco nisi cupidatat incididunt.\r\n", "registered":"2014-03-08T11:21:16 -07:00", "latitude":71.197003, "longitude":30.959816, "tags":["proident", "et", "sint", "exercitation", "ullamco", "culpa", "labore"], "friends":[{"id":0, "name":"Sutton Alvarez"}, {"id":1, "name":"Dale Mejia"}, {"id":2, "name":"Lynch Mcdowell"}], "greeting":"Hello, Bennett Cooke! You have 6 unread messages.", "favoriteFruit":"strawberry"}