{"_id":"55e8b8c6b03ffeb08c597976", "index":1278, "guid":"5aaf607e-0612-4376-97eb-6f107ce15a15", "isActive":false, "balance":"$3,709.88", "picture":"http://placehold.it/32x32", "age":40, "eyeColor":"brown", "name":"Cannon Elliott", "gender":"male", "company":"VELITY", "email":"cannonelliott@velity.com", "phone":"+1 (899) 467-2948", "address":"232 Bevy Court, Macdona, Hawaii, 7486", "about":"Eiusmod minim sit esse veniam ad ut. Aliquip excepteur in in adipisicing aute qui Lorem amet. Cupidatat enim quis sunt enim. Minim ullamco excepteur et fugiat aliquip ea cillum. Sint voluptate id minim duis minim cillum ut proident irure mollit nostrud fugiat minim.\r\n", "registered":"2015-07-30T09:39:00 -07:00", "latitude":11.04362, "longitude":-98.927308, "tags":["eiusmod", "do", "magna", "est", "voluptate", "amet", "commodo"], "friends":[{"id":0, "name":"Franco Kim"}, {"id":1, "name":"Imogene Sanders"}, {"id":2, "name":"Allison Berry"}], "greeting":"Hello, Cannon Elliott! You have 6 unread messages.", "favoriteFruit":"strawberry"}