{"_id":"55e8b8c6b3d9a211b151b758", "index":1274, "guid":"aead0353-7ba0-4ae8-99a4-80c6db38a348", "isActive":true, "balance":"$2,078.80", "picture":"http://placehold.it/32x32", "age":21, "eyeColor":"blue", "name":"Rosalind Bender", "gender":"female", "company":"SURETECH", "email":"rosalindbender@suretech.com", "phone":"+1 (901) 456-3772", "address":"446 Nassau Avenue, Ladera, American Samoa, 7712", "about":"Consectetur mollit nulla est consequat enim labore. Esse culpa cillum enim aliqua Lorem dolore fugiat. Do culpa sunt nulla aliqua minim cupidatat Lorem ad magna exercitation. Tempor ad minim ad fugiat non sunt proident proident laborum labore deserunt occaecat nostrud.\r\n", "registered":"2015-04-20T07:12:28 -07:00", "latitude":-81.576406, "longitude":78.860246, "tags":["labore", "qui", "culpa", "id", "occaecat", "officia", "consequat"], "friends":[{"id":0, "name":"Gabriela Lawson"}, {"id":1, "name":"Frances Mayer"}, {"id":2, "name":"Nannie Benjamin"}], "greeting":"Hello, Rosalind Bender! You have 5 unread messages.", "favoriteFruit":"apple"}