{"_id":"55e8b8c63dbb5d2d8e5c93dd", "index":1410, "guid":"ddca65eb-5e10-4ca4-be08-102884399a3f", "isActive":true, "balance":"$6,003.50", "picture":"http://placehold.it/32x32", "age":26, "eyeColor":"blue", "name":"Deanne Lambert", "gender":"female", "company":"MUSANPOLY", "email":"deannelambert@musanpoly.com", "phone":"+1 (830) 459-3379", "address":"748 Beaver Street, Reinerton, Indiana, 2214", "about":"Quis adipisicing est Lorem consectetur id veniam dolor. Tempor et ad do duis fugiat occaecat ut adipisicing laboris. Lorem Lorem magna ullamco ut et consectetur elit aliquip exercitation cupidatat incididunt. Dolore exercitation cupidatat ea ea est officia consectetur aliqua aliquip. Laborum deserunt ipsum aute ex non. Occaecat laboris laborum non exercitation occaecat sunt officia ut qui dolore velit pariatur nisi.\r\n", "registered":"2015-03-02T11:24:31 -07:00", "latitude":-20.786192, "longitude":122.04139, "tags":["anim", "enim", "magna", "nulla", "in", "in", "ullamco"], "friends":[{"id":0, "name":"Cortez Sampson"}, {"id":1, "name":"Rena Stewart"}, {"id":2, "name":"Gracie Sandoval"}], "greeting":"Hello, Deanne Lambert! You have 2 unread messages.", "favoriteFruit":"apple"}