{"_id":"55e8b8c66fdac9ba4685dc75", "index":1110, "guid":"cd7db588-f4d2-4a36-81cb-d40faac05b37", "isActive":true, "balance":"$6,713.40", "picture":"http://placehold.it/32x32", "age":23, "eyeColor":"blue", "name":"Eula Cantu", "gender":"female", "company":"QUARMONY", "email":"eulacantu@quarmony.com", "phone":"+1 (976) 594-2080", "address":"591 Williams Court, Orviston, Missouri, 7372", "about":"Adipisicing est ipsum anim aute labore et eiusmod minim elit ipsum. Elit ea nulla amet est anim labore. Fugiat deserunt enim eiusmod aute duis duis id aliqua consequat amet ullamco reprehenderit enim. Aliquip proident fugiat incididunt magna. Consectetur est reprehenderit nostrud mollit voluptate adipisicing occaecat fugiat irure sit nostrud.\r\n", "registered":"2015-04-16T05:37:29 -07:00", "latitude":-72.80659, "longitude":-121.496117, "tags":["ad", "culpa", "adipisicing", "dolor", "irure", "pariatur", "quis"], "friends":[{"id":0, "name":"Mccray Petty"}, {"id":1, "name":"Janie Hayden"}, {"id":2, "name":"Margaret Bowman"}], "greeting":"Hello, Eula Cantu! You have 3 unread messages.", "favoriteFruit":"strawberry"}