{"_id":"55e8b8c6b75694854c53c707", "index":1287, "guid":"5a9075eb-8e9c-41f7-991e-fb1a21fea47f", "isActive":true, "balance":"$2,704.11", "picture":"http://placehold.it/32x32", "age":31, "eyeColor":"blue", "name":"Roxanne Bean", "gender":"female", "company":"JETSILK", "email":"roxannebean@jetsilk.com", "phone":"+1 (887) 569-2608", "address":"678 Lynch Street, Blandburg, Wisconsin, 3977", "about":"Fugiat nulla ut duis est dolore ad nulla reprehenderit. Laborum nisi ex laboris aliqua aute culpa fugiat veniam qui anim. Incididunt nulla culpa aliquip nulla exercitation amet deserunt eiusmod culpa excepteur proident esse excepteur irure. Mollit labore et in sit culpa. Labore aliquip esse excepteur qui eiusmod cillum laborum.\r\n", "registered":"2015-04-08T01:33:12 -07:00", "latitude":75.314105, "longitude":-121.27161, "tags":["incididunt", "aliquip", "labore", "do", "mollit", "ex", "dolore"], "friends":[{"id":0, "name":"Meghan Melton"}, {"id":1, "name":"Lana Morton"}, {"id":2, "name":"Mooney Mckay"}], "greeting":"Hello, Roxanne Bean! You have 3 unread messages.", "favoriteFruit":"banana"}