{"_id":"55e8b8c6b3e991b2fe1ecd6a", "index":1308, "guid":"62809276-3715-4aaa-9d12-d00cb3db57de", "isActive":false, "balance":"$3,664.91", "picture":"http://placehold.it/32x32", "age":35, "eyeColor":"green", "name":"Tasha Holland", "gender":"female", "company":"MEDIOT", "email":"tashaholland@mediot.com", "phone":"+1 (922) 565-3770", "address":"348 Linden Boulevard, Eastmont, New Jersey, 4461", "about":"Quis est ut exercitation consequat magna irure nostrud cupidatat minim ex elit incididunt. Dolor deserunt dolore qui cillum nostrud. Et occaecat reprehenderit pariatur eu dolore magna non incididunt sit eu deserunt ea anim. Velit eiusmod incididunt culpa sint ad cupidatat labore ullamco elit id velit fugiat.\r\n", "registered":"2014-08-27T10:20:59 -07:00", "latitude":18.413741, "longitude":-5.401157, "tags":["excepteur", "culpa", "cillum", "ullamco", "elit", "aliqua", "labore"], "friends":[{"id":0, "name":"Florence Rosario"}, {"id":1, "name":"Tessa Humphrey"}, {"id":2, "name":"Mills Pena"}], "greeting":"Hello, Tasha Holland! You have 5 unread messages.", "favoriteFruit":"strawberry"}