{"_id":"55e8b8c6dda524de37280057", "index":107, "guid":"33f50870-0948-4489-96a9-36013919a915", "isActive":true, "balance":"$339.73", "picture":"http://placehold.it/32x32", "age":34, "eyeColor":"brown", "name":"Pacheco Jarvis", "gender":"male", "company":"VIRVA", "email":"pachecojarvis@virva.com", "phone":"+1 (854) 525-3938", "address":"984 Saratoga Avenue, Fairview, New Hampshire, 6165", "about":"Cillum do fugiat tempor veniam exercitation laborum officia est. Pariatur nisi ex deserunt eiusmod consectetur cillum dolore incididunt ullamco tempor commodo excepteur. Magna anim tempor amet tempor qui dolore culpa officia aute aliquip. Aliquip pariatur eiusmod sint tempor aliqua excepteur esse exercitation ex sint incididunt. Cupidatat in ullamco dolore laborum non aute et esse anim cupidatat ea adipisicing enim. Enim minim tempor exercitation laboris non dolore qui. Est voluptate ex laboris aliqua ea.\r\n", "registered":"2015-05-30T05:59:14 -07:00", "latitude":4.5596, "longitude":152.633906, "tags":["incididunt", "laborum", "ullamco", "reprehenderit", "amet", "officia", "nostrud"], "friends":[{"id":0, "name":"Higgins Kennedy"}, {"id":1, "name":"Britney Butler"}, {"id":2, "name":"Luella Combs"}], "greeting":"Hello, Pacheco Jarvis! You have 4 unread messages.", "favoriteFruit":"apple"}