{"_id":"55e8b8c6cdd70108df1758c9", "index":1135, "guid":"38946972-d9dc-440e-b172-8ffba2847d1f", "isActive":false, "balance":"$4,382.09", "picture":"http://placehold.it/32x32", "age":37, "eyeColor":"green", "name":"Clemons Bryan", "gender":"male", "company":"GENESYNK", "email":"clemonsbryan@genesynk.com", "phone":"+1 (840) 538-3388", "address":"607 Euclid Avenue, Martell, Georgia, 9796", "about":"Est culpa excepteur irure nostrud fugiat mollit officia minim minim. Voluptate elit consectetur et consequat ad ex reprehenderit. Voluptate ipsum dolor esse est minim deserunt enim dolore aute. Pariatur ea ex culpa velit Lorem sint. Dolore nulla aute nisi ad fugiat irure esse ipsum consectetur.\r\n", "registered":"2014-06-14T12:59:12 -07:00", "latitude":-79.572727, "longitude":-30.937998, "tags":["duis", "consectetur", "proident", "officia", "laboris", "adipisicing", "mollit"], "friends":[{"id":0, "name":"Dominique Colon"}, {"id":1, "name":"Price Valentine"}, {"id":2, "name":"Vaughan Dunn"}], "greeting":"Hello, Clemons Bryan! You have 8 unread messages.", "favoriteFruit":"banana"}