{"_id":"55e8b8c6a03ede64ec983dea", "index":1294, "guid":"2d2b5c6f-b563-4c0e-bbea-f2bb968e0d8e", "isActive":true, "balance":"$4,255.37", "picture":"http://placehold.it/32x32", "age":28, "eyeColor":"green", "name":"Marshall Carney", "gender":"male", "company":"DAIDO", "email":"marshallcarney@daido.com", "phone":"+1 (887) 447-2399", "address":"804 Tech Place, Osmond, Indiana, 2886", "about":"Commodo occaecat ut aliqua cupidatat cupidatat nulla aute. Enim dolor deserunt amet pariatur deserunt consectetur. Qui enim laboris irure minim aliqua ex qui laborum commodo laboris occaecat.\r\n", "registered":"2014-03-12T08:46:49 -07:00", "latitude":81.993681, "longitude":105.662222, "tags":["cillum", "id", "aliquip", "aliqua", "laboris", "exercitation", "do"], "friends":[{"id":0, "name":"Moon Albert"}, {"id":1, "name":"Anastasia Sutton"}, {"id":2, "name":"Hillary Bentley"}], "greeting":"Hello, Marshall Carney! You have 9 unread messages.", "favoriteFruit":"banana"}