{"_id":"55e8b8c6f983797657ef47d5", "index":1025, "guid":"19d4f67f-57c5-4052-8fd4-796eae6df1a2", "isActive":true, "balance":"$9,499.88", "picture":"http://placehold.it/32x32", "age":26, "eyeColor":"brown", "name":"Blanca Benjamin", "gender":"female", "company":"REPETWIRE", "email":"blancabenjamin@repetwire.com", "phone":"+1 (804) 566-2042", "address":"560 Grove Place, Escondida, Connecticut, 9982", "about":"Officia mollit anim tempor consectetur et ea Lorem culpa cupidatat. Magna proident aute labore ea fugiat laboris sunt voluptate occaecat nostrud tempor incididunt exercitation eu. Esse deserunt pariatur velit duis elit dolore ad aliquip cupidatat et. Laborum sint nostrud nulla do elit mollit ullamco cillum. Adipisicing consectetur ut qui aliqua enim ea eu elit.\r\n", "registered":"2015-07-01T06:20:35 -07:00", "latitude":16.470653, "longitude":122.922644, "tags":["ex", "veniam", "Lorem", "veniam", "ea", "velit", "esse"], "friends":[{"id":0, "name":"Amalia Gallagher"}, {"id":1, "name":"Claudia Stafford"}, {"id":2, "name":"Rodriquez Mckee"}], "greeting":"Hello, Blanca Benjamin! You have 10 unread messages.", "favoriteFruit":"banana"}