{"_id":"55e8b8c6e47dffdcb179479e", "index":1072, "guid":"a076a3d3-bd9d-4f04-8acf-e4b598bf7dfa", "isActive":true, "balance":"$1,424.86", "picture":"http://placehold.it/32x32", "age":39, "eyeColor":"green", "name":"Angelia Meadows", "gender":"female", "company":"TECHTRIX", "email":"angeliameadows@techtrix.com", "phone":"+1 (863) 588-3308", "address":"284 Montieth Street, Accoville, Utah, 7152", "about":"Culpa est mollit commodo voluptate voluptate ad non do occaecat sunt mollit consectetur. Enim ullamco sint consectetur dolor id labore ipsum ut adipisicing fugiat ex cupidatat. Id nostrud occaecat aliqua reprehenderit voluptate adipisicing nulla amet occaecat pariatur incididunt proident. Culpa consectetur aliqua veniam dolor. Enim ullamco reprehenderit aliqua dolor voluptate laborum nostrud consequat nulla Lorem.\r\n", "registered":"2014-03-28T11:46:29 -07:00", "latitude":-58.400037, "longitude":-90.588781, "tags":["quis", "voluptate", "adipisicing", "mollit", "aliquip", "in", "reprehenderit"], "friends":[{"id":0, "name":"Nora Mercer"}, {"id":1, "name":"Ursula Ellis"}, {"id":2, "name":"Kaufman Estrada"}], "greeting":"Hello, Angelia Meadows! You have 4 unread messages.", "favoriteFruit":"apple"}