{"_id":"55e8b8c6f206ccb804fa5016", "index":1000, "guid":"d51462bb-53ca-4585-bd1f-8d2e48b0cb2d", "isActive":true, "balance":"$7,850.27", "picture":"http://placehold.it/32x32", "age":22, "eyeColor":"blue", "name":"Mcconnell Cabrera", "gender":"male", "company":"PEARLESEX", "email":"mcconnellcabrera@pearlesex.com", "phone":"+1 (824) 497-2848", "address":"826 Matthews Court, Idledale, District Of Columbia, 8533", "about":"Fugiat ut qui sunt quis nisi sint ipsum. Anim irure sit amet qui sint quis do sit magna. Sit et tempor et adipisicing voluptate pariatur Lorem laborum laborum Lorem.\r\n", "registered":"2014-01-18T03:25:06 -07:00", "latitude":-15.326889, "longitude":30.862778, "tags":["nostrud", "quis", "eu", "commodo", "minim", "non", "pariatur"], "friends":[{"id":0, "name":"Potter Shannon"}, {"id":1, "name":"Linda Brewer"}, {"id":2, "name":"Flores Contreras"}], "greeting":"Hello, Mcconnell Cabrera! You have 3 unread messages.", "favoriteFruit":"apple"}