{"_id":"55e8b8c6a0c9da54c77b8909", "index":1233, "guid":"c02ca3ca-d33b-43a0-8656-2b69efbdad7c", "isActive":false, "balance":"$7,960.18", "picture":"http://placehold.it/32x32", "age":21, "eyeColor":"brown", "name":"Ewing Jefferson", "gender":"male", "company":"ZANILLA", "email":"ewingjefferson@zanilla.com", "phone":"+1 (963) 443-3514", "address":"896 Elmwood Avenue, Fredericktown, Massachusetts, 7881", "about":"Velit anim amet nostrud do nostrud enim ipsum cupidatat velit. Sunt irure quis dolor commodo tempor aliqua consequat eu eu sunt ad reprehenderit. Adipisicing cupidatat proident commodo velit quis deserunt eu. Minim reprehenderit ut labore ipsum laborum pariatur ea. Consectetur pariatur dolor exercitation Lorem tempor sit et esse aute ea.\r\n", "registered":"2015-06-19T11:51:25 -07:00", "latitude":54.814918, "longitude":82.779913, "tags":["ut", "id", "ad", "ullamco", "est", "eu", "laborum"], "friends":[{"id":0, "name":"Celeste Spears"}, {"id":1, "name":"Olivia Conway"}, {"id":2, "name":"Stella Riddle"}], "greeting":"Hello, Ewing Jefferson! You have 5 unread messages.", "favoriteFruit":"banana"}