{"_id":"55e8b8c6bbe952d38b14e26e", "index":105, "guid":"af148bb0-8e38-452e-ae3a-978400a6edc5", "isActive":false, "balance":"$3,461.36", "picture":"http://placehold.it/32x32", "age":35, "eyeColor":"blue", "name":"Rosalinda Silva", "gender":"female", "company":"BIOTICA", "email":"rosalindasilva@biotica.com", "phone":"+1 (960) 462-3437", "address":"119 Brigham Street, Coldiron, Iowa, 466", "about":"Ex nulla magna do mollit dolor ad in sunt mollit qui cupidatat occaecat nisi laborum. Dolore cupidatat et et elit laborum incididunt sunt ad non irure in veniam ad velit. Esse exercitation fugiat ipsum aute id irure magna nulla incididunt.\r\n", "registered":"2014-02-28T03:35:18 -07:00", "latitude":-76.549794, "longitude":-83.051253, "tags":["dolore", "incididunt", "labore", "ut", "in", "dolore", "aute"], "friends":[{"id":0, "name":"Dixon Mosley"}, {"id":1, "name":"Vazquez Cummings"}, {"id":2, "name":"Avila Snow"}], "greeting":"Hello, Rosalinda Silva! You have 1 unread messages.", "favoriteFruit":"strawberry"}