{"_id":"55e8b8c6d6e905bb33b07e04", "index":104, "guid":"1f36492e-e174-4536-8436-15a8d3b3c360", "isActive":false, "balance":"$7,542.44", "picture":"http://placehold.it/32x32", "age":22, "eyeColor":"blue", "name":"Eula Collins", "gender":"female", "company":"HALAP", "email":"eulacollins@halap.com", "phone":"+1 (955) 537-3948", "address":"766 Madeline Court, Websterville, South Carolina, 2515", "about":"Quis sint esse minim occaecat laborum voluptate laboris mollit do laboris reprehenderit. Tempor laborum et nostrud et ut sint Lorem ad culpa esse in. Occaecat ad commodo minim qui eiusmod qui sit minim veniam minim in est. Nulla consequat incididunt excepteur officia consectetur proident velit aliqua cupidatat exercitation sint. Duis consectetur laborum commodo ad sint labore et voluptate sit aute occaecat veniam cupidatat non.\r\n", "registered":"2014-09-16T07:36:35 -07:00", "latitude":-51.733266, "longitude":-168.420924, "tags":["nulla", "officia", "culpa", "sint", "labore", "adipisicing", "non"], "friends":[{"id":0, "name":"Janie Weiss"}, {"id":1, "name":"Perry Moreno"}, {"id":2, "name":"Margaret Hinton"}], "greeting":"Hello, Eula Collins! You have 10 unread messages.", "favoriteFruit":"banana"}