{"_id":"55e8b8c6016bddf31439561f", "index":1265, "guid":"3fb321fa-0793-4325-94df-63641de5182f", "isActive":true, "balance":"$293.62", "picture":"http://placehold.it/32x32", "age":29, "eyeColor":"green", "name":"Gladys Stephenson", "gender":"female", "company":"JUNIPOOR", "email":"gladysstephenson@junipoor.com", "phone":"+1 (835) 480-3457", "address":"883 Exeter Street, Dyckesville, Iowa, 7956", "about":"Incididunt veniam duis minim aute in Lorem ullamco exercitation. Eiusmod consectetur ad enim labore non eu et proident. Reprehenderit quis irure velit dolore.\r\n", "registered":"2014-05-17T11:18:41 -07:00", "latitude":62.194403, "longitude":103.45339, "tags":["id", "sunt", "cupidatat", "sint", "aliquip", "id", "ipsum"], "friends":[{"id":0, "name":"Joy Hamilton"}, {"id":1, "name":"Bowen Bennett"}, {"id":2, "name":"Lucille Strong"}], "greeting":"Hello, Gladys Stephenson! You have 10 unread messages.", "favoriteFruit":"strawberry"}