{"_id":"55e8b8c6157a03be13b46584", "index":1275, "guid":"b6d8fbc7-ab8a-4e86-93db-ac4405785856", "isActive":true, "balance":"$7,018.70", "picture":"http://placehold.it/32x32", "age":34, "eyeColor":"brown", "name":"Singleton Gallagher", "gender":"male", "company":"GOLOGY", "email":"singletongallagher@gology.com", "phone":"+1 (996) 479-3207", "address":"950 Crescent Street, Ivanhoe, Puerto Rico, 5307", "about":"Occaecat consectetur ipsum anim do consequat deserunt culpa id ad pariatur laboris. Cillum sunt cupidatat tempor aliqua consectetur minim amet. Voluptate sint ullamco proident Lorem et cupidatat nisi aute quis culpa ex ipsum. Ullamco cupidatat officia id anim nostrud nisi aliquip cupidatat amet quis. Veniam adipisicing cillum do tempor magna quis incididunt voluptate reprehenderit excepteur enim eu.\r\n", "registered":"2015-06-01T12:38:30 -07:00", "latitude":59.685456, "longitude":0.806502, "tags":["et", "nostrud", "esse", "magna", "reprehenderit", "culpa", "irure"], "friends":[{"id":0, "name":"Glenda Stafford"}, {"id":1, "name":"Inez Mckee"}, {"id":2, "name":"Davidson Sanchez"}], "greeting":"Hello, Singleton Gallagher! You have 5 unread messages.", "favoriteFruit":"apple"}