{"_id":"55e8b8c695e5c86c8113736f", "index":1187, "guid":"952477b0-c192-418d-aecc-f3ca8ab4f49d", "isActive":true, "balance":"$4,153.22", "picture":"http://placehold.it/32x32", "age":26, "eyeColor":"brown", "name":"Porter Woodard", "gender":"male", "company":"PUSHCART", "email":"porterwoodard@pushcart.com", "phone":"+1 (865) 408-2418", "address":"371 Forest Place, Ona, Virginia, 1306", "about":"Ut irure aliqua et nisi laboris. Veniam esse ullamco sunt amet. Cupidatat duis nulla aute deserunt mollit do esse esse ullamco duis. Adipisicing nulla ea ex magna occaecat pariatur laboris sint fugiat commodo commodo elit magna. Et ullamco commodo incididunt et exercitation incididunt. Non labore id tempor ea anim mollit tempor qui excepteur reprehenderit anim nulla. Esse commodo est culpa deserunt incididunt ipsum Lorem Lorem.\r\n", "registered":"2015-08-31T03:38:46 -07:00", "latitude":-32.072875, "longitude":-11.14327, "tags":["sit", "non", "et", "aute", "adipisicing", "ad", "commodo"], "friends":[{"id":0, "name":"Pansy Henry"}, {"id":1, "name":"Martin Carver"}, {"id":2, "name":"Marsha Holden"}], "greeting":"Hello, Porter Woodard! You have 3 unread messages.", "favoriteFruit":"apple"}