{"_id":"55e8b8c6b9990e49a611717b", "index":1315, "guid":"3cf16b58-d848-4116-88e4-548efc330081", "isActive":false, "balance":"$5,381.34", "picture":"http://placehold.it/32x32", "age":32, "eyeColor":"brown", "name":"Yang Robbins", "gender":"male", "company":"SLOFAST", "email":"yangrobbins@slofast.com", "phone":"+1 (980) 543-2432", "address":"516 Clermont Avenue, Camino, Connecticut, 5798", "about":"Aute ex nostrud cillum veniam ut ex. Ipsum occaecat cillum cupidatat quis in dolore non. Velit id occaecat nisi nostrud dolor anim pariatur. Laborum ut in id amet. Cupidatat non nulla mollit deserunt eiusmod adipisicing dolor esse ea sit incididunt nulla. Quis veniam Lorem reprehenderit duis sint dolor est aliquip nulla. Non culpa excepteur do incididunt laborum ea laboris voluptate sunt ex nostrud culpa.\r\n", "registered":"2014-01-17T05:04:03 -07:00", "latitude":-53.254886, "longitude":3.135919, "tags":["sit", "sint", "fugiat", "laborum", "enim", "nostrud", "magna"], "friends":[{"id":0, "name":"Joyce Leblanc"}, {"id":1, "name":"Soto Rodriquez"}, {"id":2, "name":"Conway Payne"}], "greeting":"Hello, Yang Robbins! You have 1 unread messages.", "favoriteFruit":"banana"}