{"_id":"55e8b8c677203ecd222a836f", "index":1062, "guid":"3c06a6d5-1f9e-4893-a301-19aad5ce8b37", "isActive":false, "balance":"$475.75", "picture":"http://placehold.it/32x32", "age":32, "eyeColor":"blue", "name":"Willis Bray", "gender":"male", "company":"ACCUSAGE", "email":"willisbray@accusage.com", "phone":"+1 (849) 579-2178", "address":"706 Blake Avenue, Sugartown, Indiana, 6469", "about":"Eu nisi duis proident officia aliqua nisi labore consectetur velit laborum nisi eu. Et culpa culpa sit dolore. Ullamco nostrud excepteur ea deserunt cillum eiusmod veniam enim sint ad. Dolor laboris labore incididunt esse nostrud eiusmod sint irure eu minim anim minim incididunt in.\r\n", "registered":"2015-06-11T11:26:24 -07:00", "latitude":-42.738206, "longitude":-123.326459, "tags":["excepteur", "eiusmod", "esse", "ea", "ea", "enim", "exercitation"], "friends":[{"id":0, "name":"Marcia Pickett"}, {"id":1, "name":"Kristin Dudley"}, {"id":2, "name":"Imelda Hickman"}], "greeting":"Hello, Willis Bray! You have 6 unread messages.", "favoriteFruit":"strawberry"}