{"_id":"55e8b8c6998da65b5e6c46cf", "index":1358, "guid":"47b49c0c-2581-486f-a99c-ac5ea3dfdb5f", "isActive":true, "balance":"$7,020.70", "picture":"http://placehold.it/32x32", "age":25, "eyeColor":"green", "name":"Tiffany Hendrix", "gender":"female", "company":"ELECTONIC", "email":"tiffanyhendrix@electonic.com", "phone":"+1 (864) 488-2422", "address":"910 Reed Street, Barrelville, Palau, 2615", "about":"Mollit nulla do sit ipsum deserunt voluptate amet et duis non in voluptate excepteur. Ullamco anim amet et est cillum. Et pariatur dolor aliquip eiusmod commodo voluptate laborum quis culpa enim sint laborum. Aute nulla pariatur ad esse dolore et eiusmod. Aliquip cupidatat magna et dolor amet commodo do minim nulla aliquip. Officia ad mollit consectetur exercitation laborum commodo esse ea reprehenderit voluptate irure occaecat. Velit duis amet excepteur dolore duis amet id aliqua esse.\r\n", "registered":"2015-05-09T06:21:25 -07:00", "latitude":6.435332, "longitude":114.747361, "tags":["aliqua", "do", "excepteur", "quis", "nisi", "ad", "aliquip"], "friends":[{"id":0, "name":"Brennan Jennings"}, {"id":1, "name":"Charlene Oneil"}, {"id":2, "name":"Wilkins Salas"}], "greeting":"Hello, Tiffany Hendrix! You have 3 unread messages.", "favoriteFruit":"apple"}