{"_id":"55e8b8c6f163c3dfa046ebae", "index":124, "guid":"a4f101c0-a346-49a5-a411-9cf5197372e9", "isActive":true, "balance":"$9,085.58", "picture":"http://placehold.it/32x32", "age":27, "eyeColor":"green", "name":"Orr Bradford", "gender":"male", "company":"INJOY", "email":"orrbradford@injoy.com", "phone":"+1 (980) 484-3404", "address":"819 Fleet Street, Hannasville, Missouri, 8478", "about":"Sunt mollit laboris nulla mollit. Reprehenderit nostrud dolor duis culpa enim eiusmod et consequat. Amet cupidatat excepteur dolor nulla laborum non duis esse. Laboris do Lorem mollit reprehenderit enim ut velit ad officia aliqua id ea. Ad proident incididunt adipisicing sint ullamco. Ad officia nisi est id esse et aute. Elit mollit ullamco reprehenderit cupidatat dolore.\r\n", "registered":"2014-06-17T08:45:47 -07:00", "latitude":69.051784, "longitude":-3.254921, "tags":["aute", "sint", "consectetur", "incididunt", "elit", "enim", "amet"], "friends":[{"id":0, "name":"Cabrera Bryant"}, {"id":1, "name":"Hatfield Allen"}, {"id":2, "name":"Chaney Yang"}], "greeting":"Hello, Orr Bradford! You have 2 unread messages.", "favoriteFruit":"strawberry"}