{"_id":"55e8b8c683240ee5c25c61e1", "index":1321, "guid":"0f395bbc-365d-4185-b8d8-41d51f7246f6", "isActive":false, "balance":"$5,269.08", "picture":"http://placehold.it/32x32", "age":22, "eyeColor":"green", "name":"Delgado Walter", "gender":"male", "company":"RAMJOB", "email":"delgadowalter@ramjob.com", "phone":"+1 (847) 424-3628", "address":"994 Suydam Street, Fairacres, Montana, 6831", "about":"Laboris tempor sint est culpa non officia. Tempor eiusmod reprehenderit dolore laborum consequat. Excepteur magna officia nulla adipisicing laboris sunt reprehenderit minim qui veniam cupidatat exercitation consectetur. Sit fugiat commodo excepteur esse irure ipsum veniam amet exercitation aliqua labore duis excepteur quis. Do nulla magna sit aliquip fugiat excepteur non adipisicing amet qui aliqua mollit dolore dolor. Cupidatat excepteur adipisicing officia laboris.\r\n", "registered":"2014-06-30T05:04:19 -07:00", "latitude":-48.933252, "longitude":-57.618628, "tags":["anim", "proident", "quis", "adipisicing", "laborum", "culpa", "velit"], "friends":[{"id":0, "name":"Evelyn Best"}, {"id":1, "name":"Dionne Gardner"}, {"id":2, "name":"Hamilton Meadows"}], "greeting":"Hello, Delgado Walter! You have 10 unread messages.", "favoriteFruit":"strawberry"}