{"_id":"55e8b8c6a5e86bb3d6a012e4", "index":1045, "guid":"03f70d39-fc61-4e3d-a7b0-3d549e67c735", "isActive":false, "balance":"$191.88", "picture":"http://placehold.it/32x32", "age":39, "eyeColor":"brown", "name":"Erna Bentley", "gender":"female", "company":"SARASONIC", "email":"ernabentley@sarasonic.com", "phone":"+1 (988) 563-2464", "address":"673 Caton Avenue, Jacumba, Nevada, 5832", "about":"Ut occaecat magna voluptate eu labore anim sint in. Voluptate id incididunt nisi anim enim occaecat id non. Commodo excepteur adipisicing eu eu esse Lorem exercitation veniam esse cillum magna aliqua. Labore esse excepteur velit aliqua aliqua elit occaecat elit ad consequat mollit irure magna.\r\n", "registered":"2014-01-17T01:58:59 -07:00", "latitude":-30.606074, "longitude":-138.548676, "tags":["reprehenderit", "minim", "eiusmod", "aute", "proident", "consequat", "nulla"], "friends":[{"id":0, "name":"Lola White"}, {"id":1, "name":"Foster Holt"}, {"id":2, "name":"Winters Jones"}], "greeting":"Hello, Erna Bentley! You have 4 unread messages.", "favoriteFruit":"banana"}