{"_id":"55e8b8c6c2cf8cf573371137", "index":1180, "guid":"14dc7a3e-a8c2-44ff-8724-4d44b08c8281", "isActive":true, "balance":"$5,846.87", "picture":"http://placehold.it/32x32", "age":21, "eyeColor":"green", "name":"Carol Callahan", "gender":"female", "company":"ENJOLA", "email":"carolcallahan@enjola.com", "phone":"+1 (848) 513-3477", "address":"677 Canarsie Road, Hanover, Michigan, 4594", "about":"Sit Lorem laborum non ullamco do dolore. Consequat anim dolore mollit labore in pariatur voluptate voluptate. Id adipisicing anim qui est pariatur laboris do. Eu eu ut velit laboris non magna non velit reprehenderit pariatur nulla. Anim anim aute aute sunt aliquip aute labore eu laborum aliquip mollit. Irure aliqua dolor sit ipsum aliquip cupidatat aliqua minim.\r\n", "registered":"2014-10-04T10:20:22 -07:00", "latitude":-4.788148, "longitude":-63.930833, "tags":["aliquip", "nisi", "aliquip", "nostrud", "id", "ex", "commodo"], "friends":[{"id":0, "name":"Sharlene Briggs"}, {"id":1, "name":"Chelsea Flores"}, {"id":2, "name":"Hansen Cruz"}], "greeting":"Hello, Carol Callahan! You have 1 unread messages.", "favoriteFruit":"strawberry"}