{"_id":"55e8b8c6aa2d5dbdf052f7b9", "index":1322, "guid":"bc00fb58-283d-4316-9024-f6c8894233d9", "isActive":true, "balance":"$3,885.44", "picture":"http://placehold.it/32x32", "age":29, "eyeColor":"blue", "name":"Sosa Mercer", "gender":"male", "company":"QABOOS", "email":"sosamercer@qaboos.com", "phone":"+1 (962) 515-2196", "address":"756 Woodruff Avenue, Glenbrook, South Carolina, 5271", "about":"Aute quis mollit irure occaecat ea ullamco amet. Minim tempor eu officia Lorem dolor occaecat sit ea laborum id. Esse et proident non ipsum voluptate minim eu. Eu labore magna excepteur excepteur deserunt ullamco culpa deserunt est mollit in exercitation Lorem laboris. Eu quis Lorem nisi aliquip duis aliqua veniam ut ipsum. Enim aliquip magna ad Lorem. Qui cillum amet esse mollit ut enim.\r\n", "registered":"2015-07-04T12:15:18 -07:00", "latitude":71.846403, "longitude":83.011777, "tags":["incididunt", "consequat", "ipsum", "adipisicing", "cillum", "tempor", "anim"], "friends":[{"id":0, "name":"Rosa Ellis"}, {"id":1, "name":"Lottie Estrada"}, {"id":2, "name":"Haynes Frye"}], "greeting":"Hello, Sosa Mercer! You have 9 unread messages.", "favoriteFruit":"banana"}