{"_id":"55e8b8c6620a59434b21635d", "index":1019, "guid":"da023003-867b-480c-bd09-f589b89c905a", "isActive":true, "balance":"$2,881.55", "picture":"http://placehold.it/32x32", "age":30, "eyeColor":"green", "name":"Aimee Woods", "gender":"female", "company":"KNOWLYSIS", "email":"aimeewoods@knowlysis.com", "phone":"+1 (983) 580-3610", "address":"652 Ivan Court, Ronco, Georgia, 505", "about":"Tempor dolore est adipisicing magna excepteur consectetur adipisicing ut anim aute incididunt. Sunt anim sunt tempor in ullamco laboris et nostrud et. Qui ea sunt officia officia elit incididunt magna nisi ad deserunt voluptate minim. Id eu aliqua ipsum esse sit proident laborum ea irure culpa in sit esse. Voluptate excepteur qui sit sint dolor sunt mollit reprehenderit amet proident.\r\n", "registered":"2014-10-29T07:07:21 -07:00", "latitude":-45.735149, "longitude":145.719725, "tags":["amet", "et", "amet", "aute", "ullamco", "ullamco", "pariatur"], "friends":[{"id":0, "name":"Kimberley Frost"}, {"id":1, "name":"Celina Patton"}, {"id":2, "name":"Daisy Glenn"}], "greeting":"Hello, Aimee Woods! You have 5 unread messages.", "favoriteFruit":"apple"}