{"_id":"55e8b8c6838b6468ba154f9b", "index":1379, "guid":"3eabdbcb-db5a-4e29-919e-25b6bb7117d9", "isActive":false, "balance":"$9,049.20", "picture":"http://placehold.it/32x32", "age":32, "eyeColor":"blue", "name":"Contreras Michael", "gender":"male", "company":"CYCLONICA", "email":"contrerasmichael@cyclonica.com", "phone":"+1 (960) 463-3772", "address":"974 Veronica Place, Gwynn, Montana, 2818", "about":"Sit qui ea veniam aliquip occaecat. Eu cillum aliqua ipsum eiusmod pariatur. Et exercitation ad commodo irure eiusmod quis dolore incididunt nulla. Est sit consectetur ut enim pariatur sunt est elit. Laboris officia nulla ex pariatur pariatur est. Ut aliqua irure veniam voluptate cupidatat Lorem laborum ipsum Lorem eiusmod quis irure esse laboris.\r\n", "registered":"2014-12-12T03:19:09 -07:00", "latitude":27.92884, "longitude":12.423168, "tags":["deserunt", "irure", "tempor", "commodo", "aliqua", "pariatur", "ex"], "friends":[{"id":0, "name":"Bessie Ruiz"}, {"id":1, "name":"Hall Barrera"}, {"id":2, "name":"Liz Espinoza"}], "greeting":"Hello, Contreras Michael! You have 10 unread messages.", "favoriteFruit":"strawberry"}