{"_id":"55e8b8c6b90ee7a8592b1e3d", "index":1198, "guid":"dc18bba7-170b-42cb-9c51-f625877b133a", "isActive":false, "balance":"$7,736.98", "picture":"http://placehold.it/32x32", "age":38, "eyeColor":"brown", "name":"Chase Morse", "gender":"male", "company":"ONTAGENE", "email":"chasemorse@ontagene.com", "phone":"+1 (895) 594-2599", "address":"836 Osborn Street, Boomer, Ohio, 1369", "about":"Dolore ullamco aliqua ea sunt nulla et voluptate. Ad commodo in excepteur proident ut dolor labore Lorem pariatur nulla esse mollit do. Ipsum minim velit ex tempor aliqua consectetur ex pariatur ipsum est magna dolor. Nisi cupidatat amet sint aliquip. Sint aute incididunt culpa eu aliquip.\r\n", "registered":"2015-03-04T10:26:57 -07:00", "latitude":-42.476157, "longitude":-90.326326, "tags":["amet", "consequat", "nostrud", "aliqua", "non", "nisi", "commodo"], "friends":[{"id":0, "name":"Strickland Pacheco"}, {"id":1, "name":"Lane Olson"}, {"id":2, "name":"Christy Witt"}], "greeting":"Hello, Chase Morse! You have 6 unread messages.", "favoriteFruit":"strawberry"}