{"_id":"55e8b8c65fea5bdaac285ae9", "index":1138, "guid":"103b3f9f-8c43-47f6-8a8c-63cedb6ace99", "isActive":true, "balance":"$346.02", "picture":"http://placehold.it/32x32", "age":39, "eyeColor":"blue", "name":"Acevedo Hunter", "gender":"male", "company":"ACIUM", "email":"acevedohunter@acium.com", "phone":"+1 (957) 502-2261", "address":"400 Madison Place, Sunnyside, Colorado, 6556", "about":"Amet cillum dolore ex occaecat nulla est tempor ipsum qui. Pariatur duis ut sit minim cupidatat deserunt qui aliqua veniam commodo Lorem velit. Laboris consectetur qui sint excepteur aliqua nisi irure excepteur anim duis labore. Nulla amet commodo in excepteur exercitation occaecat consequat.\r\n", "registered":"2015-07-21T01:04:59 -07:00", "latitude":-28.796409, "longitude":59.079533, "tags":["velit", "qui", "ea", "et", "ullamco", "minim", "nisi"], "friends":[{"id":0, "name":"Christi Young"}, {"id":1, "name":"Concepcion Black"}, {"id":2, "name":"Delaney Whitley"}], "greeting":"Hello, Acevedo Hunter! You have 8 unread messages.", "favoriteFruit":"banana"}