{"_id":"55e8b8c6edb24913595f13d4", "index":1292, "guid":"f4c531c5-23d8-4b4b-a87a-8acadb95f99f", "isActive":false, "balance":"$8,495.55", "picture":"http://placehold.it/32x32", "age":28, "eyeColor":"green", "name":"Cherie Duncan", "gender":"female", "company":"KROG", "email":"cherieduncan@krog.com", "phone":"+1 (861) 460-3714", "address":"341 Schenck Court, Caledonia, North Carolina, 4048", "about":"Ipsum ea reprehenderit anim aliquip eiusmod consectetur id qui incididunt dolore labore laborum minim. Et aliquip sit laboris magna voluptate nulla ad qui officia elit nostrud do. Sunt et Lorem id nulla excepteur laboris minim. Reprehenderit ut magna esse reprehenderit eiusmod Lorem duis consequat incididunt magna anim labore. Tempor commodo nulla elit elit pariatur nostrud dolor pariatur. Et ipsum quis consectetur aute minim aliqua pariatur adipisicing cillum qui anim nisi irure fugiat. Mollit aliquip eu deserunt reprehenderit pariatur voluptate reprehenderit aliquip non nostrud qui.\r\n", "registered":"2014-01-30T03:45:49 -07:00", "latitude":-72.888209, "longitude":174.897882, "tags":["excepteur", "sint", "non", "ut", "consequat", "esse", "qui"], "friends":[{"id":0, "name":"Katie Clarke"}, {"id":1, "name":"Lucy Long"}, {"id":2, "name":"Christensen Swanson"}], "greeting":"Hello, Cherie Duncan! You have 7 unread messages.", "favoriteFruit":"apple"}