{"_id":"55e8b8c65edc41dfc34eb832", "index":117, "guid":"0e33dc40-8466-4106-9051-5c8d08338854", "isActive":false, "balance":"$8,541.29", "picture":"http://placehold.it/32x32", "age":20, "eyeColor":"green", "name":"Ruthie Roth", "gender":"female", "company":"MONDICIL", "email":"ruthieroth@mondicil.com", "phone":"+1 (879) 528-2842", "address":"639 Branton Street, Coral, Nevada, 9206", "about":"Do ut sint enim quis ut enim aute. Duis officia est consequat dolore incididunt ea qui mollit elit ex. Officia ullamco sunt fugiat irure ex commodo adipisicing consectetur Lorem consequat mollit aliquip. Tempor laborum reprehenderit magna aliqua tempor irure tempor Lorem ipsum esse ad. Reprehenderit anim proident incididunt tempor aliqua est Lorem ipsum. Exercitation irure laborum fugiat tempor. Fugiat voluptate dolore amet veniam amet cupidatat.\r\n", "registered":"2014-02-24T03:22:00 -07:00", "latitude":-70.952137, "longitude":163.296947, "tags":["et", "duis", "ex", "eiusmod", "deserunt", "aute", "incididunt"], "friends":[{"id":0, "name":"Robert Grant"}, {"id":1, "name":"Whitaker Lindsay"}, {"id":2, "name":"Vincent Clayton"}], "greeting":"Hello, Ruthie Roth! You have 5 unread messages.", "favoriteFruit":"apple"}