{"_id":"55e8b8c63acf2f7d8f395517", "index":1119, "guid":"b9de2d2b-38a6-4cf1-936b-391a74e00ca0", "isActive":true, "balance":"$6,899.53", "picture":"http://placehold.it/32x32", "age":37, "eyeColor":"blue", "name":"Hatfield Fletcher", "gender":"male", "company":"COMTOURS", "email":"hatfieldfletcher@comtours.com", "phone":"+1 (865) 457-3816", "address":"506 Powell Street, Dante, Vermont, 459", "about":"Tempor esse id incididunt quis est elit est et enim labore ex. Aliqua labore aliquip voluptate excepteur adipisicing amet velit nisi tempor nisi id exercitation sint. Eiusmod dolor quis tempor fugiat eiusmod incididunt eu nulla cupidatat occaecat quis. In Lorem irure do aute deserunt elit non sit ut ex voluptate labore.\r\n", "registered":"2014-12-07T06:53:00 -07:00", "latitude":16.211778, "longitude":139.541069, "tags":["minim", "voluptate", "amet", "exercitation", "incididunt", "nulla", "cillum"], "friends":[{"id":0, "name":"Chaney Gaines"}, {"id":1, "name":"Jennings Montoya"}, {"id":2, "name":"Rhoda Lyons"}], "greeting":"Hello, Hatfield Fletcher! You have 9 unread messages.", "favoriteFruit":"strawberry"}