{"_id":"55e8b8c697c4571448f018d0", "index":1418, "guid":"1e36e8f1-9182-4cb8-a2c4-9b311a5d9f6d", "isActive":true, "balance":"$255.41", "picture":"http://placehold.it/32x32", "age":29, "eyeColor":"blue", "name":"Parrish Bird", "gender":"male", "company":"TERRAGEN", "email":"parrishbird@terragen.com", "phone":"+1 (962) 439-2559", "address":"598 India Street, Cornucopia, Tennessee, 4903", "about":"Ad proident pariatur labore adipisicing consequat voluptate. Quis ipsum cupidatat in veniam qui excepteur sit reprehenderit esse pariatur cillum qui. Ea nisi deserunt aliqua quis deserunt commodo aliquip. Ea sunt deserunt do Lorem eiusmod laboris cupidatat enim. Ex do eu consequat est consequat. Dolore eiusmod commodo fugiat est ipsum esse mollit mollit esse labore deserunt. Magna labore duis tempor enim deserunt sit nostrud aute duis culpa id.\r\n", "registered":"2014-12-14T08:28:23 -07:00", "latitude":33.62965, "longitude":63.532068, "tags":["tempor", "do", "Lorem", "adipisicing", "reprehenderit", "ex", "incididunt"], "friends":[{"id":0, "name":"Rhea Gibson"}, {"id":1, "name":"Jenifer Francis"}, {"id":2, "name":"Jamie Sears"}], "greeting":"Hello, Parrish Bird! You have 5 unread messages.", "favoriteFruit":"banana"}