{"_id":"55e8b8c612692b93ecd3ce04", "index":1122, "guid":"6634f501-2fa3-4174-91c2-c2e6a7b4a7b6", "isActive":true, "balance":"$1,163.27", "picture":"http://placehold.it/32x32", "age":29, "eyeColor":"green", "name":"Richards Burch", "gender":"male", "company":"ENORMO", "email":"richardsburch@enormo.com", "phone":"+1 (804) 535-2935", "address":"878 Channel Avenue, Whitewater, Michigan, 6312", "about":"Excepteur esse consectetur et sit Lorem ea adipisicing irure mollit nostrud qui. Ipsum fugiat minim aute aute aliqua incididunt incididunt. Consequat ea consectetur elit irure fugiat ex minim sit. Fugiat magna eu pariatur laborum eiusmod aliqua ut sit anim nostrud ullamco commodo elit sunt. Velit exercitation sit aute consequat cillum esse consectetur cillum mollit amet. Eiusmod aute minim deserunt quis. Ex commodo nisi culpa fugiat elit nulla cupidatat in elit.\r\n", "registered":"2015-05-11T12:26:45 -07:00", "latitude":-45.259148, "longitude":31.252599, "tags":["cupidatat", "do", "dolor", "enim", "aute", "elit", "Lorem"], "friends":[{"id":0, "name":"Patel Mccoy"}, {"id":1, "name":"Crystal Davenport"}, {"id":2, "name":"Petty Mitchell"}], "greeting":"Hello, Richards Burch! You have 4 unread messages.", "favoriteFruit":"strawberry"}