{"_id":"55e8b8c6038fb411dfc08c15", "index":1093, "guid":"db4ae803-642d-4745-a682-4c7d37e953bb", "isActive":true, "balance":"$5,660.52", "picture":"http://placehold.it/32x32", "age":38, "eyeColor":"blue", "name":"Grant Bernard", "gender":"male", "company":"EXOTECHNO", "email":"grantbernard@exotechno.com", "phone":"+1 (916) 437-2681", "address":"809 Frank Court, Coalmont, New Hampshire, 9865", "about":"Duis sunt laborum cillum aliquip elit sit officia aliqua id cupidatat laboris adipisicing do. Commodo enim ullamco reprehenderit culpa consectetur. Do voluptate Lorem proident deserunt quis ea quis ut adipisicing cupidatat. Proident enim ullamco ex incididunt sit aliquip. Do minim anim ex ex cupidatat sunt duis incididunt do nisi enim. Laboris aliquip non reprehenderit excepteur eu pariatur.\r\n", "registered":"2014-09-16T10:26:26 -07:00", "latitude":55.730763, "longitude":-100.970392, "tags":["aliqua", "reprehenderit", "irure", "magna", "et", "pariatur", "esse"], "friends":[{"id":0, "name":"Perry Harrell"}, {"id":1, "name":"Dixon Parks"}, {"id":2, "name":"Vazquez Ramos"}], "greeting":"Hello, Grant Bernard! You have 3 unread messages.", "favoriteFruit":"apple"}