{"_id":"55e8b8c6c2c5fd88c3986703", "index":1123, "guid":"198c15c8-b259-4f40-ac05-713ed7aa78d1", "isActive":false, "balance":"$9,348.30", "picture":"http://placehold.it/32x32", "age":21, "eyeColor":"blue", "name":"Johns Bradford", "gender":"male", "company":"INJOY", "email":"johnsbradford@injoy.com", "phone":"+1 (820) 530-3309", "address":"574 Fleet Street, Hannasville, Guam, 3949", "about":"Adipisicing incididunt est fugiat ad proident reprehenderit culpa in. Culpa do velit consequat enim cupidatat irure ipsum commodo nostrud. Reprehenderit Lorem aute qui ut. Sint proident est proident enim veniam eu. Mollit do non fugiat magna aute pariatur Lorem aliqua voluptate.\r\n", "registered":"2014-05-08T01:28:23 -07:00", "latitude":-34.475829, "longitude":9.609121, "tags":["dolore", "dolore", "reprehenderit", "et", "sunt", "anim", "consectetur"], "friends":[{"id":0, "name":"Roberts Bryant"}, {"id":1, "name":"Nelson Allen"}, {"id":2, "name":"Pierce Yang"}], "greeting":"Hello, Johns Bradford! You have 3 unread messages.", "favoriteFruit":"apple"}