{"_id":"55e8b8c6065fa9ca5992de7a", "index":1129, "guid":"eb123afa-e13b-4787-a30c-f322e1956ce8", "isActive":false, "balance":"$1,588.24", "picture":"http://placehold.it/32x32", "age":28, "eyeColor":"blue", "name":"Cole Levine", "gender":"male", "company":"GLOBOIL", "email":"colelevine@globoil.com", "phone":"+1 (930) 493-2904", "address":"718 Crown Street, Brazos, Virginia, 9202", "about":"Quis anim laboris nostrud pariatur nostrud consectetur esse ex elit ad ex non. Nulla enim sit do et anim occaecat irure magna amet magna minim ullamco. Anim reprehenderit reprehenderit laboris ad amet minim. In est ullamco et elit anim ea consequat esse reprehenderit ad sit. Ipsum ex ex proident dolor aute Lorem incididunt. Amet eu consectetur eu laboris excepteur do quis ipsum tempor minim adipisicing officia laboris.\r\n", "registered":"2014-07-12T07:44:18 -07:00", "latitude":-7.040031, "longitude":68.207113, "tags":["velit", "in", "excepteur", "minim", "laboris", "mollit", "consequat"], "friends":[{"id":0, "name":"Herring Michael"}, {"id":1, "name":"Booker Ruiz"}, {"id":2, "name":"Banks Barrera"}], "greeting":"Hello, Cole Levine! You have 4 unread messages.", "favoriteFruit":"apple"}