{"_id":"55e8b8c66608ccdec33d3a02", "index":1117, "guid":"48a2f184-5ddb-4d7e-b9f7-6f4066510edd", "isActive":false, "balance":"$7,445.79", "picture":"http://placehold.it/32x32", "age":32, "eyeColor":"blue", "name":"Kari Vang", "gender":"female", "company":"DIGIFAD", "email":"karivang@digifad.com", "phone":"+1 (821) 524-3510", "address":"465 Morgan Avenue, Newkirk, Massachusetts, 7447", "about":"Id minim excepteur sit veniam proident laborum quis esse aliquip magna incididunt commodo tempor do. Commodo minim dolor minim consequat eu. Reprehenderit veniam sint ex adipisicing. Consectetur aliqua commodo aute reprehenderit sunt est.\r\n", "registered":"2014-01-29T02:57:43 -07:00", "latitude":14.182058, "longitude":-22.898657, "tags":["cupidatat", "qui", "magna", "do", "duis", "commodo", "adipisicing"], "friends":[{"id":0, "name":"Cox Brock"}, {"id":1, "name":"Mitchell Bailey"}, {"id":2, "name":"Horton Bridges"}], "greeting":"Hello, Kari Vang! You have 9 unread messages.", "favoriteFruit":"apple"}