{"_id":"55e8b8c6459449861432067a", "index":1001, "guid":"49eea322-a51b-4736-82ca-e4e15008935d", "isActive":false, "balance":"$4,440.90", "picture":"http://placehold.it/32x32", "age":37, "eyeColor":"brown", "name":"Butler Travis", "gender":"male", "company":"JIMBIES", "email":"butlertravis@jimbies.com", "phone":"+1 (887) 569-2775", "address":"326 Holmes Lane, Tioga, Massachusetts, 2050", "about":"Est excepteur in duis Lorem incididunt cillum reprehenderit incididunt incididunt do aliqua. Est qui do laborum mollit fugiat deserunt elit duis ex culpa laboris nulla. Exercitation labore do exercitation Lorem anim laborum laborum cillum sint quis magna. Anim qui eu exercitation Lorem et in est aliqua enim voluptate esse occaecat cupidatat.\r\n", "registered":"2015-06-05T11:17:56 -07:00", "latitude":-89.474552, "longitude":101.318755, "tags":["do", "nulla", "nulla", "enim", "veniam", "dolor", "eiusmod"], "friends":[{"id":0, "name":"Bettye Conley"}, {"id":1, "name":"Lucas Wolfe"}, {"id":2, "name":"Candice Fuller"}], "greeting":"Hello, Butler Travis! You have 10 unread messages.", "favoriteFruit":"strawberry"}