{"_id":"55e8b8c642f417568cc7d513", "index":1042, "guid":"8e2e7028-413b-4ca4-b25d-f83cafb1ae4f", "isActive":true, "balance":"$7,516.44", "picture":"http://placehold.it/32x32", "age":22, "eyeColor":"blue", "name":"Cline Franklin", "gender":"male", "company":"ENERSAVE", "email":"clinefranklin@enersave.com", "phone":"+1 (920) 504-2748", "address":"625 Benson Avenue, Herlong, American Samoa, 4472", "about":"Ullamco pariatur reprehenderit amet tempor do aliqua anim ullamco irure. Nulla deserunt consectetur commodo sit proident nisi aliqua labore ipsum esse. Cupidatat cupidatat reprehenderit proident ad nostrud deserunt ut tempor deserunt ea amet. Do excepteur est elit labore dolore esse eiusmod adipisicing anim tempor dolor quis.\r\n", "registered":"2015-05-30T04:26:46 -07:00", "latitude":18.884472, "longitude":55.424693, "tags":["qui", "occaecat", "ipsum", "quis", "exercitation", "cillum", "cillum"], "friends":[{"id":0, "name":"White Duncan"}, {"id":1, "name":"Langley Clarke"}, {"id":2, "name":"Durham Long"}], "greeting":"Hello, Cline Franklin! You have 9 unread messages.", "favoriteFruit":"banana"}