{"_id":"55e8b8c6b106de61e910014f", "index":1141, "guid":"e3cf65ac-66bf-45b4-bb5b-e081429bddf8", "isActive":false, "balance":"$871.90", "picture":"http://placehold.it/32x32", "age":21, "eyeColor":"blue", "name":"Earlene Griffith", "gender":"female", "company":"FURNAFIX", "email":"earlenegriffith@furnafix.com", "phone":"+1 (886) 599-3855", "address":"996 Fair Street, Westerville, Connecticut, 6023", "about":"Magna quis dolor aute sit aliquip irure. Officia reprehenderit commodo excepteur cillum incididunt. Ut cillum dolore veniam aliqua nulla voluptate duis in commodo reprehenderit magna. Aute eiusmod minim dolore aute. Occaecat irure veniam ullamco non nisi eu labore culpa elit pariatur nisi.\r\n", "registered":"2014-08-02T12:36:51 -07:00", "latitude":-46.120346, "longitude":-54.427888, "tags":["ut", "excepteur", "magna", "non", "est", "aute", "occaecat"], "friends":[{"id":0, "name":"Harding Duran"}, {"id":1, "name":"Shannon Burton"}, {"id":2, "name":"Albert Puckett"}], "greeting":"Hello, Earlene Griffith! You have 10 unread messages.", "favoriteFruit":"strawberry"}