{"_id":"55e8b8c663a27ad6b5e26153", "index":1284, "guid":"7776d66d-2495-4cb2-8a97-d9a274addfce", "isActive":true, "balance":"$6,282.30", "picture":"http://placehold.it/32x32", "age":20, "eyeColor":"blue", "name":"Danielle Bradley", "gender":"female", "company":"DIGIGENE", "email":"daniellebradley@digigene.com", "phone":"+1 (866) 481-2491", "address":"868 Newel Street, Sterling, Missouri, 6870", "about":"Aute non exercitation quis dolore sunt Lorem veniam culpa elit elit veniam. Aliqua ut eu in aliqua. Reprehenderit duis elit consequat fugiat occaecat non officia tempor ad commodo. Ad consequat ipsum non consectetur amet consectetur. Deserunt proident et in mollit tempor consequat in adipisicing culpa est dolore mollit laborum consectetur. Tempor quis eu ea pariatur officia sunt culpa. Nisi nulla sunt fugiat ullamco incididunt consectetur esse ut ad officia anim cupidatat consequat.\r\n", "registered":"2015-06-08T03:56:38 -07:00", "latitude":-75.413179, "longitude":-143.459019, "tags":["anim", "in", "reprehenderit", "laborum", "eiusmod", "sunt", "non"], "friends":[{"id":0, "name":"Oconnor Steele"}, {"id":1, "name":"Marquez Jimenez"}, {"id":2, "name":"Short Sloan"}], "greeting":"Hello, Danielle Bradley! You have 7 unread messages.", "favoriteFruit":"banana"}