{"_id":"55e8b8c64d9fe20930fa7694", "index":1335, "guid":"0f1c0935-e06d-4b1b-99c8-80aabe0a37a0", "isActive":false, "balance":"$2,030.09", "picture":"http://placehold.it/32x32", "age":25, "eyeColor":"blue", "name":"Ferrell Bauer", "gender":"male", "company":"COMVEYER", "email":"ferrellbauer@comveyer.com", "phone":"+1 (884) 536-2171", "address":"718 Ridge Court, Bawcomville, Nevada, 5266", "about":"Adipisicing commodo mollit nulla reprehenderit occaecat adipisicing nisi proident dolor aute. Deserunt dolore do proident eiusmod magna nulla aute sint. Duis exercitation cupidatat proident id anim quis quis excepteur voluptate voluptate aliqua qui dolore aute. In non labore excepteur Lorem et excepteur tempor nisi. Dolor enim culpa dolor pariatur elit quis et exercitation velit occaecat occaecat do ullamco. Mollit qui aliqua deserunt qui fugiat voluptate et aliqua eu sit mollit fugiat duis exercitation.\r\n", "registered":"2014-03-05T01:49:38 -07:00", "latitude":16.786939, "longitude":-85.573007, "tags":["commodo", "cillum", "commodo", "magna", "culpa", "amet", "cupidatat"], "friends":[{"id":0, "name":"Kelley Battle"}, {"id":1, "name":"Ellis Deleon"}, {"id":2, "name":"Malinda Wiggins"}], "greeting":"Hello, Ferrell Bauer! You have 2 unread messages.", "favoriteFruit":"apple"}