{"_id":"55e8b8c6405ebca45dfca914", "index":1361, "guid":"d07fd8d4-639a-460f-a548-68ef931432a0", "isActive":false, "balance":"$5,953.92", "picture":"http://placehold.it/32x32", "age":37, "eyeColor":"blue", "name":"Candy Obrien", "gender":"female", "company":"EXTRO", "email":"candyobrien@extro.com", "phone":"+1 (987) 549-2568", "address":"268 Clymer Street, Bergoo, Virginia, 4291", "about":"Nisi deserunt nulla exercitation ad culpa adipisicing eu in. Eiusmod elit voluptate adipisicing esse ea. Lorem voluptate exercitation officia excepteur sit consequat nisi incididunt non tempor minim duis nostrud in. Incididunt cillum labore eu sint ut irure. Qui occaecat cillum irure occaecat voluptate aliqua nisi dolore cillum enim aliqua officia. Et velit do dolore culpa tempor. Amet culpa Lorem exercitation voluptate fugiat reprehenderit ad Lorem ipsum ex irure qui.\r\n", "registered":"2014-04-12T01:29:58 -07:00", "latitude":-47.357029, "longitude":-100.402962, "tags":["id", "exercitation", "sint", "culpa", "incididunt", "do", "aliquip"], "friends":[{"id":0, "name":"Foreman Becker"}, {"id":1, "name":"Jordan Hoffman"}, {"id":2, "name":"Chan Landry"}], "greeting":"Hello, Candy Obrien! You have 1 unread messages.", "favoriteFruit":"banana"}