{"_id":"55e8b8c630a403feed3782c2", "index":100, "guid":"09a706ff-4689-4f34-9249-ed34b76bf515", "isActive":true, "balance":"$765.18", "picture":"http://placehold.it/32x32", "age":32, "eyeColor":"brown", "name":"Rebecca Stevenson", "gender":"female", "company":"PRIMORDIA", "email":"rebeccastevenson@primordia.com", "phone":"+1 (957) 455-3861", "address":"907 Fane Court, Chloride, Alabama, 9486", "about":"Laboris adipisicing ea irure labore excepteur esse quis adipisicing duis deserunt consequat duis. Sint minim officia cupidatat ea et incididunt minim reprehenderit incididunt. Quis velit et anim esse aliquip do duis irure amet pariatur enim ad in dolor. Cillum incididunt Lorem in do. Non aliquip do cupidatat dolore ad occaecat sunt laborum laborum ea commodo adipisicing anim.\r\n", "registered":"2014-03-20T06:47:14 -07:00", "latitude":77.032193, "longitude":157.628446, "tags":["non", "ipsum", "mollit", "nulla", "adipisicing", "reprehenderit", "dolore"], "friends":[{"id":0, "name":"Alfreda Park"}, {"id":1, "name":"Ayala Reese"}, {"id":2, "name":"Queen Brown"}], "greeting":"Hello, Rebecca Stevenson! You have 3 unread messages.", "favoriteFruit":"apple"}