{"_id":"55e8b8c6b488821ce438267e", "index":1064, "guid":"7309b131-67dd-4ab6-9716-b0974be9d374", "isActive":false, "balance":"$8,115.22", "picture":"http://placehold.it/32x32", "age":31, "eyeColor":"brown", "name":"Atkins Beach", "gender":"male", "company":"GAZAK", "email":"atkinsbeach@gazak.com", "phone":"+1 (990) 488-2188", "address":"156 Schermerhorn Street, Bloomington, Michigan, 6770", "about":"Pariatur magna enim laboris esse incididunt laborum ullamco exercitation ullamco irure non labore cillum. Aliqua nulla amet ullamco ad adipisicing deserunt dolor reprehenderit ipsum id dolore. Eu laborum commodo qui deserunt incididunt consectetur. Magna fugiat anim eu quis irure incididunt. Veniam pariatur culpa fugiat proident ullamco nisi ipsum anim.\r\n", "registered":"2015-04-19T07:43:39 -07:00", "latitude":61.126285, "longitude":150.882683, "tags":["reprehenderit", "mollit", "eiusmod", "sunt", "eu", "laboris", "ex"], "friends":[{"id":0, "name":"Mclaughlin Meyers"}, {"id":1, "name":"Bethany Boyer"}, {"id":2, "name":"Kendra Harrison"}], "greeting":"Hello, Atkins Beach! You have 3 unread messages.", "favoriteFruit":"banana"}