{"_id":"55e8b8c60c16ffa85495fca5", "index":1436, "guid":"9e6c772a-fc12-4544-8db7-73394f820150", "isActive":true, "balance":"$5,012.77", "picture":"http://placehold.it/32x32", "age":20, "eyeColor":"blue", "name":"Knox Torres", "gender":"male", "company":"UTARA", "email":"knoxtorres@utara.com", "phone":"+1 (949) 563-2734", "address":"967 Allen Avenue, Allamuchy, Alaska, 9025", "about":"Aliquip velit ad commodo aliquip velit laborum minim id labore. Elit nulla ex ea eu cillum consectetur pariatur ea voluptate nostrud ullamco laborum duis. Cillum aliqua ex Lorem ad consequat minim ipsum.\r\n", "registered":"2014-05-28T08:37:57 -07:00", "latitude":60.73134, "longitude":-123.947788, "tags":["do", "occaecat", "elit", "id", "proident", "laborum", "consequat"], "friends":[{"id":0, "name":"Gamble Delaney"}, {"id":1, "name":"Nguyen Church"}, {"id":2, "name":"Coffey Woodard"}], "greeting":"Hello, Knox Torres! You have 4 unread messages.", "favoriteFruit":"apple"}