{"_id":"55e8b8c6404122330b768f9f", "index":1215, "guid":"f2f9bb1f-404b-4a4c-88bb-f9216f590868", "isActive":true, "balance":"$8,850.63", "picture":"http://placehold.it/32x32", "age":37, "eyeColor":"brown", "name":"Douglas Walters", "gender":"male", "company":"ECOSYS", "email":"douglaswalters@ecosys.com", "phone":"+1 (990) 476-2714", "address":"860 Sutter Avenue, Enlow, New Mexico, 2506", "about":"Do irure nulla est fugiat eiusmod reprehenderit pariatur. Tempor dolore ex sit non nulla nisi excepteur elit qui do elit sint elit. Labore qui amet dolor labore ut veniam. Nostrud magna qui fugiat velit enim voluptate aliquip magna nulla est est amet sit. Exercitation id nulla qui consequat veniam id ullamco. Ipsum deserunt dolor consectetur culpa nisi sint dolor esse ad labore aliqua incididunt ut mollit. Officia enim nulla veniam ullamco anim nulla dolore duis ad ad.\r\n", "registered":"2015-07-23T10:33:59 -07:00", "latitude":40.790431, "longitude":-178.807091, "tags":["sunt", "dolore", "aliqua", "pariatur", "consequat", "occaecat", "ex"], "friends":[{"id":0, "name":"Barton Valenzuela"}, {"id":1, "name":"Kirk Lynn"}, {"id":2, "name":"Boyd Mcgowan"}], "greeting":"Hello, Douglas Walters! You have 2 unread messages.", "favoriteFruit":"apple"}