{"_id":"55e8b8c6c1821dde31d86f14", "index":1344, "guid":"f445164a-eb15-460c-a03b-42e99a31eb7d", "isActive":false, "balance":"$1,900.60", "picture":"http://placehold.it/32x32", "age":33, "eyeColor":"green", "name":"Fields Hampton", "gender":"male", "company":"PETIGEMS", "email":"fieldshampton@petigems.com", "phone":"+1 (838) 476-2611", "address":"281 Durland Place, Canoochee, Federated States Of Micronesia, 5973", "about":"Laborum reprehenderit minim eu est aliqua sunt mollit anim ut dolor commodo consectetur. Magna veniam cillum magna consectetur consequat. Nulla adipisicing tempor tempor incididunt. Sunt fugiat excepteur in irure do excepteur ex et labore labore nisi veniam quis Lorem. Est velit laboris fugiat ullamco consectetur veniam adipisicing ut fugiat consequat non sint. Dolor quis eiusmod voluptate ullamco duis laborum officia esse laborum. Ullamco ad reprehenderit officia ullamco adipisicing irure exercitation labore ex.\r\n", "registered":"2014-12-30T08:37:08 -07:00", "latitude":-82.475304, "longitude":74.316902, "tags":["pariatur", "proident", "nulla", "aliquip", "ullamco", "ut", "exercitation"], "friends":[{"id":0, "name":"Robbie Boone"}, {"id":1, "name":"Eloise Maxwell"}, {"id":2, "name":"Lucia Gates"}], "greeting":"Hello, Fields Hampton! You have 1 unread messages.", "favoriteFruit":"strawberry"}