{"_id":"55e8b8c60bb0dc2b1a769698", "index":1212, "guid":"0ad61361-d16c-4bdb-bd0d-148f8549e3ce", "isActive":false, "balance":"$471.65", "picture":"http://placehold.it/32x32", "age":28, "eyeColor":"blue", "name":"Latisha Emerson", "gender":"female", "company":"BITREX", "email":"latishaemerson@bitrex.com", "phone":"+1 (804) 411-2796", "address":"607 Bartlett Place, Starks, West Virginia, 7689", "about":"Ad minim ad sint incididunt sunt proident nostrud proident exercitation culpa fugiat. In ea Lorem reprehenderit pariatur reprehenderit minim dolore aliqua aute commodo enim cupidatat magna magna. Aliquip dolore Lorem esse excepteur reprehenderit ex pariatur veniam ad id ad pariatur. Do adipisicing aute aute eu amet duis enim tempor.\r\n", "registered":"2014-06-11T10:20:16 -07:00", "latitude":-73.802304, "longitude":-24.565981, "tags":["ex", "laboris", "quis", "irure", "proident", "excepteur", "sunt"], "friends":[{"id":0, "name":"Glover Fitzpatrick"}, {"id":1, "name":"Levy Livingston"}, {"id":2, "name":"Sophia Lynch"}], "greeting":"Hello, Latisha Emerson! You have 4 unread messages.", "favoriteFruit":"banana"}