{"_id":"55e8b8c6e616c23ff457a950", "index":1080, "guid":"89c0717d-1a0b-4ecd-8d29-7bd8cd73d588", "isActive":true, "balance":"$557.58", "picture":"http://placehold.it/32x32", "age":28, "eyeColor":"brown", "name":"Aurelia Freeman", "gender":"female", "company":"EXOSPEED", "email":"aureliafreeman@exospeed.com", "phone":"+1 (945) 436-2797", "address":"418 Glen Street, Turpin, Colorado, 6032", "about":"Cupidatat labore pariatur pariatur labore enim sit voluptate ex. Ullamco occaecat duis qui minim reprehenderit aliqua et quis irure. Irure consequat exercitation ut tempor nulla quis labore reprehenderit deserunt proident. Dolor Lorem consectetur eu aliquip aliquip. Est culpa laboris ipsum sunt cupidatat non do exercitation eiusmod. Minim laborum officia in ipsum anim incididunt cupidatat consequat proident ullamco incididunt exercitation. Tempor do velit elit voluptate velit anim sunt eiusmod velit excepteur sit aliquip laboris commodo.\r\n", "registered":"2014-07-15T01:13:49 -07:00", "latitude":30.754887, "longitude":22.139564, "tags":["sunt", "ex", "nostrud", "ex", "nisi", "esse", "tempor"], "friends":[{"id":0, "name":"Faye Wilkins"}, {"id":1, "name":"Barnett Singleton"}, {"id":2, "name":"Gina Tillman"}], "greeting":"Hello, Aurelia Freeman! You have 4 unread messages.", "favoriteFruit":"banana"}