{"_id":"55e8b8c608f43f82b0cae2da", "index":1288, "guid":"9dad4680-9008-42f9-b264-03b751a843c2", "isActive":true, "balance":"$8,786.70", "picture":"http://placehold.it/32x32", "age":30, "eyeColor":"blue", "name":"Meredith Lancaster", "gender":"female", "company":"DATAGEN", "email":"meredithlancaster@datagen.com", "phone":"+1 (896) 570-2531", "address":"797 Kensington Street, Allison, Marshall Islands, 6141", "about":"Ea mollit officia Lorem ad enim ut tempor eiusmod laborum occaecat. Dolore dolore nisi sit aliquip. Incididunt ullamco voluptate ullamco adipisicing enim cupidatat elit deserunt aliqua id. Reprehenderit sunt amet nisi tempor fugiat id duis duis cillum non. Voluptate Lorem nostrud aliquip ad consectetur excepteur.\r\n", "registered":"2015-06-12T05:06:29 -07:00", "latitude":60.148675, "longitude":-179.243039, "tags":["ullamco", "excepteur", "nostrud", "occaecat", "voluptate", "do", "elit"], "friends":[{"id":0, "name":"Kathleen Guerrero"}, {"id":1, "name":"Lilian Kidd"}, {"id":2, "name":"Della Christian"}], "greeting":"Hello, Meredith Lancaster! You have 7 unread messages.", "favoriteFruit":"strawberry"}