{"_id":"55e8b8c6f1b371bf90c093bb", "index":1408, "guid":"3a0dacab-b4e2-4821-a4be-3d159cc4dec1", "isActive":false, "balance":"$980.73", "picture":"http://placehold.it/32x32", "age":25, "eyeColor":"brown", "name":"Bates Kane", "gender":"male", "company":"FLUM", "email":"bateskane@flum.com", "phone":"+1 (872) 493-3695", "address":"385 Mayfair Drive, Guilford, North Carolina, 5233", "about":"Reprehenderit velit laboris nisi quis. Nulla nisi in minim duis mollit. Nostrud adipisicing velit occaecat consequat id quis minim cupidatat duis qui mollit Lorem. Aute occaecat nostrud velit velit adipisicing laboris fugiat.\r\n", "registered":"2014-10-21T06:24:10 -07:00", "latitude":-13.343959, "longitude":-56.328967, "tags":["proident", "non", "culpa", "et", "et", "aliqua", "velit"], "friends":[{"id":0, "name":"Michelle Owen"}, {"id":1, "name":"Sherri Shields"}, {"id":2, "name":"Vera Cox"}], "greeting":"Hello, Bates Kane! You have 6 unread messages.", "favoriteFruit":"banana"}