{"_id":"55e8b8c60ebdb28ed7323239", "index":131, "guid":"c9555648-6cf8-427a-a449-168f32079394", "isActive":false, "balance":"$6,573.34", "picture":"http://placehold.it/32x32", "age":35, "eyeColor":"blue", "name":"Wolf Espinoza", "gender":"male", "company":"VERAQ", "email":"wolfespinoza@veraq.com", "phone":"+1 (860) 453-2035", "address":"219 Montgomery Place, Veyo, Massachusetts, 2983", "about":"Lorem ut aute ipsum nisi duis sunt amet nostrud veniam. Veniam dolor consectetur culpa occaecat consequat adipisicing consectetur ad voluptate esse. Ex elit quis voluptate amet ex esse labore tempor magna minim occaecat tempor aliquip consequat.\r\n", "registered":"2015-05-08T07:18:05 -07:00", "latitude":40.270007, "longitude":70.923956, "tags":["deserunt", "adipisicing", "dolore", "incididunt", "sint", "incididunt", "voluptate"], "friends":[{"id":0, "name":"Angie Powell"}, {"id":1, "name":"Terra Peck"}, {"id":2, "name":"Farmer Smith"}], "greeting":"Hello, Wolf Espinoza! You have 6 unread messages.", "favoriteFruit":"strawberry"}