{"_id":"55e8b8c697f1fcea78469f67", "index":1442, "guid":"42e0ea83-e245-41ac-8539-ed2bf1fc3a42", "isActive":true, "balance":"$6,080.23", "picture":"http://placehold.it/32x32", "age":36, "eyeColor":"blue", "name":"Patsy Vaughan", "gender":"female", "company":"ULTRIMAX", "email":"patsyvaughan@ultrimax.com", "phone":"+1 (961) 576-2991", "address":"197 Lott Place, Aguila, Louisiana, 6901", "about":"Adipisicing qui incididunt est ad. Do sint anim consequat deserunt aliquip duis velit commodo non proident. Enim officia incididunt cillum incididunt voluptate culpa deserunt exercitation fugiat et ullamco. Esse excepteur quis cillum culpa sit. Aliqua labore dolor cupidatat excepteur nisi.\r\n", "registered":"2014-10-14T08:28:42 -07:00", "latitude":-52.768198, "longitude":-62.620019, "tags":["nulla", "ut", "incididunt", "anim", "voluptate", "velit", "incididunt"], "friends":[{"id":0, "name":"Frost Lott"}, {"id":1, "name":"Summers Terrell"}, {"id":2, "name":"Bond Whitfield"}], "greeting":"Hello, Patsy Vaughan! You have 2 unread messages.", "favoriteFruit":"strawberry"}