{"_id":"55e8b8c64b996666b5db52dd", "index":1339, "guid":"fa9c77f3-3c1a-498e-adb0-65fae0d7dcb6", "isActive":true, "balance":"$5,526.07", "picture":"http://placehold.it/32x32", "age":31, "eyeColor":"brown", "name":"Harrison Nielsen", "gender":"male", "company":"PHEAST", "email":"harrisonnielsen@pheast.com", "phone":"+1 (821) 492-3684", "address":"685 Kent Street, Itmann, Rhode Island, 9023", "about":"Tempor minim ut amet velit esse eu ullamco culpa velit eu pariatur fugiat laboris. Ut duis amet deserunt est voluptate commodo commodo elit consectetur reprehenderit deserunt. Ullamco sunt labore nostrud ad aute eu laboris nulla aliquip exercitation et amet.\r\n", "registered":"2014-09-15T07:42:12 -07:00", "latitude":-86.551969, "longitude":-40.90279, "tags":["deserunt", "fugiat", "nisi", "commodo", "nulla", "et", "minim"], "friends":[{"id":0, "name":"Elizabeth Robertson"}, {"id":1, "name":"Jackson Short"}, {"id":2, "name":"Bernard Clay"}], "greeting":"Hello, Harrison Nielsen! You have 2 unread messages.", "favoriteFruit":"strawberry"}