{"_id":"55e8b8c6f667a1bc485d32a5", "index":1428, "guid":"d6a7381b-0e6e-43e1-bd01-c8ae981a4d65", "isActive":false, "balance":"$8,491.61", "picture":"http://placehold.it/32x32", "age":27, "eyeColor":"brown", "name":"Calhoun Molina", "gender":"male", "company":"CALCU", "email":"calhounmolina@calcu.com", "phone":"+1 (858) 489-3622", "address":"739 Seagate Avenue, Hilltop, Colorado, 4794", "about":"Tempor non aliquip dolor tempor cupidatat amet do voluptate. Esse id commodo ullamco magna eu consectetur sit irure reprehenderit commodo id esse incididunt. Sunt cupidatat cupidatat anim magna tempor veniam ex nulla ad. Lorem consectetur laboris laboris nostrud sint aliquip consectetur non. Lorem laborum laborum proident et officia. Exercitation aliquip ut aute aliqua. Nisi et consequat aute aliqua Lorem minim.\r\n", "registered":"2014-08-29T07:35:04 -07:00", "latitude":-49.422638, "longitude":-37.231124, "tags":["elit", "nisi", "occaecat", "adipisicing", "fugiat", "officia", "laboris"], "friends":[{"id":0, "name":"Ora Ryan"}, {"id":1, "name":"Lawson Ferguson"}, {"id":2, "name":"Burks Mclaughlin"}], "greeting":"Hello, Calhoun Molina! You have 9 unread messages.", "favoriteFruit":"apple"}