{"_id":"55e8b8c6937c8ed060c52a13", "index":1203, "guid":"a6c0f487-2dda-4bd4-aaa0-0d41f2759be6", "isActive":true, "balance":"$1,762.22", "picture":"http://placehold.it/32x32", "age":25, "eyeColor":"green", "name":"Alice Page", "gender":"female", "company":"ZOMBOID", "email":"alicepage@zomboid.com", "phone":"+1 (987) 483-2258", "address":"569 Sutton Street, Mooresburg, Mississippi, 2579", "about":"Duis esse aute sit incididunt magna voluptate nisi duis officia culpa proident. Tempor ullamco labore consectetur cillum sit eiusmod aliqua ipsum est elit. Aute eiusmod incididunt nostrud nostrud nisi anim velit occaecat commodo ea. Nisi ut in elit labore velit irure. Dolor fugiat laboris laboris ullamco occaecat deserunt tempor. Incididunt id dolore mollit ut id nulla quis proident.\r\n", "registered":"2015-08-18T08:00:19 -07:00", "latitude":79.282783, "longitude":-3.553386, "tags":["dolore", "excepteur", "labore", "elit", "cillum", "do", "elit"], "friends":[{"id":0, "name":"Carr Oneill"}, {"id":1, "name":"Boyle Stark"}, {"id":2, "name":"Drake Brady"}], "greeting":"Hello, Alice Page! You have 6 unread messages.", "favoriteFruit":"banana"}