{"_id":"55e8b8c67ca082708d270ff3", "index":1216, "guid":"012dfc40-d653-4460-83f2-b46a7a033c9c", "isActive":true, "balance":"$2,245.49", "picture":"http://placehold.it/32x32", "age":37, "eyeColor":"brown", "name":"Travis Andrews", "gender":"male", "company":"RENOVIZE", "email":"travisandrews@renovize.com", "phone":"+1 (993) 599-3968", "address":"461 Bleecker Street, Gilmore, American Samoa, 7230", "about":"Ullamco qui ea exercitation laboris enim consectetur cillum qui anim ullamco cillum reprehenderit dolor eu. Tempor id quis aute non nostrud nulla nisi cillum laborum amet nulla magna. Reprehenderit pariatur dolore veniam ullamco pariatur. Do cupidatat sint eu commodo. Irure amet magna enim voluptate consectetur reprehenderit elit ut consequat et voluptate qui voluptate. Adipisicing aliqua sunt dolore laborum irure laborum cupidatat consectetur aliquip ullamco qui.\r\n", "registered":"2015-02-05T11:01:34 -07:00", "latitude":36.716831, "longitude":154.983158, "tags":["aliqua", "eiusmod", "velit", "velit", "ullamco", "officia", "et"], "friends":[{"id":0, "name":"Freida Pitts"}, {"id":1, "name":"Kenya Chapman"}, {"id":2, "name":"Marks Frank"}], "greeting":"Hello, Travis Andrews! You have 9 unread messages.", "favoriteFruit":"apple"}