{"_id":"55e8b8c6825fb0c5f736b14b", "index":1079, "guid":"e21f52c5-07d2-488c-8d06-60652a420bd3", "isActive":true, "balance":"$7,865.60", "picture":"http://placehold.it/32x32", "age":33, "eyeColor":"brown", "name":"Simon Horton", "gender":"male", "company":"CENTICE", "email":"simonhorton@centice.com", "phone":"+1 (861) 485-3045", "address":"698 Rost Place, Mahtowa, New York, 778", "about":"Est sunt enim deserunt esse nisi consequat amet excepteur cupidatat. Qui ut nulla ea magna minim eiusmod cupidatat dolore amet in ullamco enim pariatur. Nisi ullamco consectetur sit proident et id aute nisi eu ea Lorem. Amet laboris qui sint incididunt veniam nulla cillum laborum nisi incididunt ea.\r\n", "registered":"2014-10-04T12:36:24 -07:00", "latitude":7.827432, "longitude":154.749232, "tags":["excepteur", "qui", "exercitation", "culpa", "occaecat", "elit", "commodo"], "friends":[{"id":0, "name":"Madeline Byers"}, {"id":1, "name":"Britt Reid"}, {"id":2, "name":"Valeria Forbes"}], "greeting":"Hello, Simon Horton! You have 1 unread messages.", "favoriteFruit":"apple"}