{"_id":"55e8b8c66155e08e110403ac", "index":1191, "guid":"eef31862-f009-4d83-a014-b79e565d58b5", "isActive":false, "balance":"$606.34", "picture":"http://placehold.it/32x32", "age":21, "eyeColor":"blue", "name":"Kirby Gutierrez", "gender":"male", "company":"QUINTITY", "email":"kirbygutierrez@quintity.com", "phone":"+1 (874) 438-2191", "address":"712 Lexington Avenue, Katonah, Nebraska, 1284", "about":"Amet adipisicing nostrud sit mollit deserunt magna aliquip aute sunt nulla veniam fugiat. Voluptate magna in do duis eu ad ullamco sint. Aliquip ex aute eu aliqua ea esse do mollit pariatur.\r\n", "registered":"2015-07-06T05:58:19 -07:00", "latitude":72.345005, "longitude":109.054304, "tags":["reprehenderit", "aliquip", "ex", "labore", "aliquip", "ut", "et"], "friends":[{"id":0, "name":"Lori Shepard"}, {"id":1, "name":"Darlene Summers"}, {"id":2, "name":"Tanner Cobb"}], "greeting":"Hello, Kirby Gutierrez! You have 5 unread messages.", "favoriteFruit":"strawberry"}