{"_id":"55e8b8c61f1acc2c76403bda", "index":1077, "guid":"6bc60ccf-4c6d-4c42-b8d6-b4d2224f83ea", "isActive":false, "balance":"$4,507.55", "picture":"http://placehold.it/32x32", "age":40, "eyeColor":"blue", "name":"Maynard Whitaker", "gender":"male", "company":"EXODOC", "email":"maynardwhitaker@exodoc.com", "phone":"+1 (845) 446-3721", "address":"306 Pine Street, Gouglersville, Georgia, 3843", "about":"Aute nisi ipsum ex in officia sint nisi. Consectetur anim exercitation ex aute irure. Ad nisi anim nulla nostrud sit laboris esse qui.\r\n", "registered":"2015-06-02T04:24:59 -07:00", "latitude":74.270531, "longitude":51.795082, "tags":["eiusmod", "aute", "velit", "id", "amet", "culpa", "duis"], "friends":[{"id":0, "name":"Jeanette Mcclure"}, {"id":1, "name":"Pate Evans"}, {"id":2, "name":"Rogers Barnes"}], "greeting":"Hello, Maynard Whitaker! You have 9 unread messages.", "favoriteFruit":"banana"}