{"_id":"55e8b8c6c0cb1427c78e4c35", "index":1427, "guid":"eb38ec02-dde4-4de1-ba35-4dd8239eb26f", "isActive":false, "balance":"$5,672.42", "picture":"http://placehold.it/32x32", "age":23, "eyeColor":"blue", "name":"Alvarez Franks", "gender":"male", "company":"SNACKTION", "email":"alvarezfranks@snacktion.com", "phone":"+1 (894) 577-3097", "address":"852 Livonia Avenue, Muse, New York, 3853", "about":"Aliqua ea sunt fugiat culpa officia eu elit esse cupidatat. Nulla anim qui et eiusmod magna quis irure ad qui adipisicing ex dolore quis irure. Nulla do enim exercitation ad sit nostrud.\r\n", "registered":"2014-12-18T12:39:05 -07:00", "latitude":-64.132614, "longitude":-107.84895, "tags":["eu", "adipisicing", "irure", "deserunt", "aliquip", "labore", "nostrud"], "friends":[{"id":0, "name":"Mcknight Oliver"}, {"id":1, "name":"Cornelia Atkinson"}, {"id":2, "name":"Bridgett Hooper"}], "greeting":"Hello, Alvarez Franks! You have 3 unread messages.", "favoriteFruit":"apple"}