{"_id":"55e8b8c604dff52866de350c", "index":143, "guid":"7d6bf08c-8908-4df6-8758-10b95ccdf98b", "isActive":true, "balance":"$6,805.29", "picture":"http://placehold.it/32x32", "age":21, "eyeColor":"green", "name":"Eve Franco", "gender":"female", "company":"PLASMOSIS", "email":"evefranco@plasmosis.com", "phone":"+1 (836) 404-2218", "address":"605 Rockaway Avenue, Camptown, Virginia, 3567", "about":"Laboris culpa do laborum esse occaecat enim cupidatat officia consequat reprehenderit anim adipisicing mollit. Exercitation do incididunt fugiat mollit est pariatur occaecat reprehenderit mollit. Sint aliquip cupidatat nulla anim nisi magna dolor nisi. Commodo incididunt quis eiusmod adipisicing aute. Deserunt aliquip commodo cillum incididunt aute quis dolor occaecat minim. Nisi deserunt commodo est minim consequat ex ex deserunt id mollit exercitation.\r\n", "registered":"2014-11-01T01:17:28 -07:00", "latitude":41.615268, "longitude":-29.206973, "tags":["eu", "in", "est", "esse", "sit", "officia", "tempor"], "friends":[{"id":0, "name":"Elise Weeks"}, {"id":1, "name":"Atkinson Santana"}, {"id":2, "name":"Franklin Roberts"}], "greeting":"Hello, Eve Franco! You have 8 unread messages.", "favoriteFruit":"apple"}