{"_id":"55e8b8c69e8bdc0bd4ab9c4e", "index":1128, "guid":"0c7ad1fe-4ccb-4fc0-8b0e-c2a29c7ff767", "isActive":true, "balance":"$7,924.40", "picture":"http://placehold.it/32x32", "age":36, "eyeColor":"brown", "name":"Terry Drake", "gender":"female", "company":"KATAKANA", "email":"terrydrake@katakana.com", "phone":"+1 (980) 525-3743", "address":"635 Elliott Place, Woodruff, Tennessee, 5659", "about":"Nostrud nostrud in ad laborum excepteur Lorem reprehenderit excepteur velit nostrud sint dolore. Mollit non veniam esse esse ad cupidatat ex anim pariatur tempor reprehenderit. Aliqua dolor ad sunt adipisicing irure nisi. Ex ea duis ad et. Dolor dolor excepteur ex officia sint nostrud nostrud enim tempor irure cupidatat.\r\n", "registered":"2014-10-23T04:49:20 -07:00", "latitude":13.542224, "longitude":-16.344963, "tags":["eu", "sunt", "elit", "quis", "duis", "in", "minim"], "friends":[{"id":0, "name":"Avery Moore"}, {"id":1, "name":"Baker Hill"}, {"id":2, "name":"Bette Kinney"}], "greeting":"Hello, Terry Drake! You have 5 unread messages.", "favoriteFruit":"strawberry"}