{"_id":"55e8b8c67dbeb8dea670ac51", "index":135, "guid":"8b270b83-0999-45c1-aff3-e9f1122b3ce7", "isActive":false, "balance":"$3,384.93", "picture":"http://placehold.it/32x32", "age":39, "eyeColor":"blue", "name":"Brandi Howe", "gender":"female", "company":"DATACATOR", "email":"brandihowe@datacator.com", "phone":"+1 (836) 575-3917", "address":"998 Scott Avenue, Catherine, Oregon, 9061", "about":"Dolor commodo culpa qui qui esse irure. Elit excepteur magna id nisi. Sunt pariatur eiusmod elit culpa. Voluptate duis ea cupidatat consequat occaecat quis veniam adipisicing nisi fugiat officia ea est. Reprehenderit est ipsum in consectetur ea consequat consectetur. Cillum veniam exercitation velit incididunt aute aute.\r\n", "registered":"2014-12-26T11:26:48 -07:00", "latitude":-48.832321, "longitude":36.054589, "tags":["minim", "mollit", "magna", "eiusmod", "aliqua", "enim", "non"], "friends":[{"id":0, "name":"Alyson Dickson"}, {"id":1, "name":"Wagner Jordan"}, {"id":2, "name":"Sharon Walls"}], "greeting":"Hello, Brandi Howe! You have 1 unread messages.", "favoriteFruit":"apple"}