{"_id":"55e8b8c67e83a21b76bfbd93", "index":1392, "guid":"db5563e2-811d-41dc-9516-2ac8ef893ef1", "isActive":false, "balance":"$8,268.92", "picture":"http://placehold.it/32x32", "age":38, "eyeColor":"brown", "name":"Goodwin Weeks", "gender":"male", "company":"VISALIA", "email":"goodwinweeks@visalia.com", "phone":"+1 (954) 455-2996", "address":"604 Stuyvesant Avenue, Henrietta, Maryland, 6477", "about":"Commodo fugiat enim et fugiat laboris exercitation qui aliqua velit esse sunt consequat amet. Occaecat exercitation cillum proident culpa ad labore elit et tempor laborum consequat commodo qui nulla. Tempor ipsum elit adipisicing ut cillum tempor laboris est veniam consequat ullamco. Aliqua do amet ut magna tempor aliquip veniam dolore duis.\r\n", "registered":"2014-07-13T03:06:04 -07:00", "latitude":-83.961495, "longitude":105.142367, "tags":["nulla", "sint", "nostrud", "consectetur", "incididunt", "laborum", "ullamco"], "friends":[{"id":0, "name":"Skinner Santana"}, {"id":1, "name":"Sheila Roberts"}, {"id":2, "name":"Melendez Cherry"}], "greeting":"Hello, Goodwin Weeks! You have 3 unread messages.", "favoriteFruit":"apple"}