{"_id":"55e8b8c6dc6e1bb96f632a31", "index":1327, "guid":"2929c8ec-fe49-45af-8647-016dc2f550f4", "isActive":true, "balance":"$6,739.51", "picture":"http://placehold.it/32x32", "age":29, "eyeColor":"blue", "name":"Silvia Mcclure", "gender":"female", "company":"GEOFARM", "email":"silviamcclure@geofarm.com", "phone":"+1 (993) 430-3298", "address":"975 Albemarle Road, Belva, Delaware, 6503", "about":"Officia dolor dolor qui Lorem. Do dolore veniam cillum Lorem ut voluptate ea elit deserunt enim consectetur do. Reprehenderit occaecat consequat fugiat in consectetur sint velit occaecat tempor cupidatat nisi excepteur officia. Consequat ipsum in aliquip ipsum adipisicing. Velit dolore officia ullamco exercitation enim incididunt occaecat laborum adipisicing dolore adipisicing pariatur elit anim.\r\n", "registered":"2015-07-22T11:26:57 -07:00", "latitude":-15.890004, "longitude":-23.51415, "tags":["enim", "voluptate", "dolore", "occaecat", "incididunt", "enim", "mollit"], "friends":[{"id":0, "name":"Huber Evans"}, {"id":1, "name":"Benson Barnes"}, {"id":2, "name":"Clark Cain"}], "greeting":"Hello, Silvia Mcclure! You have 4 unread messages.", "favoriteFruit":"strawberry"}