{"_id":"55e8b8c61d6b25661a7ce3a1", "index":1285, "guid":"dc2768b1-4774-47f8-9a8d-8bba198903c4", "isActive":true, "balance":"$9,340.70", "picture":"http://placehold.it/32x32", "age":28, "eyeColor":"brown", "name":"Rosario Winters", "gender":"male", "company":"DEEPENDS", "email":"rosariowinters@deepends.com", "phone":"+1 (929) 576-2858", "address":"733 Arlington Avenue, Homeworth, Oklahoma, 9906", "about":"Veniam veniam velit aute minim. Consectetur sint et commodo dolor mollit proident esse veniam pariatur. Reprehenderit voluptate proident proident aliquip voluptate in nostrud. Occaecat laboris mollit Lorem aute qui dolor excepteur est duis irure veniam laborum excepteur. Esse do reprehenderit pariatur magna fugiat magna labore consequat excepteur ad occaecat nostrud.\r\n", "registered":"2015-07-01T12:06:43 -07:00", "latitude":-41.987259, "longitude":-81.678505, "tags":["aute", "cupidatat", "eiusmod", "ipsum", "officia", "aute", "minim"], "friends":[{"id":0, "name":"Rollins Garner"}, {"id":1, "name":"May Camacho"}, {"id":2, "name":"Mona Johns"}], "greeting":"Hello, Rosario Winters! You have 4 unread messages.", "favoriteFruit":"apple"}