{"_id":"55e8b8c631632f0f65f91aae", "index":1040, "guid":"6c2dfd88-88ed-4e3c-a4e5-3ec0741177ec", "isActive":true, "balance":"$5,176.74", "picture":"http://placehold.it/32x32", "age":35, "eyeColor":"blue", "name":"Isabella Harrington", "gender":"female", "company":"ZILLACTIC", "email":"isabellaharrington@zillactic.com", "phone":"+1 (904) 552-2284", "address":"741 Arkansas Drive, Sunbury, Virgin Islands, 3416", "about":"Veniam anim in aliquip aliquip pariatur aute sunt pariatur. Ullamco cupidatat exercitation cupidatat ea excepteur dolor duis proident mollit tempor. In officia esse in esse velit nostrud id reprehenderit. Officia ad consectetur enim dolor laborum non consequat dolor elit. Exercitation aliquip ad esse est enim. Exercitation adipisicing excepteur enim occaecat consectetur. Exercitation deserunt laborum esse veniam ad dolor dolor culpa fugiat non culpa nostrud.\r\n", "registered":"2014-10-06T02:55:06 -07:00", "latitude":37.034274, "longitude":4.958661, "tags":["enim", "culpa", "nisi", "labore", "proident", "mollit", "magna"], "friends":[{"id":0, "name":"Noemi Dotson"}, {"id":1, "name":"Angelique Dodson"}, {"id":2, "name":"Brooks George"}], "greeting":"Hello, Isabella Harrington! You have 1 unread messages.", "favoriteFruit":"apple"}