{"_id":"55e8b8c6d831584e56870c25", "index":1156, "guid":"52d70fe3-7a73-457b-9657-c79f5a2f6343", "isActive":false, "balance":"$5,504.19", "picture":"http://placehold.it/32x32", "age":21, "eyeColor":"blue", "name":"Elise Mcdaniel", "gender":"female", "company":"URBANSHEE", "email":"elisemcdaniel@urbanshee.com", "phone":"+1 (864) 553-3602", "address":"704 Lincoln Road, Gorham, Virgin Islands, 4077", "about":"Lorem exercitation aliqua esse dolor dolor mollit occaecat irure dolor qui. Nostrud laborum tempor do sunt id sit sunt aliquip ad laborum officia proident fugiat. Id ut nostrud voluptate consequat. Ad reprehenderit aliquip pariatur incididunt eu esse incididunt qui magna. Consequat tempor ea cupidatat aute labore enim aute laborum aute tempor laborum in commodo. Anim sit sint exercitation tempor est nulla.\r\n", "registered":"2014-01-24T02:21:31 -07:00", "latitude":-45.62646, "longitude":3.265796, "tags":["id", "do", "sunt", "nulla", "irure", "sit", "voluptate"], "friends":[{"id":0, "name":"Willie Bishop"}, {"id":1, "name":"Shanna Campos"}, {"id":2, "name":"Chandra Mullins"}], "greeting":"Hello, Elise Mcdaniel! You have 7 unread messages.", "favoriteFruit":"apple"}