{"_id":"55e8b8c662975e1f6420ab87", "index":1104, "guid":"2437dfe7-ac5f-438a-8a1a-02a79d193ab2", "isActive":true, "balance":"$9,831.02", "picture":"http://placehold.it/32x32", "age":29, "eyeColor":"green", "name":"Ronda Silva", "gender":"female", "company":"BIOTICA", "email":"rondasilva@biotica.com", "phone":"+1 (833) 428-2315", "address":"717 Brigham Street, Coldiron, Hawaii, 5110", "about":"Cillum culpa enim occaecat aliqua ex nisi Lorem adipisicing excepteur. Cupidatat labore minim do ipsum. Enim est reprehenderit tempor eiusmod nulla sunt ut consectetur ipsum qui veniam quis et ex. Pariatur sunt consectetur eu ullamco labore. Eu nulla sit officia voluptate id.\r\n", "registered":"2015-03-18T08:13:45 -07:00", "latitude":40.285385, "longitude":-63.160771, "tags":["magna", "irure", "excepteur", "cillum", "consequat", "deserunt", "velit"], "friends":[{"id":0, "name":"Betsy Mosley"}, {"id":1, "name":"Stafford Cummings"}, {"id":2, "name":"Serena Snow"}], "greeting":"Hello, Ronda Silva! You have 5 unread messages.", "favoriteFruit":"strawberry"}