{"_id":"55e8b8c6292b0c4a81ded26e", "index":1301, "guid":"cea9eee1-95c2-42ce-bada-7eb062546c64", "isActive":false, "balance":"$8,809.37", "picture":"http://placehold.it/32x32", "age":26, "eyeColor":"blue", "name":"Matthews Odom", "gender":"male", "company":"BULLJUICE", "email":"matthewsodom@bulljuice.com", "phone":"+1 (816) 423-2943", "address":"608 Portal Street, Chilton, Texas, 7247", "about":"Elit non sint minim nulla reprehenderit eu et incididunt Lorem nulla incididunt aliquip sunt. Eiusmod magna irure officia minim nostrud proident duis irure voluptate ipsum eiusmod et nulla veniam. Consequat ullamco voluptate in pariatur laboris occaecat voluptate tempor dolor velit eu pariatur. Ad irure commodo minim Lorem voluptate labore incididunt duis dolor consectetur amet nostrud enim.\r\n", "registered":"2015-05-21T03:33:50 -07:00", "latitude":69.100369, "longitude":34.234448, "tags":["officia", "pariatur", "excepteur", "minim", "eu", "duis", "deserunt"], "friends":[{"id":0, "name":"Jaclyn Cameron"}, {"id":1, "name":"Bullock Matthews"}, {"id":2, "name":"Weaver Monroe"}], "greeting":"Hello, Matthews Odom! You have 1 unread messages.", "favoriteFruit":"apple"}