{"_id":"55e8b8c6cd1cfd3263a29fed", "index":1, "guid":"127974ae-473a-4292-820c-0c785f882a61", "isActive":true, "balance":"$210.12", "picture":"http://placehold.it/32x32", "age":21, "eyeColor":"green", "name":"Ebony Cabrera", "gender":"female", "company":"PEARLESEX", "email":"ebonycabrera@pearlesex.com", "phone":"+1 (962) 406-2693", "address":"117 Matthews Court, Idledale, Nevada, 9431", "about":"Esse eu sunt adipisicing commodo laboris ad. Quis culpa commodo laborum mollit qui. Non dolore irure reprehenderit proident tempor ex dolore voluptate do fugiat proident. Deserunt id velit dolore enim.\r\n", "registered":"2015-06-26T12:36:57 -07:00", "latitude":-18.685135, "longitude":-52.379407, "tags":["laborum", "laborum", "excepteur", "est", "in", "mollit", "culpa"], "friends":[{"id":0, "name":"Black Shannon"}, {"id":1, "name":"Essie Brewer"}, {"id":2, "name":"Rivera Contreras"}], "greeting":"Hello, Ebony Cabrera! You have 6 unread messages.", "favoriteFruit":"banana"}