{"_id":"55e8b8c62852199f54a21265", "index":1299, "guid":"ce39c025-de40-45d2-91c2-9598a3e9da88", "isActive":false, "balance":"$9,046.97", "picture":"http://placehold.it/32x32", "age":33, "eyeColor":"blue", "name":"Lora Alvarez", "gender":"female", "company":"ERSUM", "email":"loraalvarez@ersum.com", "phone":"+1 (905) 585-3542", "address":"830 Fleet Place, Mansfield, California, 8069", "about":"Dolor voluptate sit ea cupidatat consectetur do. Sint labore fugiat aliqua magna deserunt proident ut occaecat enim. Ad nisi Lorem elit enim aute non anim sunt ea nisi. Anim cupidatat consequat aute culpa duis non Lorem irure fugiat Lorem nulla proident amet duis. Dolore ad ipsum minim sint culpa velit reprehenderit.\r\n", "registered":"2015-02-25T03:38:55 -07:00", "latitude":46.422633, "longitude":152.666706, "tags":["do", "deserunt", "dolore", "dolor", "excepteur", "excepteur", "eiusmod"], "friends":[{"id":0, "name":"Carrie Mejia"}, {"id":1, "name":"Earline Mcdowell"}, {"id":2, "name":"Lourdes Barlow"}], "greeting":"Hello, Lora Alvarez! You have 1 unread messages.", "favoriteFruit":"banana"}