{"_id":"55e8b8c6eade8256f74cc433", "index":1373, "guid":"278f5d65-bfa8-43af-9583-c0d0bc68d8d4", "isActive":true, "balance":"$3,563.04", "picture":"http://placehold.it/32x32", "age":22, "eyeColor":"green", "name":"Wiley Bryant", "gender":"male", "company":"BEADZZA", "email":"wileybryant@beadzza.com", "phone":"+1 (933) 420-2932", "address":"477 Cherry Street, Hoagland, Connecticut, 6676", "about":"Labore Lorem dolore officia duis ipsum mollit reprehenderit laboris laborum ea minim eu. Anim non elit sit reprehenderit laboris est excepteur commodo et exercitation consectetur. Nisi laborum laboris ea in labore nisi. Aute ullamco Lorem cillum eu cupidatat aliqua deserunt. Quis do voluptate sunt ut dolore sit labore labore.\r\n", "registered":"2014-09-05T06:21:01 -07:00", "latitude":-34.747031, "longitude":-56.125184, "tags":["ut", "exercitation", "id", "aute", "enim", "Lorem", "ex"], "friends":[{"id":0, "name":"Staci Allen"}, {"id":1, "name":"Ramona Yang"}, {"id":2, "name":"Park Tran"}], "greeting":"Hello, Wiley Bryant! You have 1 unread messages.", "favoriteFruit":"banana"}