{"_id":"55e8b8c61a2fe69153f9a748", "index":1269, "guid":"9150f876-7102-46df-bfc2-e013b0cf7f9f", "isActive":false, "balance":"$7,317.85", "picture":"http://placehold.it/32x32", "age":21, "eyeColor":"brown", "name":"Cain Frost", "gender":"male", "company":"SCENTY", "email":"cainfrost@scenty.com", "phone":"+1 (955) 440-2403", "address":"741 Sullivan Place, Bellamy, Delaware, 4741", "about":"Irure commodo duis enim fugiat. Exercitation incididunt duis anim ea cupidatat est occaecat velit minim ut. Commodo ullamco consectetur minim eiusmod enim quis. Proident amet nulla ea pariatur. Culpa anim dolor laborum ea labore.\r\n", "registered":"2014-01-16T12:07:45 -07:00", "latitude":-18.169329, "longitude":122.308542, "tags":["labore", "commodo", "aute", "duis", "magna", "non", "voluptate"], "friends":[{"id":0, "name":"Trevino Patton"}, {"id":1, "name":"Cathy Glenn"}, {"id":2, "name":"Colette Cook"}], "greeting":"Hello, Cain Frost! You have 7 unread messages.", "favoriteFruit":"strawberry"}