{"_id":"55e8b8c6531854833d2bf909", "index":1306, "guid":"d592f2ae-55dc-4c3f-a533-b17bf2ef9912", "isActive":true, "balance":"$799.50", "picture":"http://placehold.it/32x32", "age":31, "eyeColor":"brown", "name":"Garcia Hicks", "gender":"male", "company":"IRACK", "email":"garciahicks@irack.com", "phone":"+1 (852) 480-2120", "address":"632 Dunne Place, Urie, South Dakota, 7412", "about":"Cupidatat sit pariatur est consectetur esse nulla elit ea aliquip et exercitation dolore amet. Do magna proident officia commodo sint cupidatat duis do fugiat commodo id nulla proident. Anim culpa do dolore veniam deserunt minim nisi commodo id qui cillum adipisicing mollit duis. Magna tempor pariatur elit nulla minim dolore ullamco irure cupidatat est incididunt. Pariatur anim fugiat irure amet. Ullamco do nostrud adipisicing aliqua.\r\n", "registered":"2015-07-03T01:13:31 -07:00", "latitude":-3.938069, "longitude":82.943972, "tags":["aute", "mollit", "sit", "id", "do", "commodo", "in"], "friends":[{"id":0, "name":"Walter Gibbs"}, {"id":1, "name":"Cross Leach"}, {"id":2, "name":"French Phelps"}], "greeting":"Hello, Garcia Hicks! You have 6 unread messages.", "favoriteFruit":"strawberry"}