{"_id":"55e8b8c6ebbc7151839a6cf7", "index":1024, "guid":"6d9b6187-9161-4e7f-9db7-d6672bd64762", "isActive":true, "balance":"$6,248.62", "picture":"http://placehold.it/32x32", "age":23, "eyeColor":"green", "name":"Wynn Bowers", "gender":"male", "company":"ZOARERE", "email":"wynnbowers@zoarere.com", "phone":"+1 (973) 473-3561", "address":"149 Corbin Place, Muir, Ohio, 6833", "about":"Commodo pariatur ut laboris amet laborum nisi. Deserunt occaecat consequat quis ad fugiat fugiat exercitation eu occaecat est ad. Esse exercitation excepteur nostrud ullamco sit exercitation ad velit reprehenderit duis.\r\n", "registered":"2014-03-26T04:19:37 -07:00", "latitude":-66.430155, "longitude":110.96591, "tags":["est", "ea", "nisi", "cillum", "nulla", "fugiat", "proident"], "friends":[{"id":0, "name":"Melissa Bender"}, {"id":1, "name":"Leonor Lawson"}, {"id":2, "name":"Norris Mayer"}], "greeting":"Hello, Wynn Bowers! You have 5 unread messages.", "favoriteFruit":"strawberry"}