{"_id":"55e8b8c67b9c0e0b2a69abd7", "index":1199, "guid":"a5ce7a18-1bab-4b87-9b71-d727a0233c3e", "isActive":false, "balance":"$71.88", "picture":"http://placehold.it/32x32", "age":32, "eyeColor":"green", "name":"Gena Cooley", "gender":"female", "company":"EARTHWAX", "email":"genacooley@earthwax.com", "phone":"+1 (873) 534-3682", "address":"390 Kane Street, Brooktrails, Connecticut, 8612", "about":"Cupidatat sunt nostrud veniam Lorem sint eiusmod culpa magna elit nisi mollit. Mollit est pariatur mollit labore sint eu ex. Laborum aute elit fugiat duis exercitation cupidatat amet. Non voluptate mollit ex occaecat reprehenderit excepteur dolor cupidatat quis voluptate elit officia laboris. Sit culpa quis veniam esse id ad tempor velit minim labore in aliqua duis. Labore ullamco non nostrud et ea nisi.\r\n", "registered":"2014-04-06T07:13:56 -07:00", "latitude":17.368159, "longitude":36.415279, "tags":["tempor", "exercitation", "aliqua", "sit", "ex", "esse", "sit"], "friends":[{"id":0, "name":"Hardy Gillespie"}, {"id":1, "name":"Horne Rivers"}, {"id":2, "name":"Finch Foley"}], "greeting":"Hello, Gena Cooley! You have 4 unread messages.", "favoriteFruit":"strawberry"}