{"_id":"55e8b8c6bdc422e47233fa6a", "index":1281, "guid":"1c1c2a67-23ce-4a43-936f-774facad772b", "isActive":false, "balance":"$419.79", "picture":"http://placehold.it/32x32", "age":39, "eyeColor":"brown", "name":"Summer Reed", "gender":"female", "company":"MANUFACT", "email":"summerreed@manufact.com", "phone":"+1 (873) 565-2462", "address":"243 Meserole Street, Kanauga, Rhode Island, 8003", "about":"Non ad labore labore laboris. Eiusmod reprehenderit duis esse ipsum fugiat irure quis aliqua eiusmod. Aliquip consequat et ea labore consectetur officia aliquip culpa fugiat culpa voluptate adipisicing.\r\n", "registered":"2015-04-03T10:24:10 -07:00", "latitude":-85.538681, "longitude":178.006022, "tags":["commodo", "do", "veniam", "incididunt", "est", "magna", "anim"], "friends":[{"id":0, "name":"Heather Meyer"}, {"id":1, "name":"Gonzalez Nelson"}, {"id":2, "name":"Kerry Lester"}], "greeting":"Hello, Summer Reed! You have 4 unread messages.", "favoriteFruit":"strawberry"}