{"_id":"55e8b8c6512ad499303facbb", "index":1115, "guid":"5e34b591-e150-40f5-b7a4-202cfe76ce7e", "isActive":true, "balance":"$2,916.29", "picture":"http://placehold.it/32x32", "age":24, "eyeColor":"green", "name":"Luella Rodgers", "gender":"female", "company":"FUTURIS", "email":"luellarodgers@futuris.com", "phone":"+1 (964) 407-2520", "address":"854 Celeste Court, Gerber, Pennsylvania, 8914", "about":"Lorem voluptate amet anim elit laborum ullamco anim cupidatat dolor est ea ullamco. Aliqua anim consequat sint proident mollit. In Lorem cupidatat ipsum Lorem. Amet voluptate voluptate consectetur elit exercitation adipisicing id exercitation irure voluptate est.\r\n", "registered":"2014-04-26T09:17:05 -07:00", "latitude":35.219506, "longitude":131.115527, "tags":["minim", "sunt", "sit", "dolor", "commodo", "cillum", "consequat"], "friends":[{"id":0, "name":"Vickie Rollins"}, {"id":1, "name":"Chrystal Manning"}, {"id":2, "name":"Joanna Moran"}], "greeting":"Hello, Luella Rodgers! You have 10 unread messages.", "favoriteFruit":"strawberry"}