{"_id":"55e8b8c6d7ceb5c2fbd8e44e", "index":1044, "guid":"40337df1-c872-4431-b617-91925e8c8cc3", "isActive":false, "balance":"$8,271.62", "picture":"http://placehold.it/32x32", "age":31, "eyeColor":"blue", "name":"Sheryl Robles", "gender":"female", "company":"FRENEX", "email":"sherylrobles@frenex.com", "phone":"+1 (867) 402-2686", "address":"673 Folsom Place, Echo, Maryland, 3410", "about":"Ex dolore do enim consequat officia sunt Lorem esse. Qui laboris velit ex qui ullamco excepteur magna ex eu anim ex. Aute aliqua ad non qui quis sint aliqua ullamco duis aliquip sit sit exercitation pariatur. Lorem qui ullamco commodo minim et.\r\n", "registered":"2015-01-18T01:37:45 -07:00", "latitude":74.645834, "longitude":179.581927, "tags":["amet", "velit", "amet", "dolore", "est", "minim", "id"], "friends":[{"id":0, "name":"Fitzpatrick Carney"}, {"id":1, "name":"Sandoval Albert"}, {"id":2, "name":"Luna Sutton"}], "greeting":"Hello, Sheryl Robles! You have 8 unread messages.", "favoriteFruit":"banana"}