{"_id":"55e8b8c63872773d2e63074a", "index":1070, "guid":"475b5f8e-75ee-4d42-9457-f9fa103721db", "isActive":true, "balance":"$136.84", "picture":"http://placehold.it/32x32", "age":34, "eyeColor":"green", "name":"Myrtle Brooks", "gender":"female", "company":"EXOVENT", "email":"myrtlebrooks@exovent.com", "phone":"+1 (879) 405-2741", "address":"436 Harman Street, Day, Tennessee, 2237", "about":"Do enim veniam nisi esse ex id id aliquip. Esse qui anim eiusmod est in. Irure adipisicing magna duis incididunt ullamco ad ullamco irure. Do sit incididunt laboris exercitation exercitation culpa qui ullamco proident voluptate. Sint occaecat officia magna esse eu cupidatat qui dolor aliquip ipsum non. Irure elit sunt enim veniam. Anim ad ea qui ullamco consequat esse eu nostrud fugiat adipisicing laboris Lorem dolor voluptate.\r\n", "registered":"2014-08-21T07:55:51 -07:00", "latitude":83.114518, "longitude":-40.016871, "tags":["aliqua", "ea", "voluptate", "cillum", "consectetur", "non", "veniam"], "friends":[{"id":0, "name":"Jeri Keller"}, {"id":1, "name":"James Morin"}, {"id":2, "name":"Letha Hall"}], "greeting":"Hello, Myrtle Brooks! You have 4 unread messages.", "favoriteFruit":"apple"}