{"_id":"55e8b8c6161f039b82a2e7ba", "index":1168, "guid":"df3e36c5-b268-437f-8f83-c2ba64c1d310", "isActive":false, "balance":"$1,723.25", "picture":"http://placehold.it/32x32", "age":39, "eyeColor":"brown", "name":"Terri Cunningham", "gender":"female", "company":"SONGLINES", "email":"terricunningham@songlines.com", "phone":"+1 (805) 416-2890", "address":"215 Richards Street, Fannett, Missouri, 6289", "about":"Aliquip sit officia Lorem aliqua minim ex aute in. Exercitation do ut adipisicing ad. Anim culpa officia ea magna. Esse quis fugiat aliqua amet. Sint magna labore ut officia. Consequat deserunt enim adipisicing esse aliquip dolore excepteur voluptate deserunt in excepteur reprehenderit. Occaecat consectetur veniam cillum et voluptate cillum ut mollit culpa.\r\n", "registered":"2014-01-20T05:47:11 -07:00", "latitude":-54.560332, "longitude":118.874434, "tags":["irure", "duis", "laboris", "sit", "id", "id", "et"], "friends":[{"id":0, "name":"Bruce Bird"}, {"id":1, "name":"Hubbard Gibson"}, {"id":2, "name":"Nettie Francis"}], "greeting":"Hello, Terri Cunningham! You have 7 unread messages.", "favoriteFruit":"strawberry"}