{"_id":"55e8b8c6c731da7a7f52157b", "index":141, "guid":"278b34a6-d5d5-494e-bae1-e2c88b7b057b", "isActive":true, "balance":"$8,417.00", "picture":"http://placehold.it/32x32", "age":38, "eyeColor":"green", "name":"Cole Moss", "gender":"male", "company":"DIGIQUE", "email":"colemoss@digique.com", "phone":"+1 (817) 494-3577", "address":"863 Hillel Place, Yardville, Texas, 5166", "about":"Dolor aliquip ex enim consectetur magna. Quis proident ad anim nisi sint enim tempor id officia do labore sit ad. Ad in eu ea ullamco aliqua veniam cillum commodo consectetur ut occaecat cillum. Veniam proident elit quis occaecat sunt. Do pariatur adipisicing adipisicing ad ut laborum eiusmod aliqua proident aute. Irure sunt eiusmod pariatur nostrud qui cillum.\r\n", "registered":"2014-04-22T07:48:14 -07:00", "latitude":31.537227, "longitude":155.46954, "tags":["incididunt", "sint", "sint", "sunt", "pariatur", "enim", "consequat"], "friends":[{"id":0, "name":"Herring Farmer"}, {"id":1, "name":"Ernestine Phillips"}, {"id":2, "name":"Laura Lara"}], "greeting":"Hello, Cole Moss! You have 10 unread messages.", "favoriteFruit":"strawberry"}