{"_id":"55e8b8c69e611dd7b3a3cffd", "index":1017, "guid":"e8f72cb6-3cbc-4d90-86e1-e12d89ea1068", "isActive":false, "balance":"$5,384.48", "picture":"http://placehold.it/32x32", "age":21, "eyeColor":"blue", "name":"Robles Terry", "gender":"male", "company":"EARGO", "email":"roblesterry@eargo.com", "phone":"+1 (826) 552-2278", "address":"768 Tehama Street, Norris, Nebraska, 9592", "about":"Amet enim laborum occaecat excepteur in est in culpa est est consectetur laborum velit. Labore voluptate minim eu ex laborum in non. Velit laboris do non ad aliqua. Voluptate nulla aliquip fugiat veniam cupidatat laboris ex. Eiusmod eiusmod culpa duis laborum Lorem velit.\r\n", "registered":"2015-08-31T06:12:37 -07:00", "latitude":-36.765845, "longitude":-73.390509, "tags":["dolor", "id", "mollit", "laborum", "ut", "deserunt", "ad"], "friends":[{"id":0, "name":"Cherry Chaney"}, {"id":1, "name":"Theresa Whitehead"}, {"id":2, "name":"John Hays"}], "greeting":"Hello, Robles Terry! You have 7 unread messages.", "favoriteFruit":"banana"}