{"_id":"55e8b8c6a7def5cbf517d037", "index":1393, "guid":"072e831c-b3d7-4ac8-89bb-9b38372853a7", "isActive":false, "balance":"$1,665.69", "picture":"http://placehold.it/32x32", "age":24, "eyeColor":"green", "name":"Valentine Garza", "gender":"male", "company":"TALKALOT", "email":"valentinegarza@talkalot.com", "phone":"+1 (949) 410-3943", "address":"364 Johnson Avenue, Caron, Nevada, 841", "about":"Proident nulla consequat reprehenderit occaecat ad minim fugiat. Anim incididunt deserunt est enim voluptate laborum cillum sit id. Sit aliquip ullamco ea velit et. Velit consequat nisi consequat consectetur officia duis duis magna eiusmod mollit veniam. Cupidatat ipsum ex mollit sunt aliqua sint elit fugiat aute consectetur fugiat ipsum id voluptate.\r\n", "registered":"2014-10-07T09:19:49 -07:00", "latitude":-80.193941, "longitude":-75.598973, "tags":["laboris", "non", "ullamco", "laborum", "consectetur", "eiusmod", "aliqua"], "friends":[{"id":0, "name":"Huff Booth"}, {"id":1, "name":"Sonja Boyle"}, {"id":2, "name":"Campbell Chan"}], "greeting":"Hello, Valentine Garza! You have 5 unread messages.", "favoriteFruit":"apple"}