{"_id":"55e8b8c6857bedd242f50b1b", "index":1116, "guid":"d0a2eefb-6afe-4a1b-86f0-87448f62debb", "isActive":false, "balance":"$809.68", "picture":"http://placehold.it/32x32", "age":38, "eyeColor":"brown", "name":"Alyssa Roth", "gender":"female", "company":"MONDICIL", "email":"alyssaroth@mondicil.com", "phone":"+1 (896) 403-2855", "address":"754 Branton Street, Coral, District Of Columbia, 2786", "about":"Dolor nisi mollit ad aliqua. Ullamco dolor anim aute in ut dolore eu do ut. Voluptate do fugiat consectetur laborum elit dolore pariatur esse voluptate minim tempor cillum. Dolor laboris non Lorem eu incididunt fugiat fugiat. Labore consequat laboris quis sit consectetur in dolor commodo adipisicing labore consectetur eu.\r\n", "registered":"2015-04-26T02:33:06 -07:00", "latitude":78.885015, "longitude":115.924153, "tags":["adipisicing", "non", "sint", "est", "ad", "et", "incididunt"], "friends":[{"id":0, "name":"Lila Grant"}, {"id":1, "name":"Diaz Lindsay"}, {"id":2, "name":"Mercado Clayton"}], "greeting":"Hello, Alyssa Roth! You have 4 unread messages.", "favoriteFruit":"banana"}