{"_id":"55e8b8c6dcca70bae06fedc9", "index":1030, "guid":"8200e8d8-84e9-4612-8130-72c82276c213", "isActive":false, "balance":"$2,535.31", "picture":"http://placehold.it/32x32", "age":21, "eyeColor":"blue", "name":"Kate Rose", "gender":"female", "company":"VETRON", "email":"katerose@vetron.com", "phone":"+1 (932) 537-2387", "address":"782 Junius Street, Islandia, Alaska, 8210", "about":"Exercitation ipsum cillum et eu consequat. Eiusmod minim qui exercitation sint Lorem duis cupidatat eiusmod minim fugiat ad velit ullamco. Dolore sint cillum fugiat et fugiat Lorem magna irure excepteur exercitation et. Proident velit proident proident adipisicing adipisicing. Dolor dolor officia esse anim tempor commodo. Nulla tempor occaecat nulla aliquip sint labore duis laboris culpa velit veniam.\r\n", "registered":"2014-05-14T08:52:56 -07:00", "latitude":36.576334, "longitude":100.571924, "tags":["adipisicing", "voluptate", "commodo", "qui", "officia", "cillum", "consequat"], "friends":[{"id":0, "name":"Rasmussen Tanner"}, {"id":1, "name":"Acosta Coffey"}, {"id":2, "name":"Burgess Snyder"}], "greeting":"Hello, Kate Rose! You have 5 unread messages.", "favoriteFruit":"strawberry"}