{"_id":"55e8b8c62fa56c6a4c9f300a", "index":1083, "guid":"cf38c1d5-d8fc-4356-bd5a-5593ac05bc80", "isActive":false, "balance":"$4,488.52", "picture":"http://placehold.it/32x32", "age":33, "eyeColor":"green", "name":"Wilda Soto", "gender":"female", "company":"SKYBOLD", "email":"wildasoto@skybold.com", "phone":"+1 (964) 493-2134", "address":"203 Bay Parkway, Herbster, Connecticut, 9392", "about":"Sit labore officia aliqua qui consectetur cupidatat dolore aliquip commodo velit aliqua qui. In veniam labore amet reprehenderit nisi pariatur mollit elit non in eiusmod adipisicing officia sunt. Deserunt aute dolor anim velit nulla est.\r\n", "registered":"2015-01-01T08:40:14 -07:00", "latitude":-32.189126, "longitude":109.919225, "tags":["consectetur", "culpa", "ea", "occaecat", "nisi", "proident", "magna"], "friends":[{"id":0, "name":"Kimberly Stout"}, {"id":1, "name":"Clara Norris"}, {"id":2, "name":"Chang Mcmahon"}], "greeting":"Hello, Wilda Soto! You have 10 unread messages.", "favoriteFruit":"banana"}