{"_id":"55e8b8c6259932a23671a62b", "index":1095, "guid":"6ef3ebc9-1224-4f09-b44e-7913c9169043", "isActive":false, "balance":"$3,166.25", "picture":"http://placehold.it/32x32", "age":34, "eyeColor":"green", "name":"Eugenia Gates", "gender":"female", "company":"ROCKABYE", "email":"eugeniagates@rockabye.com", "phone":"+1 (905) 474-2418", "address":"676 Woodpoint Road, Stewart, Delaware, 4055", "about":"Deserunt ullamco amet proident voluptate nisi duis elit pariatur exercitation aliqua. Magna est quis cupidatat exercitation. Excepteur deserunt sunt culpa enim mollit magna incididunt labore commodo occaecat. Et incididunt enim nulla dolore.\r\n", "registered":"2015-07-06T12:32:20 -07:00", "latitude":-62.157772, "longitude":-144.421708, "tags":["non", "sit", "dolor", "tempor", "dolore", "duis", "aliquip"], "friends":[{"id":0, "name":"Rosa Dominguez"}, {"id":1, "name":"Martha Stein"}, {"id":2, "name":"Leon Patel"}], "greeting":"Hello, Eugenia Gates! You have 1 unread messages.", "favoriteFruit":"banana"}