{"_id":"55e8b8c6e4c552ae3afc724f", "index":1244, "guid":"1bf690fb-912b-4c2e-892b-f98bf54b3914", "isActive":true, "balance":"$3,115.44", "picture":"http://placehold.it/32x32", "age":24, "eyeColor":"blue", "name":"Stein Compton", "gender":"male", "company":"SPEEDBOLT", "email":"steincompton@speedbolt.com", "phone":"+1 (987) 495-2082", "address":"858 Royce Place, Devon, Tennessee, 3022", "about":"Tempor nisi eu velit veniam ullamco qui ea veniam nulla non mollit adipisicing proident ipsum. Ut nostrud excepteur aliqua in qui nostrud culpa Lorem deserunt incididunt anim ex magna. Ipsum dolor culpa reprehenderit enim deserunt elit commodo eiusmod. Minim proident cupidatat quis anim ad aliqua voluptate do reprehenderit. Magna anim ullamco pariatur tempor reprehenderit reprehenderit labore mollit velit ipsum dolor. Tempor aliquip fugiat do id eiusmod culpa in esse magna nostrud nostrud voluptate. Minim eu magna officia dolor consequat esse sint reprehenderit nostrud laboris id.\r\n", "registered":"2015-02-27T11:17:11 -07:00", "latitude":-60.592111, "longitude":128.461103, "tags":["magna", "velit", "aliqua", "laboris", "aliquip", "reprehenderit", "et"], "friends":[{"id":0, "name":"Lacey Foster"}, {"id":1, "name":"Vanessa Morgan"}, {"id":2, "name":"Holder Fox"}], "greeting":"Hello, Stein Compton! You have 6 unread messages.", "favoriteFruit":"banana"}