{"_id":"55e8b8c6cab3f52379d6eeb7", "index":1224, "guid":"93305713-b836-4474-8089-8215d3f290b6", "isActive":false, "balance":"$3,370.90", "picture":"http://placehold.it/32x32", "age":33, "eyeColor":"brown", "name":"Norton Montgomery", "gender":"male", "company":"ZAGGLE", "email":"nortonmontgomery@zaggle.com", "phone":"+1 (816) 401-2988", "address":"265 Louisa Street, Maybell, Kansas, 7573", "about":"Commodo nisi deserunt eu cillum laborum. Cillum deserunt cupidatat sit voluptate proident nisi. Eiusmod excepteur sit occaecat proident excepteur commodo cupidatat nostrud sunt do laborum. Duis commodo magna duis velit aliqua occaecat nulla eiusmod ipsum eu occaecat dolore.\r\n", "registered":"2015-05-19T07:11:24 -07:00", "latitude":5.523238, "longitude":-104.527024, "tags":["velit", "nulla", "laboris", "sint", "magna", "enim", "fugiat"], "friends":[{"id":0, "name":"Mcclain Hudson"}, {"id":1, "name":"Hattie Burt"}, {"id":2, "name":"Scott Goodman"}], "greeting":"Hello, Norton Montgomery! You have 5 unread messages.", "favoriteFruit":"strawberry"}