{"_id":"55e8b8c6159ee07e54d9d055", "index":1262, "guid":"dbf5fd12-d55c-4b1a-a2d9-4b9f0a4b4e98", "isActive":true, "balance":"$246.21", "picture":"http://placehold.it/32x32", "age":40, "eyeColor":"blue", "name":"Corinne Fernandez", "gender":"female", "company":"TINGLES", "email":"corinnefernandez@tingles.com", "phone":"+1 (998) 562-2302", "address":"592 Mill Avenue, Bentonville, Alaska, 7507", "about":"Occaecat est non Lorem eiusmod ullamco excepteur occaecat esse nostrud cupidatat. Ullamco labore adipisicing Lorem laboris amet in officia commodo enim excepteur elit nulla cillum Lorem. In aliquip dolor esse sit do ut dolore anim. Minim officia in excepteur incididunt elit Lorem. Eiusmod duis veniam sit laboris laboris excepteur ullamco proident sit est magna eu.\r\n", "registered":"2014-09-26T10:37:57 -07:00", "latitude":-80.543615, "longitude":-154.801328, "tags":["veniam", "consequat", "aliqua", "deserunt", "cupidatat", "occaecat", "consequat"], "friends":[{"id":0, "name":"Karin Fischer"}, {"id":1, "name":"Adams Henderson"}, {"id":2, "name":"Conley Trujillo"}], "greeting":"Hello, Corinne Fernandez! You have 8 unread messages.", "favoriteFruit":"strawberry"}