{"_id":"55e8b8c65ce87421cad2c771", "index":1220, "guid":"ab18d110-8f86-4c71-8575-34ced04a930b", "isActive":false, "balance":"$8,796.29", "picture":"http://placehold.it/32x32", "age":35, "eyeColor":"blue", "name":"Leann Dalton", "gender":"female", "company":"ZOUNDS", "email":"leanndalton@zounds.com", "phone":"+1 (858) 433-2928", "address":"413 Harway Avenue, Grantville, Hawaii, 5797", "about":"Aliquip sit dolor cillum irure nisi sunt sint laboris commodo fugiat veniam esse amet. Do tempor sint labore voluptate. Aliqua non minim culpa qui quis sunt esse. Aute nostrud eu magna tempor est adipisicing tempor id. Dolore occaecat et nulla sunt incididunt eu anim ullamco deserunt.\r\n", "registered":"2014-07-05T01:46:47 -07:00", "latitude":-33.077865, "longitude":31.259264, "tags":["id", "deserunt", "ea", "ea", "anim", "nulla", "sunt"], "friends":[{"id":0, "name":"Maggie Blackburn"}, {"id":1, "name":"Powers Hurst"}, {"id":2, "name":"Wyatt Benson"}], "greeting":"Hello, Leann Dalton! You have 6 unread messages.", "favoriteFruit":"strawberry"}