{"_id":"55e8b8c6f034045876d74ce8", "index":1158, "guid":"d1f672df-1c90-46ad-a08c-c5749dff7fe7", "isActive":true, "balance":"$5,262.28", "picture":"http://placehold.it/32x32", "age":38, "eyeColor":"blue", "name":"Fisher Davidson", "gender":"male", "company":"OBLIQ", "email":"fisherdavidson@obliq.com", "phone":"+1 (985) 548-3904", "address":"829 Woodbine Street, Kidder, American Samoa, 9985", "about":"Dolore exercitation exercitation cillum velit nulla amet. Qui proident eu cupidatat eu ea aliquip sint id. Irure labore culpa nostrud ad. Culpa et voluptate nisi in quis aliquip reprehenderit velit ipsum enim fugiat sint. Ullamco magna adipisicing magna ipsum quis.\r\n", "registered":"2015-07-21T10:57:24 -07:00", "latitude":23.097323, "longitude":73.935806, "tags":["velit", "magna", "cillum", "fugiat", "consectetur", "commodo", "in"], "friends":[{"id":0, "name":"Walker Kane"}, {"id":1, "name":"Small Owen"}, {"id":2, "name":"Marion Shields"}], "greeting":"Hello, Fisher Davidson! You have 10 unread messages.", "favoriteFruit":"strawberry"}