{"_id":"55e8b8c6ced672ab48ce0334", "index":1411, "guid":"c23085cb-5669-4d02-9d00-f9890fecfeb8", "isActive":false, "balance":"$5,928.93", "picture":"http://placehold.it/32x32", "age":33, "eyeColor":"green", "name":"Melva Branch", "gender":"female", "company":"PEARLESSA", "email":"melvabranch@pearlessa.com", "phone":"+1 (993) 532-2945", "address":"951 Vanderveer Place, Jeff, Oregon, 803", "about":"Cupidatat elit mollit tempor pariatur magna consequat tempor eiusmod aute eu elit. Elit non commodo aute minim commodo nostrud. Officia veniam consectetur officia qui occaecat tempor ex deserunt ullamco qui adipisicing voluptate eiusmod. Ea fugiat proident irure Lorem esse consequat elit nulla non culpa ad dolor.\r\n", "registered":"2015-08-03T05:19:55 -07:00", "latitude":-45.686749, "longitude":74.388302, "tags":["eu", "aliqua", "amet", "minim", "magna", "qui", "voluptate"], "friends":[{"id":0, "name":"Rosanna Rodriguez"}, {"id":1, "name":"Monique Lamb"}, {"id":2, "name":"Hawkins Mathis"}], "greeting":"Hello, Melva Branch! You have 9 unread messages.", "favoriteFruit":"banana"}