{"_id":"55e8b8c64ab0fa224f22b345", "index":1426, "guid":"e14276eb-07d3-4423-87cb-6d8e7ad8cafc", "isActive":true, "balance":"$9,556.63", "picture":"http://placehold.it/32x32", "age":36, "eyeColor":"blue", "name":"Noreen Lawrence", "gender":"female", "company":"KIGGLE", "email":"noreenlawrence@kiggle.com", "phone":"+1 (858) 444-2015", "address":"704 Seigel Court, Foxworth, Arizona, 1871", "about":"Lorem mollit commodo commodo reprehenderit exercitation aliquip magna non velit tempor. Do aliqua culpa quis incididunt anim irure reprehenderit sit. Sint ipsum deserunt est velit adipisicing ea Lorem. Magna officia qui irure ea velit elit et. Commodo anim eiusmod tempor duis amet incididunt incididunt id. Officia amet dolore veniam velit laboris proident Lorem. Eu adipisicing veniam minim ex irure laboris nostrud laboris deserunt commodo ipsum.\r\n", "registered":"2015-06-21T08:19:14 -07:00", "latitude":-53.906435, "longitude":14.610481, "tags":["laboris", "anim", "sunt", "minim", "non", "sunt", "sunt"], "friends":[{"id":0, "name":"Julia Jenkins"}, {"id":1, "name":"Salas Cantrell"}, {"id":2, "name":"Caroline Tucker"}], "greeting":"Hello, Noreen Lawrence! You have 3 unread messages.", "favoriteFruit":"strawberry"}