{"_id":"55e8b8c6a1a11e3358268d5a", "index":1105, "guid":"43ea01a9-969b-4291-856c-348f58696a5f", "isActive":true, "balance":"$1,724.46", "picture":"http://placehold.it/32x32", "age":25, "eyeColor":"blue", "name":"Alexandria Simmons", "gender":"female", "company":"XUMONK", "email":"alexandriasimmons@xumonk.com", "phone":"+1 (818) 575-3414", "address":"650 Fillmore Place, Lumberton, Idaho, 6711", "about":"Cupidatat dolore pariatur aliquip irure sit occaecat. Officia officia exercitation fugiat et ipsum enim do. Nostrud ad laborum quis pariatur ullamco. Aliquip ut do fugiat id elit veniam nostrud do officia consequat quis nostrud. Sint ut reprehenderit nostrud labore cillum in ipsum.\r\n", "registered":"2014-07-23T05:11:49 -07:00", "latitude":76.363874, "longitude":-129.352755, "tags":["quis", "id", "laborum", "aliquip", "nisi", "aute", "velit"], "friends":[{"id":0, "name":"Cardenas Thompson"}, {"id":1, "name":"Rebecca Heath"}, {"id":2, "name":"Phillips Sharpe"}], "greeting":"Hello, Alexandria Simmons! You have 3 unread messages.", "favoriteFruit":"apple"}