{"_id":"55e8b8c6c5af370574c35550", "index":1413, "guid":"c88dc178-26c9-4b39-8e08-1054c0160dd6", "isActive":false, "balance":"$6,284.22", "picture":"http://placehold.it/32x32", "age":29, "eyeColor":"brown", "name":"James Gilliam", "gender":"male", "company":"RUGSTARS", "email":"jamesgilliam@rugstars.com", "phone":"+1 (908) 482-2674", "address":"887 Landis Court, Craig, Guam, 7211", "about":"Minim et reprehenderit dolore ipsum adipisicing non amet. Magna velit et sit irure magna fugiat adipisicing incididunt voluptate. Nulla exercitation deserunt esse labore commodo incididunt irure laborum occaecat ullamco nostrud ad occaecat esse.\r\n", "registered":"2015-02-15T10:04:43 -07:00", "latitude":-17.024821, "longitude":86.710729, "tags":["qui", "quis", "cillum", "nulla", "nostrud", "officia", "consequat"], "friends":[{"id":0, "name":"Burch Richards"}, {"id":1, "name":"Wood Murphy"}, {"id":2, "name":"Laurel Velez"}], "greeting":"Hello, James Gilliam! You have 1 unread messages.", "favoriteFruit":"apple"}