{"_id":"55e8b8c64d5e174620bbf1d7", "index":1272, "guid":"28d3c1bd-4ebf-4692-ad0d-cf8a0fbad49f", "isActive":false, "balance":"$2,798.45", "picture":"http://placehold.it/32x32", "age":29, "eyeColor":"brown", "name":"Marci Chandler", "gender":"female", "company":"ISOLOGICA", "email":"marcichandler@isologica.com", "phone":"+1 (954) 415-2032", "address":"546 Ocean Parkway, Bellfountain, Virgin Islands, 3587", "about":"Veniam consequat velit laboris cillum adipisicing quis adipisicing id pariatur aliquip. Officia esse labore reprehenderit excepteur excepteur irure. Excepteur mollit amet proident incididunt eiusmod aliqua nulla minim aliqua laboris.\r\n", "registered":"2014-05-22T03:56:57 -07:00", "latitude":-58.463398, "longitude":160.312457, "tags":["occaecat", "adipisicing", "esse", "consequat", "ad", "quis", "voluptate"], "friends":[{"id":0, "name":"Witt Sosa"}, {"id":1, "name":"Velazquez Joyner"}, {"id":2, "name":"Clarke Suarez"}], "greeting":"Hello, Marci Chandler! You have 2 unread messages.", "favoriteFruit":"strawberry"}