{"_id":"55e8b8c69c5d08f34bfec740", "index":1020, "guid":"87b922a5-5246-4a90-a4eb-f9400d21788e", "isActive":true, "balance":"$4,172.49", "picture":"http://placehold.it/32x32", "age":20, "eyeColor":"green", "name":"Marva Cook", "gender":"female", "company":"PLASMOX", "email":"marvacook@plasmox.com", "phone":"+1 (847) 473-3558", "address":"298 Ridge Boulevard, Eureka, Arizona, 4233", "about":"Anim consectetur adipisicing magna dolore tempor et. Voluptate eu officia velit nisi proident laboris minim mollit minim aliqua veniam eu occaecat. Dolore excepteur aute veniam consequat excepteur aliquip excepteur ad dolore culpa. Eiusmod ut eu fugiat occaecat nostrud velit sit commodo. Aliqua duis laborum ad irure esse ipsum enim adipisicing proident amet reprehenderit ex. Sunt non sit labore esse aliquip aute laboris ea aliquip minim.\r\n", "registered":"2014-02-02T05:23:22 -07:00", "latitude":11.256547, "longitude":-21.614466, "tags":["labore", "veniam", "non", "nulla", "commodo", "in", "aute"], "friends":[{"id":0, "name":"Dickerson Schwartz"}, {"id":1, "name":"Brianna Ball"}, {"id":2, "name":"Allen Hubbard"}], "greeting":"Hello, Marva Cook! You have 4 unread messages.", "favoriteFruit":"banana"}