{"_id":"55e8b8c652150b56de0d2259", "index":1338, "guid":"a496f197-fd91-4e88-9c55-d192cf9880c1", "isActive":true, "balance":"$3,520.12", "picture":"http://placehold.it/32x32", "age":37, "eyeColor":"blue", "name":"Cecelia Guy", "gender":"female", "company":"BESTO", "email":"ceceliaguy@besto.com", "phone":"+1 (902) 555-2428", "address":"899 Columbus Place, Orin, North Dakota, 3694", "about":"Culpa mollit incididunt aliqua pariatur cupidatat incididunt exercitation consectetur duis. Id mollit esse reprehenderit tempor. Officia esse labore nostrud ipsum exercitation id consectetur sunt dolore sint excepteur labore cupidatat. Est quis deserunt laborum ex officia qui mollit non aliqua commodo deserunt id irure. Adipisicing minim nulla pariatur fugiat eu consequat in fugiat aliqua. Incididunt consectetur ad non deserunt amet. Tempor mollit id tempor consectetur pariatur esse Lorem minim dolor ad laboris aute.\r\n", "registered":"2015-03-14T06:00:34 -07:00", "latitude":35.856773, "longitude":120.955386, "tags":["veniam", "cupidatat", "aliquip", "aliqua", "nostrud", "aute", "Lorem"], "friends":[{"id":0, "name":"Sharp Martin"}, {"id":1, "name":"Finley Chang"}, {"id":2, "name":"Dolores Barker"}], "greeting":"Hello, Cecelia Guy! You have 2 unread messages.", "favoriteFruit":"apple"}