{"_id":"55e8b8c6dc079c452f94159a", "index":1167, "guid":"ec24ed93-af99-46e5-9814-22d1228dfc50", "isActive":false, "balance":"$2,934.65", "picture":"http://placehold.it/32x32", "age":23, "eyeColor":"brown", "name":"Joseph Maddox", "gender":"male", "company":"ENTHAZE", "email":"josephmaddox@enthaze.com", "phone":"+1 (954) 422-3967", "address":"710 Crawford Avenue, Dargan, Illinois, 9746", "about":"Minim non ea aliquip qui eiusmod nulla do laborum. Fugiat pariatur duis duis occaecat quis do magna ipsum anim eiusmod nisi consequat dolor. Duis amet proident id quis aliquip ullamco nulla in magna veniam nostrud. Pariatur qui voluptate ad tempor nulla ex commodo sunt adipisicing quis dolor irure in. Enim et aute amet et quis culpa laboris aute eu consequat culpa eu officia aliqua. Quis ex ullamco laborum enim.\r\n", "registered":"2015-07-30T02:12:23 -07:00", "latitude":-44.559843, "longitude":99.95572, "tags":["amet", "ut", "cillum", "dolore", "esse", "minim", "incididunt"], "friends":[{"id":0, "name":"Griffin Saunders"}, {"id":1, "name":"Henrietta Hess"}, {"id":2, "name":"Beatrice Greene"}], "greeting":"Hello, Joseph Maddox! You have 5 unread messages.", "favoriteFruit":"apple"}