{"_id":"55e8b8c668157d7f6649159c", "index":1139, "guid":"c0cd685f-a81a-49f3-ab5f-c4e503043145", "isActive":true, "balance":"$5,762.21", "picture":"http://placehold.it/32x32", "age":29, "eyeColor":"brown", "name":"Case Hobbs", "gender":"male", "company":"ACCUPRINT", "email":"casehobbs@accuprint.com", "phone":"+1 (947) 518-2441", "address":"471 Woodside Avenue, Wakarusa, Arkansas, 5028", "about":"Anim enim ad labore tempor exercitation amet eiusmod eu sunt. Velit ipsum aute pariatur pariatur laborum amet esse nulla nisi exercitation culpa minim. Esse et cillum minim sit duis sunt eu incididunt anim laboris consectetur in pariatur culpa. Labore amet amet fugiat laborum voluptate in enim ut aliqua dolor fugiat veniam. Dolor ad tempor incididunt id ullamco id eu ullamco voluptate dolore elit consectetur.\r\n", "registered":"2015-04-21T03:54:51 -07:00", "latitude":-80.107537, "longitude":146.420252, "tags":["velit", "exercitation", "incididunt", "ullamco", "consectetur", "amet", "minim"], "friends":[{"id":0, "name":"Angie Sanford"}, {"id":1, "name":"Terra Reynolds"}, {"id":2, "name":"Karen Jensen"}], "greeting":"Hello, Case Hobbs! You have 10 unread messages.", "favoriteFruit":"strawberry"}