{"_id":"55e8b8c62871c72490a67c92", "index":1348, "guid":"9e874375-df88-4272-9f54-9fa57e2b285e", "isActive":false, "balance":"$2,996.87", "picture":"http://placehold.it/32x32", "age":27, "eyeColor":"green", "name":"Lesley Spence", "gender":"female", "company":"ZILLADYNE", "email":"lesleyspence@zilladyne.com", "phone":"+1 (804) 499-2464", "address":"190 Havemeyer Street, Tolu, District Of Columbia, 4071", "about":"Veniam eiusmod nisi ut est ex proident tempor aliqua sit sit est sint officia et. Cillum voluptate enim sunt quis tempor Lorem eiusmod nostrud cupidatat occaecat eiusmod consequat eiusmod tempor. Cupidatat esse in dolor laborum ea irure fugiat. In veniam excepteur et non cupidatat et quis deserunt in quis pariatur eu. Dolore minim culpa adipisicing qui ea dolor dolor labore nulla do. Duis proident dolor commodo sunt nulla velit elit est quis tempor.\r\n", "registered":"2015-07-20T09:29:00 -07:00", "latitude":-12.726482, "longitude":-47.835435, "tags":["commodo", "officia", "irure", "deserunt", "eiusmod", "Lorem", "commodo"], "friends":[{"id":0, "name":"Head Clements"}, {"id":1, "name":"Rosalie Carlson"}, {"id":2, "name":"Brandy Stevenson"}], "greeting":"Hello, Lesley Spence! You have 10 unread messages.", "favoriteFruit":"apple"}