{"_id":"55e8b8c6eb8f4526e12a0cb5", "index":1026, "guid":"6b977524-2ea7-4c90-af25-3f3593976d20", "isActive":false, "balance":"$9,452.53", "picture":"http://placehold.it/32x32", "age":38, "eyeColor":"green", "name":"Johnnie Sanchez", "gender":"female", "company":"QUAILCOM", "email":"johnniesanchez@quailcom.com", "phone":"+1 (923) 563-3903", "address":"124 Lee Avenue, Sanders, Wyoming, 7221", "about":"Non ipsum qui aute do amet est magna excepteur veniam quis incididunt. Minim nulla aliqua in nisi. Excepteur nostrud fugiat proident tempor est nulla.\r\n", "registered":"2014-10-25T10:22:19 -07:00", "latitude":-4.378686, "longitude":-63.389215, "tags":["ea", "nostrud", "id", "eu", "officia", "officia", "sint"], "friends":[{"id":0, "name":"Manuela Herring"}, {"id":1, "name":"Lois Woodward"}, {"id":2, "name":"Lorrie Fisher"}], "greeting":"Hello, Johnnie Sanchez! You have 10 unread messages.", "favoriteFruit":"apple"}