{"_id":"55e8b8c6e831de85bc938481", "index":111, "guid":"2bc98551-9517-4a39-82a3-618ab96a871b", "isActive":true, "balance":"$7,020.79", "picture":"http://placehold.it/32x32", "age":31, "eyeColor":"brown", "name":"Kidd Cantu", "gender":"male", "company":"QUARMONY", "email":"kiddcantu@quarmony.com", "phone":"+1 (966) 454-2953", "address":"704 Williams Court, Orviston, Maine, 5397", "about":"Fugiat velit irure esse minim pariatur labore laborum dolore esse qui. Magna ullamco laborum commodo esse sit ullamco. Esse deserunt minim reprehenderit consectetur ea. Esse amet sint laboris aliquip fugiat exercitation aute Lorem mollit magna eiusmod sit. Enim anim irure labore laboris labore.\r\n", "registered":"2015-02-09T12:38:26 -07:00", "latitude":-88.833315, "longitude":119.178537, "tags":["magna", "irure", "fugiat", "est", "adipisicing", "adipisicing", "laborum"], "friends":[{"id":0, "name":"Kari Petty"}, {"id":1, "name":"Santana Hayden"}, {"id":2, "name":"Marcella Bowman"}], "greeting":"Hello, Kidd Cantu! You have 1 unread messages.", "favoriteFruit":"banana"}