{"_id":"55e8b8c6480baa296c5a7d84", "index":1184, "guid":"b1582160-8f48-40ea-bd2e-e1585892da25", "isActive":false, "balance":"$2,062.36", "picture":"http://placehold.it/32x32", "age":24, "eyeColor":"brown", "name":"Patrice Moody", "gender":"female", "company":"BEDDER", "email":"patricemoody@bedder.com", "phone":"+1 (850) 596-2364", "address":"914 George Street, Summertown, Palau, 134", "about":"Mollit irure incididunt voluptate ipsum laborum adipisicing ullamco occaecat. Tempor minim amet consequat incididunt fugiat velit et ex ipsum veniam. Nulla tempor qui enim excepteur officia mollit ullamco. Voluptate est est et nostrud excepteur veniam culpa ipsum incididunt aute enim.\r\n", "registered":"2014-05-20T08:56:04 -07:00", "latitude":-12.797577, "longitude":-171.960868, "tags":["laborum", "culpa", "id", "magna", "voluptate", "qui", "eu"], "friends":[{"id":0, "name":"Concetta Rowe"}, {"id":1, "name":"Montgomery Herman"}, {"id":2, "name":"Roach Martinez"}], "greeting":"Hello, Patrice Moody! You have 9 unread messages.", "favoriteFruit":"banana"}