{"_id":"55e8b8c6b7bb1ca89b7ffe6e", "index":1009, "guid":"cd03a5c2-3850-474b-9d28-5d1aa09e8a64", "isActive":true, "balance":"$1,004.04", "picture":"http://placehold.it/32x32", "age":29, "eyeColor":"blue", "name":"Larson Howard", "gender":"male", "company":"GEEKOLA", "email":"larsonhoward@geekola.com", "phone":"+1 (850) 508-2086", "address":"777 Suydam Place, Stockwell, California, 6867", "about":"Qui quis ex reprehenderit aute est incididunt in ipsum. Voluptate tempor minim consequat ex deserunt sint id mollit duis sunt incididunt enim sit. Quis reprehenderit nisi ea reprehenderit ex velit quis duis ut elit eiusmod eu officia incididunt. Duis enim duis tempor tempor esse velit esse ea laborum ad ex sunt esse exercitation. Minim Lorem do in in tempor nisi ipsum Lorem aliqua tempor excepteur ea et sit.\r\n", "registered":"2014-02-27T06:58:58 -07:00", "latitude":64.584323, "longitude":-142.97079, "tags":["incididunt", "exercitation", "nostrud", "culpa", "mollit", "in", "ad"], "friends":[{"id":0, "name":"Allie Henson"}, {"id":1, "name":"Carson Zimmerman"}, {"id":2, "name":"Beverly Wall"}], "greeting":"Hello, Larson Howard! You have 1 unread messages.", "favoriteFruit":"apple"}