{"_id":"55e8b8c6795fa9c8d8903c30", "index":1127, "guid":"d9e0c839-ef5c-4f32-bc7e-5c2113cd107a", "isActive":true, "balance":"$8,899.76", "picture":"http://placehold.it/32x32", "age":28, "eyeColor":"green", "name":"Gaines Hardy", "gender":"male", "company":"CALCULA", "email":"gaineshardy@calcula.com", "phone":"+1 (883) 591-2266", "address":"393 Clara Street, Allendale, Texas, 6181", "about":"Velit non aliquip quis nulla ad excepteur enim eu deserunt. In cupidatat officia dolore nostrud ex elit do minim tempor laboris nulla adipisicing. Quis adipisicing esse consequat quis deserunt minim nulla id voluptate. Nostrud et est commodo cillum ea commodo non mollit aliquip ex.\r\n", "registered":"2015-05-19T11:23:17 -07:00", "latitude":-20.718296, "longitude":90.722618, "tags":["minim", "sunt", "exercitation", "nostrud", "Lorem", "eu", "deserunt"], "friends":[{"id":0, "name":"Harvey Mclean"}, {"id":1, "name":"Maricela Knox"}, {"id":2, "name":"Dale Pruitt"}], "greeting":"Hello, Gaines Hardy! You have 8 unread messages.", "favoriteFruit":"banana"}