{"_id":"55e8b8c6515a2ca198b93d12", "index":115, "guid":"4b7682a6-a9d5-4f61-ad4f-eeb5b1129c96", "isActive":false, "balance":"$8,523.72", "picture":"http://placehold.it/32x32", "age":28, "eyeColor":"brown", "name":"Bush Scott", "gender":"male", "company":"PODUNK", "email":"bushscott@podunk.com", "phone":"+1 (896) 521-3143", "address":"918 Union Street, Loyalhanna, Puerto Rico, 4026", "about":"Duis do do sint officia aliqua ullamco cillum aute amet mollit voluptate fugiat anim sint. Ad cillum duis ad Lorem est consectetur ullamco irure nostrud incididunt commodo exercitation commodo eu. Quis aliquip consectetur Lorem deserunt consequat ad eu ea et est elit. Voluptate tempor non nisi reprehenderit nisi ipsum duis nisi cupidatat veniam fugiat consectetur culpa et. Anim excepteur aliquip duis ullamco dolore anim excepteur cillum excepteur duis ullamco cillum.\r\n", "registered":"2015-01-29T07:52:28 -07:00", "latitude":73.267531, "longitude":142.444768, "tags":["duis", "laborum", "dolor", "ea", "velit", "nisi", "laborum"], "friends":[{"id":0, "name":"Wong Rivas"}, {"id":1, "name":"Spencer Craft"}, {"id":2, "name":"Jill Harper"}], "greeting":"Hello, Bush Scott! You have 10 unread messages.", "favoriteFruit":"banana"}