{"_id":"55e8b8c6484c3f227cd31d87", "index":1183, "guid":"2c6105e2-e28d-4119-a28d-ab7a1ef2ed9d", "isActive":false, "balance":"$5,417.37", "picture":"http://placehold.it/32x32", "age":31, "eyeColor":"blue", "name":"Dona Justice", "gender":"female", "company":"ETERNIS", "email":"donajustice@eternis.com", "phone":"+1 (863) 485-2186", "address":"234 Nassau Street, Zeba, California, 1965", "about":"Aute aute do aliquip aliquip id esse culpa ut ipsum pariatur ut Lorem. Adipisicing laborum nostrud amet eiusmod anim cillum magna id voluptate fugiat proident anim excepteur sunt. Dolor eu et tempor Lorem adipisicing ea laborum. Nulla elit consectetur excepteur consectetur eu consectetur.\r\n", "registered":"2015-04-30T06:47:47 -07:00", "latitude":-68.060997, "longitude":25.000705, "tags":["anim", "ut", "elit", "proident", "et", "sunt", "cupidatat"], "friends":[{"id":0, "name":"Dotson Talley"}, {"id":1, "name":"Lauren Cardenas"}, {"id":2, "name":"Beasley Wade"}], "greeting":"Hello, Dona Justice! You have 5 unread messages.", "favoriteFruit":"strawberry"}