{"_id":"55e8b8c677fcef3b51f584b3", "index":1375, "guid":"056dec76-33e2-4890-88b1-dd8fae6415a7", "isActive":true, "balance":"$7,902.70", "picture":"http://placehold.it/32x32", "age":34, "eyeColor":"brown", "name":"Molina Mcfarland", "gender":"male", "company":"COMTOUR", "email":"molinamcfarland@comtour.com", "phone":"+1 (801) 596-2343", "address":"525 Bedford Place, Gila, Washington, 2953", "about":"Irure labore aliquip velit nulla. Ullamco tempor quis esse magna deserunt deserunt in nisi magna do ut. Laborum do in exercitation ullamco laborum dolor ullamco ut Lorem sint fugiat. Ex non id id velit cillum excepteur labore labore labore reprehenderit magna et.\r\n", "registered":"2014-04-04T07:35:42 -07:00", "latitude":0.192413, "longitude":-71.874337, "tags":["dolor", "aliqua", "irure", "aliquip", "aliqua", "id", "cupidatat"], "friends":[{"id":0, "name":"Wendy Yates"}, {"id":1, "name":"Susanne Collier"}, {"id":2, "name":"Sampson Atkins"}], "greeting":"Hello, Molina Mcfarland! You have 7 unread messages.", "favoriteFruit":"apple"}