{"_id":"55e8b8c6551e42c31e53f06f", "index":1068, "guid":"e8129275-5821-4d8a-948c-63aaf90214e4", "isActive":true, "balance":"$2,678.64", "picture":"http://placehold.it/32x32", "age":31, "eyeColor":"green", "name":"Helga Conrad", "gender":"female", "company":"SYNKGEN", "email":"helgaconrad@synkgen.com", "phone":"+1 (912) 545-2492", "address":"523 Devon Avenue, Beason, Palau, 2544", "about":"Aute nostrud consequat fugiat esse ad labore deserunt Lorem enim ipsum. Nostrud sint quis occaecat culpa incididunt duis duis. Laboris consequat nisi esse officia deserunt. Lorem aliqua labore laboris elit reprehenderit amet nostrud irure excepteur amet nostrud.\r\n", "registered":"2014-11-06T07:15:07 -07:00", "latitude":-40.645632, "longitude":71.375661, "tags":["minim", "consequat", "aliqua", "incididunt", "adipisicing", "irure", "pariatur"], "friends":[{"id":0, "name":"Althea Mcconnell"}, {"id":1, "name":"Deann Ferrell"}, {"id":2, "name":"Zimmerman Klein"}], "greeting":"Hello, Helga Conrad! You have 5 unread messages.", "favoriteFruit":"apple"}