{"_id":"55e8b8c68bdb2084d36d1f6c", "index":1222, "guid":"82fb1b13-8655-4711-be1c-820ba93a26f2", "isActive":true, "balance":"$521.59", "picture":"http://placehold.it/32x32", "age":31, "eyeColor":"blue", "name":"Abby Webster", "gender":"female", "company":"SULTRAX", "email":"abbywebster@sultrax.com", "phone":"+1 (805) 528-2356", "address":"867 Linwood Street, Grazierville, North Dakota, 2141", "about":"Adipisicing commodo aliqua nostrud ullamco aliqua. Proident tempor enim nostrud id aute nulla veniam ex eiusmod consectetur quis magna do. Adipisicing occaecat veniam tempor consequat amet consequat.\r\n", "registered":"2014-05-14T03:28:21 -07:00", "latitude":18.774236, "longitude":-8.075843, "tags":["fugiat", "anim", "esse", "do", "sunt", "adipisicing", "enim"], "friends":[{"id":0, "name":"Cora Noble"}, {"id":1, "name":"Tamika Wyatt"}, {"id":2, "name":"Esperanza Gallegos"}], "greeting":"Hello, Abby Webster! You have 1 unread messages.", "favoriteFruit":"strawberry"}