{"_id":"55e8b8c64254c0e36a27f3ba", "index":1421, "guid":"b097db70-d639-4c24-a626-1d9e3646c4b4", "isActive":false, "balance":"$5,845.77", "picture":"http://placehold.it/32x32", "age":37, "eyeColor":"green", "name":"Tucker Mullen", "gender":"male", "company":"PURIA", "email":"tuckermullen@puria.com", "phone":"+1 (803) 479-2184", "address":"941 Bragg Court, Falconaire, Kentucky, 931", "about":"Voluptate fugiat esse minim eu commodo ex esse adipisicing esse et qui est. Non enim minim sit ullamco nulla duis occaecat incididunt sunt mollit ex quis consectetur. Dolor nisi ullamco ipsum do irure nulla aute proident do deserunt laboris. Aliqua sunt qui in ullamco minim ut occaecat reprehenderit nostrud. Magna officia duis id nisi nulla. Dolor mollit esse sint reprehenderit occaecat irure amet dolor velit Lorem incididunt esse.\r\n", "registered":"2014-01-30T10:34:18 -07:00", "latitude":-24.00338, "longitude":-0.109505, "tags":["laborum", "quis", "anim", "nulla", "mollit", "velit", "dolore"], "friends":[{"id":0, "name":"Glenn Hunt"}, {"id":1, "name":"Paulette Ware"}, {"id":2, "name":"Chambers Buckley"}], "greeting":"Hello, Tucker Mullen! You have 1 unread messages.", "favoriteFruit":"apple"}