{"_id":"55e8b8c6beb213aab8923383", "index":1134, "guid":"2ed09308-1b23-4cfc-8203-bc8717abc912", "isActive":false, "balance":"$7,271.38", "picture":"http://placehold.it/32x32", "age":24, "eyeColor":"green", "name":"Alyce Howe", "gender":"female", "company":"DATACATOR", "email":"alycehowe@datacator.com", "phone":"+1 (934) 459-2076", "address":"322 Scott Avenue, Catherine, New Jersey, 1466", "about":"Duis pariatur dolor nostrud aliquip ut enim ea minim dolore nulla culpa. Qui culpa aute irure minim sint mollit exercitation veniam non reprehenderit veniam sit aliquip. Consectetur do ea nisi est. Est velit magna enim sunt labore pariatur ad pariatur voluptate officia. Aliqua irure irure eiusmod officia velit nostrud veniam laboris est quis voluptate minim velit amet.\r\n", "registered":"2015-04-14T07:27:21 -07:00", "latitude":-46.180023, "longitude":-32.059874, "tags":["deserunt", "sit", "cillum", "reprehenderit", "pariatur", "incididunt", "pariatur"], "friends":[{"id":0, "name":"Leah Dickson"}, {"id":1, "name":"Felicia Jordan"}, {"id":2, "name":"Charity Walls"}], "greeting":"Hello, Alyce Howe! You have 2 unread messages.", "favoriteFruit":"apple"}