{"_id":"55e8b8c6a0a638e54405e911", "index":1034, "guid":"c999c1b3-b335-4107-a6b2-fac0424291e3", "isActive":false, "balance":"$6,097.35", "picture":"http://placehold.it/32x32", "age":29, "eyeColor":"brown", "name":"Lavonne Anderson", "gender":"female", "company":"ANIXANG", "email":"lavonneanderson@anixang.com", "phone":"+1 (914) 522-2393", "address":"246 Emerald Street, Cawood, Florida, 8445", "about":"Tempor exercitation ut consectetur occaecat incididunt. Minim consequat labore tempor qui anim ea reprehenderit laboris duis culpa quis nisi. Consectetur enim sint esse cillum non eiusmod in voluptate aliqua cillum dolore elit voluptate est. Sint eu do incididunt irure elit commodo. Proident nisi pariatur commodo consectetur eiusmod. Laboris est magna culpa enim minim sit culpa quis cupidatat adipisicing nulla incididunt sint ipsum.\r\n", "registered":"2014-04-25T08:10:54 -07:00", "latitude":-77.210307, "longitude":176.908723, "tags":["commodo", "in", "voluptate", "Lorem", "reprehenderit", "cillum", "cillum"], "friends":[{"id":0, "name":"Rachael Bradley"}, {"id":1, "name":"Margret Steele"}, {"id":2, "name":"Ines Jimenez"}], "greeting":"Hello, Lavonne Anderson! You have 6 unread messages.", "favoriteFruit":"banana"}