{"_id":"55e8b8c64ea6e5c66497a786", "index":1112, "guid":"df416063-019a-4a87-a67d-b5226d4caf39", "isActive":false, "balance":"$7,421.15", "picture":"http://placehold.it/32x32", "age":26, "eyeColor":"blue", "name":"Talley Landry", "gender":"male", "company":"PROTODYNE", "email":"talleylandry@protodyne.com", "phone":"+1 (909) 476-2000", "address":"869 Eastern Parkway, Carlos, Federated States Of Micronesia, 7028", "about":"Ea irure dolor Lorem officia nisi fugiat laborum. Veniam proident id est tempor elit culpa et duis est elit sit nulla ex. Dolore ad reprehenderit pariatur reprehenderit eu nulla nisi officia deserunt nostrud. Aliqua id est quis excepteur proident esse nulla aliqua ut dolore nostrud qui incididunt. Ad irure commodo deserunt reprehenderit deserunt cupidatat mollit.\r\n", "registered":"2015-02-22T07:19:56 -07:00", "latitude":-22.092865, "longitude":-124.115213, "tags":["sint", "consequat", "esse", "et", "id", "nostrud", "et"], "friends":[{"id":0, "name":"Tammie Norman"}, {"id":1, "name":"Hartman Britt"}, {"id":2, "name":"Watson Frazier"}], "greeting":"Hello, Talley Landry! You have 5 unread messages.", "favoriteFruit":"strawberry"}