{"_id":"55e8b8c60192d6959f4527b8", "index":1130, "guid":"22a5cc2c-dea1-4ff4-9399-e2d69b928440", "isActive":true, "balance":"$3,272.56", "picture":"http://placehold.it/32x32", "age":32, "eyeColor":"blue", "name":"Roslyn Espinoza", "gender":"female", "company":"VERAQ", "email":"roslynespinoza@veraq.com", "phone":"+1 (978) 566-2977", "address":"787 Montgomery Place, Veyo, Utah, 259", "about":"Amet ad adipisicing est ipsum nulla adipisicing id laborum aliquip consectetur voluptate. Dolore enim deserunt fugiat commodo eu in aliquip consectetur. Occaecat est magna consequat labore ad nisi ullamco consequat dolore occaecat. Ea dolore sint laboris commodo.\r\n", "registered":"2014-05-01T12:20:55 -07:00", "latitude":-74.350661, "longitude":-39.631434, "tags":["aliquip", "occaecat", "sint", "pariatur", "Lorem", "ea", "ut"], "friends":[{"id":0, "name":"Atkinson Powell"}, {"id":1, "name":"Franklin Peck"}, {"id":2, "name":"Belinda Smith"}], "greeting":"Hello, Roslyn Espinoza! You have 2 unread messages.", "favoriteFruit":"apple"}