{"_id":"55e8b8c6bf7316efdfe28ffd", "index":1314, "guid":"dbef3412-08a3-44c0-9d9d-afb98845eaf1", "isActive":false, "balance":"$8,866.84", "picture":"http://placehold.it/32x32", "age":37, "eyeColor":"brown", "name":"Villarreal Meyers", "gender":"male", "company":"ZENTIX", "email":"villarrealmeyers@zentix.com", "phone":"+1 (964) 549-3692", "address":"736 Debevoise Street, Topaz, Ohio, 8378", "about":"Non cillum do sint ipsum quis sint ad velit. Et exercitation officia culpa ut mollit aliquip reprehenderit labore. Non anim reprehenderit laborum in consectetur in cillum. Adipisicing exercitation sit irure do est cupidatat duis excepteur excepteur et. Est deserunt dolor amet occaecat eiusmod eiusmod ullamco id labore est nulla consequat.\r\n", "registered":"2015-07-14T12:40:40 -07:00", "latitude":-32.028097, "longitude":125.723729, "tags":["mollit", "eiusmod", "exercitation", "et", "aute", "cupidatat", "commodo"], "friends":[{"id":0, "name":"Elinor Boyer"}, {"id":1, "name":"Hobbs Harrison"}, {"id":2, "name":"Fletcher Velasquez"}], "greeting":"Hello, Villarreal Meyers! You have 4 unread messages.", "favoriteFruit":"apple"}