{"_id":"55e8b8c688997210252d2e02", "index":1419, "guid":"2eff2378-5539-4536-8162-e9cc869d2581", "isActive":false, "balance":"$9,773.31", "picture":"http://placehold.it/32x32", "age":23, "eyeColor":"brown", "name":"Dillon Jackson", "gender":"male", "company":"DYMI", "email":"dillonjackson@dymi.com", "phone":"+1 (990) 442-2706", "address":"879 Lott Street, Taft, Virginia, 6352", "about":"Et magna exercitation aute veniam dolore consequat magna id dolore. Non ea dolor ullamco veniam proident pariatur veniam nisi aute tempor nulla aliquip consequat velit. Occaecat in excepteur excepteur voluptate incididunt ad irure consequat enim sunt officia. Voluptate in culpa consequat quis irure voluptate commodo do consequat ad nostrud. Dolor do velit veniam consectetur. Est irure dolor velit fugiat et.\r\n", "registered":"2015-05-31T05:11:06 -07:00", "latitude":-59.841532, "longitude":-178.110926, "tags":["eu", "aliquip", "sit", "enim", "est", "excepteur", "ut"], "friends":[{"id":0, "name":"Hollie Powers"}, {"id":1, "name":"Gray Palmer"}, {"id":2, "name":"Benita Avila"}], "greeting":"Hello, Dillon Jackson! You have 4 unread messages.", "favoriteFruit":"apple"}