{"_id":"55e8b8c6566b21ce86aeb92f", "index":1326, "guid":"55e3bcfc-039f-41ea-b3d9-4a3514f00dd5", "isActive":false, "balance":"$9,784.46", "picture":"http://placehold.it/32x32", "age":27, "eyeColor":"green", "name":"House Nguyen", "gender":"male", "company":"ZILLANET", "email":"housenguyen@zillanet.com", "phone":"+1 (805) 493-3606", "address":"847 Albee Square, Hall, Louisiana, 5342", "about":"Id laboris dolor velit tempor aute magna ex adipisicing voluptate. Voluptate commodo et id enim ut est fugiat id culpa esse enim. Cupidatat magna id incididunt enim amet deserunt consequat enim eu.\r\n", "registered":"2014-11-15T02:18:48 -07:00", "latitude":22.62218, "longitude":179.462507, "tags":["deserunt", "consequat", "deserunt", "aute", "ea", "ullamco", "consectetur"], "friends":[{"id":0, "name":"Lindsey Fowler"}, {"id":1, "name":"Mcgee Richard"}, {"id":2, "name":"Twila Whitaker"}], "greeting":"Hello, House Nguyen! You have 1 unread messages.", "favoriteFruit":"banana"}