{"_id":"55e8b8c646b5661161dbd925", "index":1293, "guid":"954a53cb-9767-4026-b4b0-e81467a68fa2", "isActive":true, "balance":"$5,869.08", "picture":"http://placehold.it/32x32", "age":39, "eyeColor":"brown", "name":"Monroe Blackwell", "gender":"male", "company":"ARCHITAX", "email":"monroeblackwell@architax.com", "phone":"+1 (996) 545-3764", "address":"393 Huntington Street, Brutus, Vermont, 6230", "about":"Esse qui nulla ea cupidatat nostrud adipisicing incididunt pariatur aliquip quis ex labore. Commodo consectetur reprehenderit ea voluptate sit adipisicing aliqua reprehenderit. Et sit consectetur reprehenderit exercitation occaecat occaecat reprehenderit occaecat. Cupidatat culpa nostrud irure ex Lorem dolor. Ea exercitation aliquip ad nostrud minim culpa velit quis dolor est ipsum. Pariatur est consequat eu ullamco.\r\n", "registered":"2014-01-01T07:35:26 -07:00", "latitude":-29.63274, "longitude":98.629911, "tags":["proident", "anim", "magna", "amet", "do", "ut", "aute"], "friends":[{"id":0, "name":"Erica Chase"}, {"id":1, "name":"Weeks Greer"}, {"id":2, "name":"Hancock Robles"}], "greeting":"Hello, Monroe Blackwell! You have 4 unread messages.", "favoriteFruit":"apple"}