{"_id":"55e8b8c6df4b8330b7a26764", "index":1213, "guid":"6f4c5af7-5392-4bfe-bf88-18505ff537d3", "isActive":false, "balance":"$1,692.89", "picture":"http://placehold.it/32x32", "age":23, "eyeColor":"green", "name":"Calderon Durham", "gender":"male", "company":"ACCEL", "email":"calderondurham@accel.com", "phone":"+1 (989) 408-3176", "address":"172 Lefferts Place, Kylertown, Maine, 6295", "about":"Incididunt laborum tempor ut minim ut et elit tempor quis veniam. Elit aute irure ut sunt enim labore adipisicing commodo sint enim culpa. Adipisicing ad eu id aute quis dolor do do veniam tempor. Aliquip labore cupidatat amet culpa aute aliqua tempor labore laborum id eu nulla sit voluptate. Minim proident exercitation tempor et voluptate voluptate esse irure nostrud cupidatat. Consequat culpa duis amet sunt ipsum est deserunt. Veniam fugiat esse irure fugiat aliquip occaecat officia irure consectetur.\r\n", "registered":"2014-10-01T06:19:42 -07:00", "latitude":-76.79774, "longitude":-60.990933, "tags":["commodo", "minim", "dolore", "dolor", "id", "excepteur", "tempor"], "friends":[{"id":0, "name":"Mcfadden Olsen"}, {"id":1, "name":"Dennis French"}, {"id":2, "name":"Julianne Mercado"}], "greeting":"Hello, Calderon Durham! You have 7 unread messages.", "favoriteFruit":"strawberry"}