{"_id":"55e8b8c6a065945f23f9d929", "index":1200, "guid":"6d71d85e-2818-4ce1-8e7d-04cf96cb2f50", "isActive":false, "balance":"$6,724.60", "picture":"http://placehold.it/32x32", "age":27, "eyeColor":"green", "name":"Mann Pratt", "gender":"male", "company":"EXOSPACE", "email":"mannpratt@exospace.com", "phone":"+1 (929) 447-2975", "address":"117 Downing Street, Warsaw, Wyoming, 1428", "about":"Irure et magna magna exercitation ex reprehenderit ipsum incididunt occaecat non ullamco. Ut adipisicing qui dolore aliquip dolore commodo tempor proident ad veniam eiusmod non Lorem voluptate. Aute non dolore esse minim magna irure pariatur culpa voluptate consequat velit. Minim sit tempor mollit quis commodo.\r\n", "registered":"2015-07-04T11:45:05 -07:00", "latitude":-63.756131, "longitude":172.947465, "tags":["proident", "laboris", "ipsum", "voluptate", "aliquip", "consequat", "Lorem"], "friends":[{"id":0, "name":"Marietta Bell"}, {"id":1, "name":"Maddox Buchanan"}, {"id":2, "name":"Carter Solis"}], "greeting":"Hello, Mann Pratt! You have 3 unread messages.", "favoriteFruit":"banana"}