{"_id":"55e8b8c66122cd5b688479fe", "index":1002, "guid":"465a815b-1b46-49fa-af84-d8920417554b", "isActive":true, "balance":"$8,395.18", "picture":"http://placehold.it/32x32", "age":31, "eyeColor":"green", "name":"Wilkerson Decker", "gender":"male", "company":"VORTEXACO", "email":"wilkersondecker@vortexaco.com", "phone":"+1 (950) 452-3618", "address":"748 Barbey Street, Shawmut, North Carolina, 2846", "about":"Officia qui esse non adipisicing dolore est aliquip voluptate. In quis duis sit exercitation eu. Deserunt nostrud dolor exercitation ullamco irure nulla est labore occaecat aliqua incididunt nostrud exercitation et. Cupidatat incididunt velit dolore anim cupidatat nisi anim quis veniam deserunt qui in esse pariatur. Sit ipsum eu adipisicing proident aliquip sint pariatur Lorem non laborum tempor. Excepteur commodo sint adipisicing labore dolor officia adipisicing nisi occaecat esse esse reprehenderit id.\r\n", "registered":"2014-05-05T03:10:49 -07:00", "latitude":51.368448, "longitude":-81.03432, "tags":["non", "aliqua", "labore", "in", "est", "elit", "qui"], "friends":[{"id":0, "name":"Pennington Bowen"}, {"id":1, "name":"Cheryl Wagner"}, {"id":2, "name":"Silva Calhoun"}], "greeting":"Hello, Wilkerson Decker! You have 4 unread messages.", "favoriteFruit":"banana"}