{"_id":"55e8b8c61b383ca620cf58b1", "index":1010, "guid":"c25c726d-5089-4bb0-bb25-905f6bc05984", "isActive":false, "balance":"$9,083.95", "picture":"http://placehold.it/32x32", "age":25, "eyeColor":"green", "name":"Catalina May", "gender":"female", "company":"ISBOL", "email":"catalinamay@isbol.com", "phone":"+1 (925) 501-2299", "address":"438 Debevoise Avenue, Farmers, Palau, 610", "about":"Proident aliquip sit do cillum ipsum est occaecat deserunt eiusmod. Fugiat ea amet magna culpa excepteur sint. Irure mollit tempor commodo minim. Velit laborum dolore irure elit.\r\n", "registered":"2015-06-03T06:47:29 -07:00", "latitude":-20.85396, "longitude":-80.002723, "tags":["aliqua", "laboris", "nostrud", "aliquip", "fugiat", "dolor", "elit"], "friends":[{"id":0, "name":"Antoinette Downs"}, {"id":1, "name":"Ebony David"}, {"id":2, "name":"Combs Nolan"}], "greeting":"Hello, Catalina May! You have 4 unread messages.", "favoriteFruit":"strawberry"}