{"_id":"55e8b8c64978a6b2c3037b3c", "index":1011, "guid":"76399787-e8ea-49cd-a1e7-9e07ac45acba", "isActive":true, "balance":"$1,988.93", "picture":"http://placehold.it/32x32", "age":22, "eyeColor":"brown", "name":"Dean Parker", "gender":"male", "company":"INSURETY", "email":"deanparker@insurety.com", "phone":"+1 (995) 577-2321", "address":"383 Bushwick Place, Bynum, Texas, 5903", "about":"Pariatur magna irure sit proident reprehenderit ea officia dolore adipisicing ea ea et. Elit ullamco magna eu est adipisicing eu sint labore incididunt reprehenderit dolore labore consequat eiusmod. Id aliquip excepteur magna ipsum magna. Minim cupidatat magna culpa ea.\r\n", "registered":"2015-06-14T11:25:08 -07:00", "latitude":-22.846893, "longitude":17.583109, "tags":["fugiat", "et", "eu", "nostrud", "eiusmod", "aliquip", "do"], "friends":[{"id":0, "name":"Essie Rasmussen"}, {"id":1, "name":"Boone Flowers"}, {"id":2, "name":"Jeanie Mcclain"}], "greeting":"Hello, Dean Parker! You have 6 unread messages.", "favoriteFruit":"apple"}