{"_id":"55e8b8c6a3cf107d5c6acc48", "index":1310, "guid":"7b1a2b4d-ad5c-4cc1-adba-cddf609f9e20", "isActive":false, "balance":"$6,872.14", "picture":"http://placehold.it/32x32", "age":29, "eyeColor":"blue", "name":"Flora Schneider", "gender":"female", "company":"TROLLERY", "email":"floraschneider@trollery.com", "phone":"+1 (870) 551-3827", "address":"413 Willoughby Street, Frystown, Arizona, 6760", "about":"Laboris id enim laboris id ea est labore laboris eu adipisicing officia nisi. Do sunt Lorem laboris occaecat ea fugiat incididunt. Elit aute incididunt minim est irure mollit do officia ea.\r\n", "registered":"2015-04-20T11:41:48 -07:00", "latitude":-38.085754, "longitude":-114.949532, "tags":["ad", "esse", "velit", "deserunt", "tempor", "do", "veniam"], "friends":[{"id":0, "name":"Osborne Crawford"}, {"id":1, "name":"Jodi Delgado"}, {"id":2, "name":"Esther Goodwin"}], "greeting":"Hello, Flora Schneider! You have 2 unread messages.", "favoriteFruit":"banana"}