{"_id":"55e8b8c63a6be0015384a518", "index":1286, "guid":"3ca4748d-28eb-4691-a281-e3f51ad61284", "isActive":false, "balance":"$9,596.30", "picture":"http://placehold.it/32x32", "age":21, "eyeColor":"blue", "name":"Mai Webb", "gender":"female", "company":"ENTROFLEX", "email":"maiwebb@entroflex.com", "phone":"+1 (992) 516-2414", "address":"715 Hanson Place, Bedias, Federated States Of Micronesia, 8046", "about":"Ipsum nostrud dolore cillum nulla eu ex aute quis id dolore aliqua. Elit consequat consectetur esse nisi magna non amet minim enim ex anim. Eu non consequat officia consectetur pariatur do excepteur ea aliquip qui non nostrud proident in. Nulla dolor nostrud ea minim ipsum voluptate culpa laboris aute aliquip non. Ea commodo cupidatat sit commodo proident laboris. Officia sunt eu eu elit in consequat eiusmod pariatur. Reprehenderit in sint esse ipsum consequat officia excepteur.\r\n", "registered":"2014-03-11T07:42:10 -07:00", "latitude":-79.171674, "longitude":13.808289, "tags":["est", "ad", "qui", "Lorem", "voluptate", "ea", "eiusmod"], "friends":[{"id":0, "name":"Kelli Ward"}, {"id":1, "name":"Rodriguez Golden"}, {"id":2, "name":"Marquita Kent"}], "greeting":"Hello, Mai Webb! You have 5 unread messages.", "favoriteFruit":"banana"}