{"_id":"55e8b8c6ca05f680498d8a83", "index":1333, "guid":"faa5439c-cb33-481a-a370-2aa20870263b", "isActive":false, "balance":"$4,699.99", "picture":"http://placehold.it/32x32", "age":40, "eyeColor":"green", "name":"Petra Stout", "gender":"female", "company":"COREPAN", "email":"petrastout@corepan.com", "phone":"+1 (891) 478-3514", "address":"491 Campus Place, Gilgo, Puerto Rico, 277", "about":"Fugiat est nostrud fugiat duis cupidatat id ipsum non. Officia amet minim ex aute qui nulla occaecat. Lorem cillum irure ullamco sunt fugiat velit. Elit velit nostrud ex incididunt exercitation. Sunt pariatur dolor et ea exercitation quis pariatur consectetur elit nostrud dolore cupidatat. Incididunt tempor esse fugiat duis nostrud commodo quis esse excepteur mollit dolor. Lorem in minim Lorem irure aliquip nulla.\r\n", "registered":"2014-08-25T07:11:52 -07:00", "latitude":-73.799141, "longitude":86.528109, "tags":["est", "mollit", "reprehenderit", "tempor", "amet", "ad", "ex"], "friends":[{"id":0, "name":"Cooke Norris"}, {"id":1, "name":"Cameron Mcmahon"}, {"id":2, "name":"Josie Dawson"}], "greeting":"Hello, Petra Stout! You have 2 unread messages.", "favoriteFruit":"banana"}