{"_id":"55e8b8c6c8b7a86b118b7da6", "index":1147, "guid":"8e0465b1-a93e-47e8-b654-95db0dd03e0d", "isActive":false, "balance":"$9,291.02", "picture":"http://placehold.it/32x32", "age":32, "eyeColor":"blue", "name":"Alyson Nixon", "gender":"female", "company":"SPRINGBEE", "email":"alysonnixon@springbee.com", "phone":"+1 (858) 540-3419", "address":"176 Jamison Lane, Ventress, Montana, 2448", "about":"Minim ut cupidatat in ad. Commodo et deserunt dolor proident quis laborum fugiat cillum exercitation eu quis commodo eu. Amet cillum aliqua sunt consectetur laborum veniam. Amet minim commodo elit quis ut incididunt enim minim do ex. Elit nulla voluptate aute id fugiat ipsum nisi. Minim exercitation sint ut veniam est.\r\n", "registered":"2015-01-21T07:49:31 -07:00", "latitude":76.571313, "longitude":128.371143, "tags":["excepteur", "elit", "proident", "dolor", "sit", "occaecat", "aliquip"], "friends":[{"id":0, "name":"Reese Workman"}, {"id":1, "name":"Sharon Malone"}, {"id":2, "name":"Sue Mccray"}], "greeting":"Hello, Alyson Nixon! You have 7 unread messages.", "favoriteFruit":"apple"}