{"_id":"55e8b8c6b4411247a1a1a40d", "index":1347, "guid":"9d0e5c80-f27d-4a53-9e00-a55c840b9411", "isActive":true, "balance":"$2,075.63", "picture":"http://placehold.it/32x32", "age":26, "eyeColor":"brown", "name":"Margie Sargent", "gender":"female", "company":"PLASTO", "email":"margiesargent@plasto.com", "phone":"+1 (977) 463-2452", "address":"960 School Lane, Graball, Pennsylvania, 9253", "about":"Consequat ad commodo deserunt ea nulla ut aute sit aute eiusmod laboris sunt fugiat adipisicing. Occaecat irure nulla excepteur consectetur nostrud voluptate reprehenderit reprehenderit esse ex mollit. Sint aute labore enim do nisi voluptate ad. Do id mollit mollit nostrud dolor. Proident qui aliqua non culpa esse.\r\n", "registered":"2014-01-22T05:52:32 -07:00", "latitude":56.693526, "longitude":64.161116, "tags":["labore", "velit", "cupidatat", "labore", "ipsum", "exercitation", "minim"], "friends":[{"id":0, "name":"Holden Vance"}, {"id":1, "name":"Carlene Carter"}, {"id":2, "name":"Anderson Miranda"}], "greeting":"Hello, Margie Sargent! You have 4 unread messages.", "favoriteFruit":"apple"}