{"_id":"55e8b8c68bf7feb3df771d53", "index":1060, "guid":"e1956ad1-cda7-446e-947f-25f4964d65fe", "isActive":false, "balance":"$8,321.38", "picture":"http://placehold.it/32x32", "age":25, "eyeColor":"brown", "name":"Sanford Glover", "gender":"male", "company":"NURPLEX", "email":"sanfordglover@nurplex.com", "phone":"+1 (974) 429-3223", "address":"110 Bristol Street, Whipholt, North Carolina, 7091", "about":"Ea duis elit veniam ut mollit mollit proident. Sunt sunt ipsum dolor occaecat nisi occaecat aliqua qui cillum voluptate ea ut non. Anim deserunt cupidatat laborum elit dolor ullamco velit labore ut duis ad et veniam id. Nisi enim voluptate enim ex reprehenderit fugiat et nostrud consectetur tempor labore sunt est. Velit ut amet elit excepteur incididunt minim aliquip consequat amet. Esse elit adipisicing commodo irure.\r\n", "registered":"2014-08-23T02:18:17 -07:00", "latitude":35.245125, "longitude":-38.27409, "tags":["culpa", "consequat", "cupidatat", "amet", "nulla", "in", "do"], "friends":[{"id":0, "name":"Christina Schneider"}, {"id":1, "name":"Holt Crawford"}, {"id":2, "name":"Carolyn Delgado"}], "greeting":"Hello, Sanford Glover! You have 8 unread messages.", "favoriteFruit":"banana"}