{"_id":"55e8b8c69d6955a70736aa4a", "index":1388, "guid":"35060aa8-8858-4525-8c15-2d4bb6c0b6a0", "isActive":true, "balance":"$5,019.06", "picture":"http://placehold.it/32x32", "age":25, "eyeColor":"brown", "name":"Debra Young", "gender":"female", "company":"ZUVY", "email":"debrayoung@zuvy.com", "phone":"+1 (958) 494-3712", "address":"536 Monitor Street, Gracey, Virgin Islands, 4267", "about":"Veniam aliquip velit adipisicing labore consequat labore incididunt. Incididunt tempor elit est Lorem enim. Dolore in culpa ea laboris et culpa quis incididunt ullamco et elit cillum nulla. Sint sunt est cupidatat enim. Nostrud deserunt velit eu mollit magna anim eu cupidatat exercitation aliquip sit laboris velit. Id voluptate incididunt ea fugiat sit proident. Amet laboris velit elit anim dolor ex occaecat voluptate ullamco occaecat esse et velit in.\r\n", "registered":"2014-01-05T05:53:15 -07:00", "latitude":72.147526, "longitude":89.401845, "tags":["officia", "cupidatat", "excepteur", "exercitation", "non", "dolor", "ea"], "friends":[{"id":0, "name":"Alicia Black"}, {"id":1, "name":"Cleo Whitley"}, {"id":2, "name":"Nona Hobbs"}], "greeting":"Hello, Debra Young! You have 2 unread messages.", "favoriteFruit":"apple"}