{"_id":"55e8b8c6c91c74d23ec131f9", "index":1145, "guid":"25e90e83-87d7-4eff-9e47-e4ea3b44b39b", "isActive":true, "balance":"$8,201.94", "picture":"http://placehold.it/32x32", "age":25, "eyeColor":"brown", "name":"Millicent Ewing", "gender":"female", "company":"RETRACK", "email":"millicentewing@retrack.com", "phone":"+1 (972) 585-2745", "address":"760 Apollo Street, Wedgewood, Mississippi, 3876", "about":"Ea in nisi culpa do magna non. Veniam do proident eiusmod occaecat ipsum aliquip eiusmod. Eu esse labore nulla velit. Aliquip cillum aute fugiat laborum ullamco in voluptate nostrud nisi nulla labore ut sit. Cupidatat sunt non dolore laboris.\r\n", "registered":"2014-07-14T12:59:55 -07:00", "latitude":-75.270503, "longitude":-86.621162, "tags":["nostrud", "in", "deserunt", "eiusmod", "sit", "nisi", "eu"], "friends":[{"id":0, "name":"Gilliam Mann"}, {"id":1, "name":"Sherman Pugh"}, {"id":2, "name":"Miranda Thornton"}], "greeting":"Hello, Millicent Ewing! You have 2 unread messages.", "favoriteFruit":"apple"}