{"_id":"55e8b8c6e6752609d3155522", "index":1297, "guid":"6275c4e0-2b9b-4b82-881e-740451eb69c2", "isActive":false, "balance":"$4,376.35", "picture":"http://placehold.it/32x32", "age":29, "eyeColor":"brown", "name":"Janell Hopkins", "gender":"female", "company":"INTERODEO", "email":"janellhopkins@interodeo.com", "phone":"+1 (884) 577-2102", "address":"802 McKinley Avenue, Blue, Guam, 9000", "about":"Culpa sit in amet culpa in adipisicing dolor do adipisicing proident aute voluptate ea mollit. Mollit nisi aute quis amet aliquip sit proident. Nulla occaecat minim est labore proident officia nisi Lorem. Non in ut mollit irure amet. Nisi et irure proident nostrud magna labore amet sint enim qui mollit consectetur. Aliqua duis exercitation est nisi minim aliquip adipisicing. Nostrud eiusmod sit dolor do incididunt tempor irure fugiat occaecat veniam est Lorem.\r\n", "registered":"2014-10-07T08:50:45 -07:00", "latitude":8.271939, "longitude":-0.027063, "tags":["pariatur", "et", "mollit", "aliqua", "voluptate", "esse", "in"], "friends":[{"id":0, "name":"Audrey Tyson"}, {"id":1, "name":"Mabel Hutchinson"}, {"id":2, "name":"Gomez Donovan"}], "greeting":"Hello, Janell Hopkins! You have 4 unread messages.", "favoriteFruit":"strawberry"}