{"_id":"55e8b8c67c9efb9a3c09538b", "index":1350, "guid":"2167c82b-7177-4027-b1c1-efc53eb974c9", "isActive":true, "balance":"$1,229.89", "picture":"http://placehold.it/32x32", "age":34, "eyeColor":"brown", "name":"Beryl Dale", "gender":"female", "company":"GEEKY", "email":"beryldale@geeky.com", "phone":"+1 (821) 568-3042", "address":"563 Schenck Avenue, Boyd, North Carolina, 6600", "about":"Dolor pariatur proident laboris ipsum laboris tempor aliqua commodo Lorem. Non incididunt ut duis amet magna eu labore ex et ut veniam exercitation quis. Id ipsum enim ut nisi do proident.\r\n", "registered":"2014-06-10T12:46:20 -07:00", "latitude":52.207283, "longitude":-8.440579, "tags":["esse", "ut", "ad", "deserunt", "cupidatat", "mollit", "adipisicing"], "friends":[{"id":0, "name":"Jenna Craig"}, {"id":1, "name":"Corine Head"}, {"id":2, "name":"Angelita Gamble"}], "greeting":"Hello, Beryl Dale! You have 10 unread messages.", "favoriteFruit":"banana"}