{"_id":"55e8b8c6a78f702d87f0f11d", "index":1279, "guid":"86ee497f-1700-4cc4-b1a2-1f74d7e0b7e8", "isActive":false, "balance":"$709.71", "picture":"http://placehold.it/32x32", "age":32, "eyeColor":"green", "name":"Margo Hodges", "gender":"female", "company":"ACRUEX", "email":"margohodges@acruex.com", "phone":"+1 (971) 412-3404", "address":"483 Railroad Avenue, Beyerville, Idaho, 3157", "about":"Labore anim dolor deserunt ut mollit adipisicing deserunt officia sit elit eu voluptate proident deserunt. Ex sunt ad enim amet tempor. Commodo consectetur velit aute deserunt.\r\n", "registered":"2014-03-05T11:00:26 -07:00", "latitude":80.951898, "longitude":7.720929, "tags":["proident", "sunt", "ullamco", "incididunt", "ea", "nisi", "officia"], "friends":[{"id":0, "name":"Clements Nunez"}, {"id":1, "name":"Rowland Wilcox"}, {"id":2, "name":"Roberta Rose"}], "greeting":"Hello, Margo Hodges! You have 9 unread messages.", "favoriteFruit":"strawberry"}