{"_id":"55e8b8c6a15162262995ba9b", "index":1245, "guid":"dcf80175-7a66-4c9f-979f-823177445521", "isActive":true, "balance":"$1,399.10", "picture":"http://placehold.it/32x32", "age":35, "eyeColor":"brown", "name":"Hays Blair", "gender":"male", "company":"ZAPPIX", "email":"haysblair@zappix.com", "phone":"+1 (994) 537-2662", "address":"193 Bergen Avenue, Marshall, Virginia, 5351", "about":"Dolor laboris mollit in adipisicing nulla. Anim et elit officia magna sint dolor. Laborum consectetur veniam elit Lorem. Magna aliqua incididunt magna tempor fugiat dolore.\r\n", "registered":"2015-02-12T07:28:21 -07:00", "latitude":21.237596, "longitude":-43.120018, "tags":["in", "incididunt", "culpa", "ex", "deserunt", "commodo", "consectetur"], "friends":[{"id":0, "name":"Malone Villarreal"}, {"id":1, "name":"Oliver Tyler"}, {"id":2, "name":"Wilder Sweet"}], "greeting":"Hello, Hays Blair! You have 6 unread messages.", "favoriteFruit":"apple"}