{"_id":"55e8b8c6a90821fa88cf5b05", "index":1032, "guid":"f89e2c94-a711-4f0b-bf33-79a537d962e3", "isActive":true, "balance":"$3,185.29", "picture":"http://placehold.it/32x32", "age":23, "eyeColor":"green", "name":"Ashley Lester", "gender":"female", "company":"FREAKIN", "email":"ashleylester@freakin.com", "phone":"+1 (977) 508-3171", "address":"347 Harden Street, Dale, South Carolina, 9477", "about":"Enim aliqua sunt et est. Et consectetur non ipsum occaecat minim sunt laboris aliqua. Lorem labore do eiusmod duis fugiat consequat nostrud officia. Anim incididunt reprehenderit labore in do cillum. Aliqua laborum mollit dolor est id voluptate eiusmod nisi cupidatat laborum nisi ut ipsum.\r\n", "registered":"2014-10-01T08:58:30 -07:00", "latitude":22.329584, "longitude":14.667189, "tags":["nulla", "magna", "nulla", "nostrud", "quis", "reprehenderit", "deserunt"], "friends":[{"id":0, "name":"George Barr"}, {"id":1, "name":"Clarissa Navarro"}, {"id":2, "name":"Lindsey Horn"}], "greeting":"Hello, Ashley Lester! You have 5 unread messages.", "favoriteFruit":"banana"}