{"_id":"55e8b8c669865ce4f5210011", "index":1254, "guid":"5bebcba5-474f-47fe-bea1-10410fefea45", "isActive":false, "balance":"$3,951.56", "picture":"http://placehold.it/32x32", "age":29, "eyeColor":"brown", "name":"Riddle Rios", "gender":"male", "company":"KRAGGLE", "email":"riddlerios@kraggle.com", "phone":"+1 (891) 535-3709", "address":"664 Hart Street, Whitestone, Colorado, 1604", "about":"Lorem esse qui incididunt ullamco aute. Aute labore in cupidatat labore pariatur tempor dolore mollit ipsum esse ad esse. Sint duis ut aliquip ex laboris enim exercitation magna sint ut enim consectetur. Ea fugiat est velit officia aliquip exercitation eu do commodo labore est.\r\n", "registered":"2014-05-20T06:12:08 -07:00", "latitude":88.361397, "longitude":114.722591, "tags":["proident", "commodo", "tempor", "eu", "veniam", "veniam", "et"], "friends":[{"id":0, "name":"Brooke Marsh"}, {"id":1, "name":"Shawn Wilder"}, {"id":2, "name":"Hopper Knight"}], "greeting":"Hello, Riddle Rios! You have 5 unread messages.", "favoriteFruit":"strawberry"}