{"_id":"55e8b8c692ab4c6a0881f071", "index":1443, "guid":"7c9de217-7001-4aec-9340-06e5d55d9e98", "isActive":false, "balance":"$8,162.55", "picture":"http://placehold.it/32x32", "age":23, "eyeColor":"blue", "name":"Bonita Ortiz", "gender":"female", "company":"RODEOCEAN", "email":"bonitaortiz@rodeocean.com", "phone":"+1 (844) 526-2491", "address":"900 Batchelder Street, Robbins, Delaware, 7804", "about":"Non anim ut est laboris pariatur. Consequat incididunt deserunt exercitation culpa do. Elit voluptate cupidatat eiusmod qui occaecat reprehenderit nulla deserunt ipsum eu eu. Non laborum excepteur labore pariatur eiusmod adipisicing. Aliquip labore Lorem anim nostrud ea reprehenderit duis et ex. Sint exercitation nisi in voluptate. Ut duis incididunt occaecat sint voluptate tempor ex exercitation mollit.\r\n", "registered":"2014-01-25T08:11:00 -07:00", "latitude":57.420101, "longitude":30.808725, "tags":["amet", "culpa", "pariatur", "adipisicing", "sunt", "duis", "dolor"], "friends":[{"id":0, "name":"Mosley Oconnor"}, {"id":1, "name":"Kristine Marquez"}, {"id":2, "name":"Berger Wiley"}], "greeting":"Hello, Bonita Ortiz! You have 6 unread messages.", "favoriteFruit":"banana"}