{"_id":"55e8b8c6bab1b49bf2d07a11", "index":1067, "guid":"ecee41b5-cd2d-451b-907b-fd88f6db5865", "isActive":true, "balance":"$3,395.97", "picture":"http://placehold.it/32x32", "age":39, "eyeColor":"green", "name":"Carrillo Donaldson", "gender":"male", "company":"INTERFIND", "email":"carrillodonaldson@interfind.com", "phone":"+1 (800) 540-3159", "address":"254 Crystal Street, Worcester, California, 1959", "about":"Eu consequat non nostrud aliqua Lorem occaecat. Excepteur id sit est eiusmod ullamco cupidatat deserunt dolor exercitation mollit sint sunt dolor nisi. Sunt esse ad adipisicing eiusmod sit tempor. Commodo Lorem sunt ex aliqua amet ea nulla tempor culpa ut non commodo deserunt.\r\n", "registered":"2014-03-18T12:12:09 -07:00", "latitude":-44.380716, "longitude":-23.289861, "tags":["labore", "pariatur", "cupidatat", "consequat", "laborum", "in", "non"], "friends":[{"id":0, "name":"Annette Macdonald"}, {"id":1, "name":"Debora Charles"}, {"id":2, "name":"Howe Barrett"}], "greeting":"Hello, Carrillo Donaldson! You have 7 unread messages.", "favoriteFruit":"apple"}