{"_id":"55e8b8c69ebfed53e171478b", "index":1376, "guid":"f06ab9eb-1cfa-4dca-8824-d0a2cd37aa0b", "isActive":true, "balance":"$3,776.11", "picture":"http://placehold.it/32x32", "age":31, "eyeColor":"blue", "name":"Georgia Middleton", "gender":"female", "company":"EXOBLUE", "email":"georgiamiddleton@exoblue.com", "phone":"+1 (867) 493-2231", "address":"308 Hopkins Street, Canby, Alabama, 9909", "about":"Culpa id aliquip nostrud pariatur sint voluptate ad nisi ad. Commodo deserunt culpa aute laboris nostrud laboris est. Commodo voluptate occaecat aliqua laboris veniam ex.\r\n", "registered":"2014-03-09T04:12:39 -07:00", "latitude":-25.420473, "longitude":20.547415, "tags":["aliqua", "id", "ea", "dolore", "laboris", "ex", "ad"], "friends":[{"id":0, "name":"Fuentes Joseph"}, {"id":1, "name":"Bowman Kirk"}, {"id":2, "name":"Munoz Hardy"}], "greeting":"Hello, Georgia Middleton! You have 3 unread messages.", "favoriteFruit":"apple"}