{"_id":"55e8b8c69638b1261d7e3ff1", "index":1312, "guid":"03f9e1ce-e66a-4f77-a94a-d0645b5deff4", "isActive":true, "balance":"$854.92", "picture":"http://placehold.it/32x32", "age":27, "eyeColor":"green", "name":"Lynn Pickett", "gender":"female", "company":"ENQUILITY", "email":"lynnpickett@enquility.com", "phone":"+1 (841) 592-2670", "address":"962 Seaview Court, Hollins, Colorado, 2342", "about":"Culpa dolor dolor consequat culpa consequat laboris laborum. Veniam aliqua eu officia sit esse laborum dolore anim velit minim laboris veniam proident. Nulla laboris id consequat excepteur do magna ullamco esse. Qui esse magna id nulla ad cillum proident sint veniam nisi ullamco.\r\n", "registered":"2014-05-23T03:09:01 -07:00", "latitude":-85.650792, "longitude":26.120459, "tags":["culpa", "nostrud", "Lorem", "aute", "consectetur", "eu", "pariatur"], "friends":[{"id":0, "name":"Luz Dudley"}, {"id":1, "name":"Davenport Hickman"}, {"id":2, "name":"Neal Gonzalez"}], "greeting":"Hello, Lynn Pickett! You have 4 unread messages.", "favoriteFruit":"banana"}