{"_id":"55e8b8c6c3668476c2b022c7", "index":122, "guid":"94ac3dfb-d695-4961-8e6b-0c60f41a05a0", "isActive":true, "balance":"$8,757.32", "picture":"http://placehold.it/32x32", "age":27, "eyeColor":"brown", "name":"Keith Rutledge", "gender":"male", "company":"GEEKFARM", "email":"keithrutledge@geekfarm.com", "phone":"+1 (810) 553-2012", "address":"398 President Street, Fillmore, Kansas, 3003", "about":"Nostrud minim dolor in excepteur ad exercitation exercitation dolor est amet. Sit dolore quis eiusmod veniam qui aute et dolor ad id laborum elit. Nulla est tempor amet ullamco cillum voluptate. Et velit pariatur voluptate laborum.\r\n", "registered":"2014-11-01T11:01:17 -07:00", "latitude":18.260378, "longitude":-141.12221, "tags":["consectetur", "proident", "anim", "anim", "esse", "reprehenderit", "deserunt"], "friends":[{"id":0, "name":"Nixon Russell"}, {"id":1, "name":"Middleton Dorsey"}, {"id":2, "name":"Diaz Rich"}], "greeting":"Hello, Keith Rutledge! You have 7 unread messages.", "favoriteFruit":"banana"}