{"_id":"55e8b8c6f9d26cdb12c58c4a", "index":127, "guid":"2f2dfe10-f826-4369-810a-327c455fd704", "isActive":false, "balance":"$9,705.32", "picture":"http://placehold.it/32x32", "age":32, "eyeColor":"brown", "name":"Howard Atkins", "gender":"male", "company":"CIRCUM", "email":"howardatkins@circum.com", "phone":"+1 (945) 547-2827", "address":"974 Underhill Avenue, Grill, Wisconsin, 8755", "about":"Exercitation ea duis ut sit. Eu deserunt laboris deserunt elit esse. Occaecat dolore esse sunt cillum laboris do culpa ullamco irure laborum cillum consectetur non elit. Cupidatat reprehenderit consectetur anim culpa commodo excepteur magna aute tempor velit deserunt ad nulla eu.\r\n", "registered":"2014-08-06T09:17:20 -07:00", "latitude":-77.871591, "longitude":84.54882, "tags":["elit", "non", "sint", "aliqua", "occaecat", "ex", "consectetur"], "friends":[{"id":0, "name":"Emma Middleton"}, {"id":1, "name":"Maryanne Joseph"}, {"id":2, "name":"Thompson Kirk"}], "greeting":"Hello, Howard Atkins! You have 6 unread messages.", "favoriteFruit":"banana"}