{"_id":"55e8b8c6449c2dac30a073f3", "index":1107, "guid":"8a68908d-9f4b-4fd0-acb8-4bef54319110", "isActive":false, "balance":"$3,855.45", "picture":"http://placehold.it/32x32", "age":29, "eyeColor":"blue", "name":"West Berg", "gender":"male", "company":"MOBILDATA", "email":"westberg@mobildata.com", "phone":"+1 (886) 569-3443", "address":"876 Friel Place, Cazadero, Rhode Island, 7600", "about":"Commodo cillum elit ut culpa incididunt sunt occaecat commodo. Excepteur sint laboris reprehenderit occaecat minim culpa minim fugiat voluptate cupidatat proident ipsum amet consequat. Ut ipsum reprehenderit tempor non nostrud. Elit incididunt aliqua ullamco ullamco enim minim non ut. Minim pariatur non qui ea ut elit ex minim duis. Ex commodo cillum ullamco nulla ea voluptate magna Lorem amet laboris ullamco adipisicing enim cillum. Dolor ad nostrud cupidatat veniam qui dolore excepteur exercitation cupidatat culpa reprehenderit.\r\n", "registered":"2014-10-02T09:14:27 -07:00", "latitude":34.692402, "longitude":-139.21789, "tags":["minim", "ullamco", "tempor", "fugiat", "Lorem", "in", "qui"], "friends":[{"id":0, "name":"Odom Garrison"}, {"id":1, "name":"Casey Washington"}, {"id":2, "name":"Berta Hewitt"}], "greeting":"Hello, West Berg! You have 6 unread messages.", "favoriteFruit":"apple"}