{"_id":"55e8b8c6786a4487a49820bd", "index":1037, "guid":"4b59cea6-ce27-42b4-b5d1-49837fdcc17e", "isActive":true, "balance":"$7,523.01", "picture":"http://placehold.it/32x32", "age":40, "eyeColor":"blue", "name":"Hutchinson Kent", "gender":"male", "company":"APPLIDEC", "email":"hutchinsonkent@applidec.com", "phone":"+1 (950) 430-2172", "address":"435 Ellery Street, Shrewsbury, Delaware, 2152", "about":"Magna proident consectetur minim labore qui nisi minim veniam est esse aliquip officia veniam amet. Proident exercitation deserunt Lorem exercitation consectetur deserunt deserunt. Cupidatat pariatur excepteur dolore fugiat dolor et irure. Magna tempor ea laboris minim sit minim laboris tempor minim.\r\n", "registered":"2014-05-03T01:33:36 -07:00", "latitude":71.450589, "longitude":151.811816, "tags":["enim", "occaecat", "sunt", "sunt", "pariatur", "culpa", "do"], "friends":[{"id":0, "name":"Jean Bean"}, {"id":1, "name":"Collins Melton"}, {"id":2, "name":"Geraldine Morton"}], "greeting":"Hello, Hutchinson Kent! You have 7 unread messages.", "favoriteFruit":"strawberry"}