{"_id":"55e8b8c601088e9cbd968bc9", "index":1277, "guid":"9f1ce85e-ae62-4bc1-b006-f9316156d21f", "isActive":false, "balance":"$6,900.54", "picture":"http://placehold.it/32x32", "age":33, "eyeColor":"brown", "name":"Ross Christensen", "gender":"male", "company":"OVOLO", "email":"rosschristensen@ovolo.com", "phone":"+1 (857) 422-2677", "address":"530 Highland Avenue, Chestnut, Nevada, 7846", "about":"Esse fugiat est nisi incididunt qui ullamco dolore do fugiat non excepteur dolor adipisicing aliquip. Est nisi veniam consequat veniam reprehenderit enim irure tempor in aute dolore amet ex. Duis nisi non do quis consequat incididunt consectetur officia exercitation proident sit occaecat id. Voluptate labore cillum eiusmod ipsum laboris consequat in ut nulla id. Incididunt pariatur magna eu veniam nostrud fugiat excepteur in labore adipisicing ut cillum laboris Lorem. Occaecat ullamco ipsum ullamco elit aliqua qui et in velit dolor tempor.\r\n", "registered":"2014-12-14T07:33:54 -07:00", "latitude":-68.819102, "longitude":27.205169, "tags":["eu", "nostrud", "commodo", "eu", "ut", "cupidatat", "sit"], "friends":[{"id":0, "name":"Hudson Aguirre"}, {"id":1, "name":"Gilbert Ellison"}, {"id":2, "name":"Tillman Leon"}], "greeting":"Hello, Ross Christensen! You have 6 unread messages.", "favoriteFruit":"strawberry"}