{"_id":"55e8b8c6714bd5e5f5665806", "index":1364, "guid":"f6b9765b-d048-40e6-ac43-0ed39c91771d", "isActive":false, "balance":"$3,787.72", "picture":"http://placehold.it/32x32", "age":24, "eyeColor":"green", "name":"Lynn Rivas", "gender":"male", "company":"SOPRANO", "email":"lynnrivas@soprano.com", "phone":"+1 (945) 535-3126", "address":"606 Hudson Avenue, Elwood, South Dakota, 701", "about":"Ex officia ipsum Lorem voluptate aliquip. Veniam et sint eiusmod consequat Lorem tempor ipsum. Ullamco velit cillum elit Lorem ipsum occaecat ullamco laborum ut anim. Laboris irure qui cillum minim et commodo ea incididunt aute.\r\n", "registered":"2014-12-13T10:18:56 -07:00", "latitude":-27.943996, "longitude":126.433214, "tags":["consequat", "proident", "elit", "amet", "et", "tempor", "id"], "friends":[{"id":0, "name":"Henson Craft"}, {"id":1, "name":"Jacobs Harper"}, {"id":2, "name":"Battle Rodgers"}], "greeting":"Hello, Lynn Rivas! You have 10 unread messages.", "favoriteFruit":"banana"}