{"_id":"55e8b8c612097e27de10c3b8", "index":1234, "guid":"23482b90-4e57-45f6-8aec-7ca04936b861", "isActive":true, "balance":"$8,195.85", "picture":"http://placehold.it/32x32", "age":24, "eyeColor":"blue", "name":"Crosby Hull", "gender":"male", "company":"PULZE", "email":"crosbyhull@pulze.com", "phone":"+1 (805) 544-2447", "address":"277 Livingston Street, Northchase, North Carolina, 8106", "about":"Consequat consectetur officia ut aliquip laboris. Qui commodo excepteur reprehenderit ex consectetur ut laboris reprehenderit id ullamco duis qui enim. Deserunt reprehenderit non reprehenderit fugiat ea laborum nulla est culpa cupidatat velit. Dolor dolore labore do ad eu eu ea nostrud exercitation commodo excepteur enim deserunt cillum. Ipsum aute tempor nostrud cillum ut eu sint aute sint deserunt consequat irure cillum. Deserunt dolore sint reprehenderit irure mollit tempor nulla excepteur laboris magna cupidatat fugiat. In ad aute ex sunt duis sit tempor mollit nulla cupidatat officia aute.\r\n", "registered":"2014-11-29T02:53:35 -07:00", "latitude":-33.570136, "longitude":-33.387251, "tags":["ullamco", "culpa", "irure", "aliqua", "elit", "ut", "do"], "friends":[{"id":0, "name":"Elsie Chavez"}, {"id":1, "name":"Jordan Le"}, {"id":2, "name":"Raquel Byrd"}], "greeting":"Hello, Crosby Hull! You have 4 unread messages.", "favoriteFruit":"apple"}