{"_id":"55e8b8c65b64800b24dbd764", "index":1431, "guid":"0310e1a3-cddb-46c1-b00b-b58976d50768", "isActive":true, "balance":"$6,258.86", "picture":"http://placehold.it/32x32", "age":39, "eyeColor":"green", "name":"Wilson Beck", "gender":"male", "company":"ZILCH", "email":"wilsonbeck@zilch.com", "phone":"+1 (837) 516-2776", "address":"941 Polhemus Place, Maplewood, Connecticut, 7919", "about":"Non labore magna id occaecat labore eiusmod. Excepteur pariatur aute cupidatat do ipsum occaecat. Elit occaecat laboris sint ex excepteur ipsum veniam sit dolor quis adipisicing in commodo consectetur. Aute aliqua elit veniam ipsum labore eu fugiat dolor laboris eiusmod magna mollit est. Nulla nulla duis do consectetur officia duis.\r\n", "registered":"2014-09-14T05:44:01 -07:00", "latitude":-60.394106, "longitude":32.526387, "tags":["ad", "do", "amet", "ex", "deserunt", "duis", "irure"], "friends":[{"id":0, "name":"Osborn Morrison"}, {"id":1, "name":"Suzanne Galloway"}, {"id":2, "name":"Alexis Garrett"}], "greeting":"Hello, Wilson Beck! You have 1 unread messages.", "favoriteFruit":"strawberry"}