{"_id":"55e8b8c6d60fefc537dcb40c", "index":1174, "guid":"fdf4c704-1eed-4749-bf17-1e85883ce997", "isActive":false, "balance":"$8,496.76", "picture":"http://placehold.it/32x32", "age":32, "eyeColor":"green", "name":"Jones Sharp", "gender":"male", "company":"AMRIL", "email":"jonessharp@amril.com", "phone":"+1 (813) 562-2041", "address":"351 Surf Avenue, Camas, District Of Columbia, 8352", "about":"Mollit do consequat velit laboris. Ea anim cillum cupidatat non quis esse cupidatat deserunt voluptate commodo. Anim occaecat ex tempor commodo sint commodo.\r\n", "registered":"2014-01-22T04:00:01 -07:00", "latitude":-66.02621, "longitude":-100.112647, "tags":["aliqua", "aliquip", "do", "quis", "aute", "fugiat", "anim"], "friends":[{"id":0, "name":"Katharine Dean"}, {"id":1, "name":"Noel Walsh"}, {"id":2, "name":"Jeannine Zamora"}], "greeting":"Hello, Jones Sharp! You have 7 unread messages.", "favoriteFruit":"strawberry"}