{"_id":"55e8b8c6fe73371676f0f4e0", "index":1082, "guid":"947c48b5-e26e-47b3-89b8-c9daf9942926", "isActive":false, "balance":"$9,966.19", "picture":"http://placehold.it/32x32", "age":40, "eyeColor":"green", "name":"Espinoza Arnold", "gender":"male", "company":"MENBRAIN", "email":"espinozaarnold@menbrain.com", "phone":"+1 (965) 506-3337", "address":"640 Berkeley Place, Lemoyne, Ohio, 2535", "about":"Aliquip do consequat magna in reprehenderit est laborum qui fugiat excepteur id. Qui elit adipisicing ea id pariatur aute mollit commodo reprehenderit voluptate elit. Lorem id fugiat laboris anim amet sint. Anim officia aliqua dolore laboris do. Nisi dolor adipisicing dolor minim. Labore ea ex pariatur excepteur non ut pariatur Lorem tempor excepteur adipisicing ad dolore. Adipisicing magna esse mollit ea in nisi minim ut ex laboris amet.\r\n", "registered":"2015-06-23T07:24:10 -07:00", "latitude":61.88783, "longitude":-124.023818, "tags":["mollit", "do", "nostrud", "elit", "incididunt", "pariatur", "tempor"], "friends":[{"id":0, "name":"Annie Mcintyre"}, {"id":1, "name":"Daugherty Pace"}, {"id":2, "name":"Teresa Osborn"}], "greeting":"Hello, Espinoza Arnold! You have 9 unread messages.", "favoriteFruit":"banana"}