{"_id":"55e8b8c6cd50be7e8b6cb923", "index":1150, "guid":"9cf0982e-a23d-4a62-a4e5-037cb327561f", "isActive":false, "balance":"$5,244.21", "picture":"http://placehold.it/32x32", "age":26, "eyeColor":"brown", "name":"Landry Irwin", "gender":"male", "company":"CYTRAK", "email":"landryirwin@cytrak.com", "phone":"+1 (932) 523-2545", "address":"632 Varick Street, Lisco, Florida, 6997", "about":"Lorem enim aute fugiat id qui do nulla amet dolor aute officia non. Tempor magna commodo exercitation occaecat aliqua ullamco voluptate labore mollit veniam pariatur adipisicing culpa. Occaecat anim aliquip cupidatat ex id non exercitation in. Elit mollit ipsum dolore ullamco esse. Pariatur culpa ullamco consequat nulla ipsum et.\r\n", "registered":"2015-04-20T02:05:51 -07:00", "latitude":23.18388, "longitude":-110.821014, "tags":["non", "officia", "ullamco", "ad", "quis", "ex", "occaecat"], "friends":[{"id":0, "name":"Vance Watkins"}, {"id":1, "name":"Nieves Mcgee"}, {"id":2, "name":"Jimenez Norton"}], "greeting":"Hello, Landry Irwin! You have 6 unread messages.", "favoriteFruit":"apple"}