{"_id":"55e8b8c6060e4eb67766230b", "index":1046, "guid":"947b293d-61d5-4320-901b-c78160914dd6", "isActive":true, "balance":"$9,463.97", "picture":"http://placehold.it/32x32", "age":34, "eyeColor":"brown", "name":"Olive Abbott", "gender":"female", "company":"ZAPHIRE", "email":"oliveabbott@zaphire.com", "phone":"+1 (926) 559-3730", "address":"203 Gates Avenue, Springhill, Hawaii, 7370", "about":"Eiusmod ea aliquip do sunt consequat est laborum adipisicing aliquip. Laborum laborum incididunt cillum exercitation exercitation eu consectetur magna mollit occaecat reprehenderit dolore velit. Pariatur exercitation labore minim amet fugiat eu sint. Nulla aliquip ea veniam dolor Lorem labore dolor deserunt Lorem et reprehenderit exercitation irure. Ex nulla aliquip aliqua aliqua est anim mollit est esse consequat cupidatat occaecat nostrud consequat.\r\n", "registered":"2014-11-22T02:16:36 -07:00", "latitude":-33.808663, "longitude":-11.233672, "tags":["cupidatat", "aliqua", "dolor", "sint", "enim", "sit", "id"], "friends":[{"id":0, "name":"Boyer Welch"}, {"id":1, "name":"Warner Lopez"}, {"id":2, "name":"Castillo Duffy"}], "greeting":"Hello, Olive Abbott! You have 8 unread messages.", "favoriteFruit":"apple"}