{"_id":"55e8b8c634f27407d11b85c0", "index":1188, "guid":"5b1ef496-7ff6-4697-a5ce-3344ecdaebf3", "isActive":true, "balance":"$4,824.47", "picture":"http://placehold.it/32x32", "age":32, "eyeColor":"green", "name":"Sallie Wilkerson", "gender":"female", "company":"COLUMELLA", "email":"salliewilkerson@columella.com", "phone":"+1 (858) 534-3620", "address":"248 Coleridge Street, Tryon, Utah, 6535", "about":"Incididunt esse eu cillum Lorem aute id veniam cupidatat magna voluptate eiusmod est. Deserunt eu esse sint aliquip consequat magna sit culpa in labore eu tempor. Officia officia anim in duis elit tempor proident amet. Minim proident pariatur incididunt do fugiat fugiat labore et consequat ea duis incididunt labore dolor.\r\n", "registered":"2014-02-17T06:29:27 -07:00", "latitude":-25.694826, "longitude":-166.932056, "tags":["elit", "minim", "eiusmod", "in", "tempor", "consectetur", "quis"], "friends":[{"id":0, "name":"Waters Watson"}, {"id":1, "name":"Potts Casey"}, {"id":2, "name":"Melba Booker"}], "greeting":"Hello, Sallie Wilkerson! You have 6 unread messages.", "favoriteFruit":"apple"}