{"_id":"55e8b8c6cf24b6d9956662ce", "index":1162, "guid":"cf65485e-114d-41a9-b400-f660dcbe86a3", "isActive":false, "balance":"$3,943.68", "picture":"http://placehold.it/32x32", "age":29, "eyeColor":"brown", "name":"Cathryn Mathis", "gender":"female", "company":"COGENTRY", "email":"cathrynmathis@cogentry.com", "phone":"+1 (971) 425-2775", "address":"667 Hubbard Place, Wilmington, Hawaii, 7526", "about":"Magna labore in do sit consequat aliquip et deserunt ut minim non eu voluptate. Non esse Lorem elit culpa deserunt in qui. Velit quis sunt incididunt esse sit do id. Deserunt eiusmod aliquip laboris minim elit. Nostrud id ullamco qui voluptate exercitation nisi cillum culpa quis cillum deserunt aute consequat veniam. Laborum anim consequat enim qui in. Et occaecat sunt enim aliquip aute id.\r\n", "registered":"2014-08-07T06:24:48 -07:00", "latitude":54.637302, "longitude":73.903476, "tags":["esse", "mollit", "voluptate", "enim", "aute", "qui", "officia"], "friends":[{"id":0, "name":"Vega Medina"}, {"id":1, "name":"Deirdre Holcomb"}, {"id":2, "name":"Sloan York"}], "greeting":"Hello, Cathryn Mathis! You have 3 unread messages.", "favoriteFruit":"apple"}