{"_id":"55e8b8c60e8160d818e6588d", "index":1367, "guid":"6534d4dd-ba14-4385-b22a-b7df9663de36", "isActive":false, "balance":"$9,311.67", "picture":"http://placehold.it/32x32", "age":36, "eyeColor":"green", "name":"Clay Brock", "gender":"male", "company":"CALLFLEX", "email":"claybrock@callflex.com", "phone":"+1 (822) 496-2567", "address":"674 Oakland Place, Nash, Georgia, 8574", "about":"Ex incididunt velit sint mollit do reprehenderit velit et. Ea sunt cupidatat aute exercitation ad et quis. Velit duis est consequat amet non eu ea sit incididunt irure. Dolor incididunt laboris ullamco minim minim nulla eiusmod duis velit dolor cillum voluptate anim.\r\n", "registered":"2014-12-16T11:59:35 -07:00", "latitude":-41.660322, "longitude":152.359181, "tags":["nisi", "pariatur", "eiusmod", "irure", "duis", "ut", "Lorem"], "friends":[{"id":0, "name":"Rowe Bailey"}, {"id":1, "name":"Hazel Bridges"}, {"id":2, "name":"Pearson Ingram"}], "greeting":"Hello, Clay Brock! You have 3 unread messages.", "favoriteFruit":"strawberry"}