{"_id":"55e8b8c69c8bee724b8e1f8e", "index":1217, "guid":"b880b6a6-635a-42a3-badb-16bbe5353597", "isActive":true, "balance":"$9,164.90", "picture":"http://placehold.it/32x32", "age":29, "eyeColor":"brown", "name":"Gilmore Hawkins", "gender":"male", "company":"CONJURICA", "email":"gilmorehawkins@conjurica.com", "phone":"+1 (855) 524-2564", "address":"900 Chester Court, Matheny, Puerto Rico, 3971", "about":"In minim non laboris laboris laboris. Enim elit Lorem est do fugiat adipisicing. Ea elit excepteur dolor aliquip Lorem consequat veniam nisi deserunt incididunt ullamco deserunt. Labore adipisicing cillum commodo occaecat anim esse qui anim occaecat in ipsum reprehenderit. Culpa elit commodo labore ex mollit. Duis qui nisi est dolore velit deserunt ipsum irure ad nostrud fugiat id.\r\n", "registered":"2015-02-23T08:29:21 -07:00", "latitude":-14.998975, "longitude":100.889571, "tags":["sunt", "in", "officia", "reprehenderit", "do", "tempor", "ut"], "friends":[{"id":0, "name":"Mariana Fry"}, {"id":1, "name":"Mara Ochoa"}, {"id":2, "name":"Sears Crosby"}], "greeting":"Hello, Gilmore Hawkins! You have 4 unread messages.", "favoriteFruit":"strawberry"}