{"_id":"55e8b8c63590d78b497c4d8b", "index":1214, "guid":"e52450d5-4245-4d27-b982-9bc0e536c770", "isActive":false, "balance":"$838.41", "picture":"http://placehold.it/32x32", "age":32, "eyeColor":"green", "name":"Mollie Willis", "gender":"female", "company":"ZILLIDIUM", "email":"molliewillis@zillidium.com", "phone":"+1 (938) 553-2388", "address":"921 Gain Court, Fresno, Virgin Islands, 6166", "about":"Mollit aliqua ad dolor ex eiusmod elit ea cupidatat mollit exercitation. Exercitation id aliquip occaecat voluptate. Cupidatat adipisicing quis elit nulla in aliquip. Velit laboris proident pariatur cillum amet magna est.\r\n", "registered":"2014-04-05T09:39:16 -07:00", "latitude":58.887646, "longitude":10.3711, "tags":["minim", "ipsum", "ullamco", "minim", "tempor", "sit", "in"], "friends":[{"id":0, "name":"Browning Wells"}, {"id":1, "name":"Eva Strickland"}, {"id":2, "name":"Violet Carrillo"}], "greeting":"Hello, Mollie Willis! You have 7 unread messages.", "favoriteFruit":"apple"}