{"_id":"55e8b8c6ea8d327655330f46", "index":1151, "guid":"a98b5537-1d3c-42a2-a8fd-ef025c0cb7f6", "isActive":true, "balance":"$8,389.87", "picture":"http://placehold.it/32x32", "age":38, "eyeColor":"green", "name":"Gretchen Alexander", "gender":"female", "company":"GRACKER", "email":"gretchenalexander@gracker.com", "phone":"+1 (876) 578-2530", "address":"760 Bayview Place, Dupuyer, New Hampshire, 1594", "about":"In do irure veniam sunt sint ex duis sunt incididunt veniam ullamco esse nostrud consequat. Laboris ullamco velit et cupidatat sunt consectetur officia sint ad veniam. Et ad officia ipsum aliquip et ad ex in cupidatat fugiat occaecat do ut in.\r\n", "registered":"2014-01-10T09:39:30 -07:00", "latitude":-82.889579, "longitude":-178.350448, "tags":["ipsum", "consectetur", "Lorem", "velit", "tempor", "non", "incididunt"], "friends":[{"id":0, "name":"Annmarie Perkins"}, {"id":1, "name":"Hendricks Williamson"}, {"id":2, "name":"Jeannie Roy"}], "greeting":"Hello, Gretchen Alexander! You have 6 unread messages.", "favoriteFruit":"banana"}