{"_id":"55e8b8c6b71fd0722456f5ea", "index":1250, "guid":"3465d5df-b42d-43b1-a9e7-7d6d177d1232", "isActive":false, "balance":"$707.95", "picture":"http://placehold.it/32x32", "age":26, "eyeColor":"green", "name":"Emerson Shannon", "gender":"male", "company":"CEMENTION", "email":"emersonshannon@cemention.com", "phone":"+1 (811) 494-2640", "address":"583 Nevins Street, Harviell, New Jersey, 6283", "about":"Officia irure nulla dolor mollit ut consectetur labore laborum. Do consectetur ad labore exercitation irure esse quis esse laboris cupidatat aute. Non proident ullamco irure culpa ipsum eiusmod id incididunt qui ex minim. Esse dolore est nulla est Lorem ipsum incididunt duis sunt officia aliquip dolor. Mollit ipsum ut exercitation ex minim fugiat excepteur. Eiusmod qui irure quis in id quis deserunt enim.\r\n", "registered":"2014-04-14T09:01:42 -07:00", "latitude":-3.312773, "longitude":173.361204, "tags":["incididunt", "non", "occaecat", "consequat", "eu", "exercitation", "ullamco"], "friends":[{"id":0, "name":"Shelley Brewer"}, {"id":1, "name":"Fern Contreras"}, {"id":2, "name":"Mitzi Travis"}], "greeting":"Hello, Emerson Shannon! You have 7 unread messages.", "favoriteFruit":"strawberry"}