{"_id":"55e8b8c6a14fdbd8625d9040", "index":139, "guid":"c2cb4d51-5b03-4a50-938b-30068510fd91", "isActive":true, "balance":"$4,406.98", "picture":"http://placehold.it/32x32", "age":36, "eyeColor":"green", "name":"Annmarie Hunter", "gender":"female", "company":"ACIUM", "email":"annmariehunter@acium.com", "phone":"+1 (806) 595-3006", "address":"518 Madison Place, Sunnyside, California, 3825", "about":"Elit occaecat aliquip dolor sint labore velit aute commodo cupidatat do. Id veniam id excepteur cupidatat duis deserunt. Dolore excepteur nisi do magna enim ullamco sit cupidatat dolore dolor. Pariatur aliquip aute qui id. Labore cillum laboris nostrud aliquip eiusmod voluptate in. Mollit officia sunt et aliqua.\r\n", "registered":"2014-04-13T06:12:00 -07:00", "latitude":28.559813, "longitude":72.667772, "tags":["eu", "est", "consectetur", "cillum", "esse", "aliquip", "sit"], "friends":[{"id":0, "name":"Harvey Young"}, {"id":1, "name":"Dale Black"}, {"id":2, "name":"Avery Whitley"}], "greeting":"Hello, Annmarie Hunter! You have 6 unread messages.", "favoriteFruit":"apple"}