{"_id":"55e8b8c60c7d599efa25acb9", "index":1052, "guid":"44cc743d-59d8-4685-b8af-897aa63ac8dd", "isActive":false, "balance":"$1,930.96", "picture":"http://placehold.it/32x32", "age":29, "eyeColor":"blue", "name":"Hester Monroe", "gender":"female", "company":"MIXERS", "email":"hestermonroe@mixers.com", "phone":"+1 (841) 512-3966", "address":"435 Cozine Avenue, Cliff, Missouri, 7104", "about":"Sint sit quis irure deserunt eu et irure magna labore officia culpa excepteur dolore dolore. Sit adipisicing quis cillum labore. Nulla fugiat do magna laboris ipsum reprehenderit exercitation anim quis labore. Exercitation in officia qui sint eu. Tempor reprehenderit aute ut incididunt sint ipsum voluptate incididunt labore aliqua ut esse commodo.\r\n", "registered":"2014-05-15T05:38:55 -07:00", "latitude":24.719743, "longitude":-142.432475, "tags":["eu", "elit", "sint", "non", "esse", "nostrud", "do"], "friends":[{"id":0, "name":"Norman Ratliff"}, {"id":1, "name":"Alisa Munoz"}, {"id":2, "name":"Abbott Coleman"}], "greeting":"Hello, Hester Monroe! You have 9 unread messages.", "favoriteFruit":"banana"}