{"_id":"55e8b8c6719e6363bfc2b8d8", "index":1352, "guid":"281355bb-74a5-4784-9ff3-08d34bb5e5eb", "isActive":true, "balance":"$2,337.02", "picture":"http://placehold.it/32x32", "age":32, "eyeColor":"green", "name":"Marguerite Garcia", "gender":"female", "company":"POOCHIES", "email":"margueritegarcia@poochies.com", "phone":"+1 (987) 402-2956", "address":"829 Roder Avenue, Romeville, Indiana, 1472", "about":"Laborum incididunt aute eiusmod aliqua cillum nisi eu cillum ut laborum quis ut cupidatat. Enim labore aute cupidatat est aute. Adipisicing velit reprehenderit do incididunt eiusmod qui nisi in do exercitation nulla commodo commodo proident.\r\n", "registered":"2015-05-18T05:17:40 -07:00", "latitude":21.566009, "longitude":-121.767933, "tags":["et", "qui", "aute", "cupidatat", "ea", "ad", "minim"], "friends":[{"id":0, "name":"Erika Paul"}, {"id":1, "name":"Jimmie Preston"}, {"id":2, "name":"Lee Collins"}], "greeting":"Hello, Marguerite Garcia! You have 2 unread messages.", "favoriteFruit":"apple"}