{"_id":"55e8b8c65274049e9184deae", "index":1307, "guid":"771a4564-b329-421f-ac9b-69bb5fd47138", "isActive":false, "balance":"$2,879.05", "picture":"http://placehold.it/32x32", "age":40, "eyeColor":"brown", "name":"Clarice Shepherd", "gender":"female", "company":"KOZGENE", "email":"clariceshepherd@kozgene.com", "phone":"+1 (850) 526-2469", "address":"848 Kent Avenue, Kenwood, Nebraska, 9854", "about":"In enim sit esse cillum cupidatat et cillum incididunt. Quis elit reprehenderit tempor eiusmod labore consectetur. Sunt pariatur dolore pariatur culpa nostrud. Ullamco enim quis id et commodo proident adipisicing quis enim esse proident cupidatat. Pariatur excepteur cupidatat aliqua adipisicing amet sit exercitation. Aliqua officia dolor enim dolor. Enim magna veniam anim sit adipisicing.\r\n", "registered":"2014-12-10T04:40:04 -07:00", "latitude":64.050962, "longitude":129.256196, "tags":["nostrud", "deserunt", "cillum", "sit", "minim", "sunt", "ipsum"], "friends":[{"id":0, "name":"Tricia Everett"}, {"id":1, "name":"Poole Knapp"}, {"id":2, "name":"Morrison Beasley"}], "greeting":"Hello, Clarice Shepherd! You have 5 unread messages.", "favoriteFruit":"strawberry"}