{"_id":"55e8b8c6766fb5d0a689b4e5", "index":1253, "guid":"af05ce5f-aa0d-4415-843e-ad4a28786876", "isActive":true, "balance":"$2,928.53", "picture":"http://placehold.it/32x32", "age":25, "eyeColor":"brown", "name":"Bauer Salazar", "gender":"male", "company":"EXTRAGENE", "email":"bauersalazar@extragene.com", "phone":"+1 (807) 516-2414", "address":"444 Lamont Court, Nadine, New York, 9138", "about":"Mollit enim consectetur magna duis ex aliquip voluptate sit consectetur. Deserunt elit adipisicing velit adipisicing cupidatat. Tempor labore anim eiusmod eiusmod occaecat velit ea amet culpa nulla pariatur magna. Eu enim pariatur deserunt qui incididunt cillum culpa. Eiusmod quis quis anim cillum velit in ullamco aute mollit eu et. Reprehenderit voluptate pariatur qui Lorem irure ut velit.\r\n", "registered":"2015-01-23T08:57:17 -07:00", "latitude":45.940407, "longitude":95.052558, "tags":["ipsum", "exercitation", "mollit", "qui", "incididunt", "non", "ad"], "friends":[{"id":0, "name":"Hodge Anthony"}, {"id":1, "name":"Hess Gay"}, {"id":2, "name":"Harrington Sexton"}], "greeting":"Hello, Bauer Salazar! You have 8 unread messages.", "favoriteFruit":"apple"}