{"_id":"55e8b8c6b78a84321a60b8e5", "index":1385, "guid":"d824ab5f-b525-4c7b-be92-b56ea766e0a2", "isActive":false, "balance":"$6,127.99", "picture":"http://placehold.it/32x32", "age":35, "eyeColor":"green", "name":"Jenny Colon", "gender":"female", "company":"ENTOGROK", "email":"jennycolon@entogrok.com", "phone":"+1 (873) 474-2935", "address":"846 Midwood Street, Juntura, Delaware, 4903", "about":"Officia cillum dolor id ea nulla ex incididunt pariatur. Aute nostrud labore tempor in. Irure do aliqua aliquip proident mollit aliquip elit nostrud ad sunt veniam amet commodo Lorem. Non mollit id incididunt veniam enim voluptate magna nisi veniam. Cupidatat consectetur fugiat irure dolor. Excepteur eiusmod enim voluptate officia veniam deserunt.\r\n", "registered":"2015-06-13T07:23:51 -07:00", "latitude":-71.436294, "longitude":-10.250749, "tags":["est", "commodo", "do", "duis", "sint", "magna", "voluptate"], "friends":[{"id":0, "name":"Beach Valentine"}, {"id":1, "name":"Karina Dunn"}, {"id":2, "name":"Adkins Cleveland"}], "greeting":"Hello, Jenny Colon! You have 3 unread messages.", "favoriteFruit":"strawberry"}