{"_id":"55e8b8c69325450a44ff1ca6", "index":1437, "guid":"902c9858-625f-463f-b78e-6fca7446b272", "isActive":false, "balance":"$7,613.66", "picture":"http://placehold.it/32x32", "age":26, "eyeColor":"brown", "name":"Cochran Henry", "gender":"male", "company":"SULFAX", "email":"cochranhenry@sulfax.com", "phone":"+1 (847) 416-2728", "address":"855 Hinsdale Street, Trail, Montana, 1163", "about":"Est mollit reprehenderit eu adipisicing pariatur commodo non eu consectetur exercitation anim. Deserunt nostrud et in id. Aliqua labore anim ipsum sit sit enim in aliquip. Sit sit Lorem amet aliquip ullamco ea proident elit. Magna eiusmod culpa veniam enim et veniam laboris veniam nisi velit nulla.\r\n", "registered":"2015-02-27T10:40:57 -07:00", "latitude":-16.935338, "longitude":117.037954, "tags":["nulla", "enim", "qui", "ullamco", "officia", "sit", "ut"], "friends":[{"id":0, "name":"Kaitlin Carver"}, {"id":1, "name":"Reyna Holden"}, {"id":2, "name":"Haley Wilkerson"}], "greeting":"Hello, Cochran Henry! You have 6 unread messages.", "favoriteFruit":"apple"}