{"_id":"55e8b8c6db3cf1d954b30aaf", "index":1022, "guid":"49304769-4461-4767-a2f8-db5476b614b8", "isActive":false, "balance":"$9,948.60", "picture":"http://placehold.it/32x32", "age":28, "eyeColor":"brown", "name":"Kristen Ramirez", "gender":"female", "company":"TROPOLI", "email":"kristenramirez@tropoli.com", "phone":"+1 (936) 492-2016", "address":"315 Bartlett Street, Maury, Colorado, 3037", "about":"Elit aliquip velit magna fugiat elit incididunt. Qui quis enim commodo nisi sint anim ipsum aliquip velit enim ad nostrud. Nostrud proident Lorem sint eiusmod.\r\n", "registered":"2014-09-06T06:58:35 -07:00", "latitude":-26.031012, "longitude":22.628291, "tags":["ea", "tempor", "labore", "ea", "consequat", "reprehenderit", "laboris"], "friends":[{"id":0, "name":"Rosetta Chandler"}, {"id":1, "name":"Amelia Sosa"}, {"id":2, "name":"Huffman Joyner"}], "greeting":"Hello, Kristen Ramirez! You have 8 unread messages.", "favoriteFruit":"banana"}