{"_id":"55e8b8c68b1101b785234106", "index":1053, "guid":"13b016fb-f975-4407-80ef-332de4bc5c99", "isActive":true, "balance":"$8,347.18", "picture":"http://placehold.it/32x32", "age":22, "eyeColor":"green", "name":"Guerrero Roberson", "gender":"male", "company":"TERASCAPE", "email":"guerreroroberson@terascape.com", "phone":"+1 (877) 408-3473", "address":"849 Canda Avenue, Harmon, Oklahoma, 1626", "about":"Culpa sunt occaecat esse eiusmod eiusmod sit sunt ex esse eiusmod duis quis consectetur. Pariatur cupidatat sit ad voluptate fugiat non cillum minim ex est ullamco dolor. Ipsum non cupidatat qui dolore in sint cupidatat. Ad duis nulla fugiat non sunt veniam qui consectetur. Deserunt dolor dolore reprehenderit sunt consectetur laborum dolor quis cupidatat laborum exercitation.\r\n", "registered":"2015-03-17T11:25:28 -07:00", "latitude":-66.934992, "longitude":-55.060493, "tags":["dolore", "Lorem", "occaecat", "laboris", "ea", "pariatur", "consequat"], "friends":[{"id":0, "name":"Everett Wise"}, {"id":1, "name":"Lula Bradshaw"}, {"id":2, "name":"Jefferson Hurley"}], "greeting":"Hello, Guerrero Roberson! You have 8 unread messages.", "favoriteFruit":"apple"}