{"_id":"55e8b8c6956db29ee6deb12b", "index":1023, "guid":"79efb3c5-b88e-4e73-bac6-098a2315cac6", "isActive":true, "balance":"$3,343.31", "picture":"http://placehold.it/32x32", "age":40, "eyeColor":"brown", "name":"Ashlee Suarez", "gender":"female", "company":"COMVENE", "email":"ashleesuarez@comvene.com", "phone":"+1 (997) 443-3016", "address":"364 Atlantic Avenue, Lowgap, Arkansas, 8271", "about":"Ex adipisicing ad officia cillum aliquip. Ullamco non ipsum officia eu amet irure aliquip ea sunt. Anim et voluptate nostrud anim sint est id aliqua cupidatat cupidatat ut aute deserunt occaecat. Labore quis consequat exercitation exercitation cillum aliquip amet do labore proident dolore exercitation aliquip. Nulla amet tempor nostrud amet non quis culpa. Ex adipisicing velit ullamco commodo exercitation incididunt id minim veniam labore ex proident est. Enim incididunt in duis incididunt.\r\n", "registered":"2015-07-08T10:27:46 -07:00", "latitude":22.346042, "longitude":-65.697186, "tags":["pariatur", "adipisicing", "consequat", "enim", "aliqua", "aliqua", "velit"], "friends":[{"id":0, "name":"Saunders Huffman"}, {"id":1, "name":"Bridgette Holman"}, {"id":2, "name":"Victoria Baird"}], "greeting":"Hello, Ashlee Suarez! You have 8 unread messages.", "favoriteFruit":"apple"}