{"_id":"55e8b8c6c921c89ca1d8220b", "index":1403, "guid":"08db86ff-61dc-4dad-ac5e-cdb7ef589efb", "isActive":false, "balance":"$4,535.98", "picture":"http://placehold.it/32x32", "age":29, "eyeColor":"green", "name":"Tyler Nash", "gender":"male", "company":"QUALITEX", "email":"tylernash@qualitex.com", "phone":"+1 (904) 472-2905", "address":"673 Gerald Court, Waikele, Wisconsin, 3448", "about":"Elit in incididunt ut mollit commodo fugiat ad laboris. Enim tempor non exercitation anim magna esse laboris exercitation id. Cillum id excepteur ut do dolor ea cillum anim minim officia exercitation consectetur eiusmod.\r\n", "registered":"2014-02-27T10:02:27 -07:00", "latitude":10.290151, "longitude":39.771074, "tags":["voluptate", "nisi", "ad", "ex", "sunt", "fugiat", "proident"], "friends":[{"id":0, "name":"Faith Hopper"}, {"id":1, "name":"Robertson Russo"}, {"id":2, "name":"Wallace Poole"}], "greeting":"Hello, Tyler Nash! You have 4 unread messages.", "favoriteFruit":"strawberry"}