{"_id":"55e8b8c65c99c78798c4945f", "index":1209, "guid":"6499080a-b908-4b0c-b721-63edf2507c68", "isActive":false, "balance":"$1,218.25", "picture":"http://placehold.it/32x32", "age":25, "eyeColor":"brown", "name":"Barbra Baxter", "gender":"female", "company":"AQUASURE", "email":"barbrabaxter@aquasure.com", "phone":"+1 (981) 588-2687", "address":"410 Herkimer Court, Delco, New Hampshire, 2516", "about":"Deserunt qui qui aute eu adipisicing exercitation eu. Labore sunt nostrud velit eiusmod eu dolor eu adipisicing labore nostrud ipsum officia. Ut ipsum id veniam veniam eu. Sit ex tempor cupidatat ut ea consequat enim ad exercitation elit aute commodo. Duis minim incididunt est deserunt voluptate aliquip qui. Est ex labore mollit aliqua adipisicing Lorem laboris dolor et eiusmod.\r\n", "registered":"2014-08-19T09:36:53 -07:00", "latitude":58.952033, "longitude":150.371649, "tags":["dolor", "voluptate", "incididunt", "in", "pariatur", "tempor", "ea"], "friends":[{"id":0, "name":"Alexander Wooten"}, {"id":1, "name":"Clayton Clark"}, {"id":2, "name":"Stephenson Crane"}], "greeting":"Hello, Barbra Baxter! You have 6 unread messages.", "favoriteFruit":"banana"}