{"_id":"55e8b8c6f6231662c29e104a", "index":1362, "guid":"fd0986c0-049f-46ee-82ba-95aa6bd3bd9f", "isActive":true, "balance":"$6,659.73", "picture":"http://placehold.it/32x32", "age":32, "eyeColor":"blue", "name":"Wise Norman", "gender":"male", "company":"FLOTONIC", "email":"wisenorman@flotonic.com", "phone":"+1 (869) 436-3988", "address":"351 Atkins Avenue, Harold, Utah, 8233", "about":"Veniam do amet laborum pariatur anim et incididunt ipsum cupidatat aliquip veniam. Pariatur elit incididunt tempor pariatur eiusmod. Dolore mollit dolor do elit ullamco cillum anim do veniam enim quis ipsum. Est nisi ullamco voluptate enim officia veniam amet cillum. Officia ea consequat exercitation dolore esse fugiat culpa laboris. Amet magna consectetur ullamco duis incididunt.\r\n", "registered":"2014-12-05T04:28:36 -07:00", "latitude":-43.879201, "longitude":143.91748, "tags":["quis", "officia", "sunt", "nulla", "ut", "aliquip", "irure"], "friends":[{"id":0, "name":"Lancaster Britt"}, {"id":1, "name":"Eileen Frazier"}, {"id":2, "name":"Hart Cotton"}], "greeting":"Hello, Wise Norman! You have 1 unread messages.", "favoriteFruit":"apple"}