{"_id":"55e8b8c69f99456ade591dbb", "index":1282, "guid":"562cdbf4-a169-4595-889f-52f8175d1a13", "isActive":false, "balance":"$1,035.04", "picture":"http://placehold.it/32x32", "age":23, "eyeColor":"green", "name":"Kristina Barr", "gender":"female", "company":"TELEQUIET", "email":"kristinabarr@telequiet.com", "phone":"+1 (965) 519-3928", "address":"943 Orange Street, Cliffside, Kansas, 6686", "about":"Velit proident irure dolore dolor occaecat velit aliqua nisi consequat duis elit mollit ex. Aliqua eiusmod adipisicing Lorem pariatur aute elit nulla culpa consectetur reprehenderit. Sunt consectetur ea velit sunt sit pariatur nisi veniam sit excepteur minim magna voluptate. Reprehenderit nostrud voluptate ut aliquip eiusmod amet nostrud nostrud elit labore non. Lorem nostrud anim ullamco in occaecat tempor irure quis elit culpa est nulla deserunt laboris.\r\n", "registered":"2015-08-27T04:30:58 -07:00", "latitude":-19.879453, "longitude":173.573227, "tags":["deserunt", "labore", "non", "in", "sunt", "veniam", "proident"], "friends":[{"id":0, "name":"Pugh Navarro"}, {"id":1, "name":"Cobb Horn"}, {"id":2, "name":"Brown Lucas"}], "greeting":"Hello, Kristina Barr! You have 10 unread messages.", "favoriteFruit":"apple"}