{"_id":"55e8b8c6da11e415ab17110c", "index":1041, "guid":"09db8cce-d879-4f3f-80ad-ad172ceb95d3", "isActive":true, "balance":"$9,392.39", "picture":"http://placehold.it/32x32", "age":28, "eyeColor":"blue", "name":"Justine Prince", "gender":"female", "company":"ENDIPINE", "email":"justineprince@endipine.com", "phone":"+1 (980) 461-2718", "address":"673 Belmont Avenue, Sattley, New Mexico, 775", "about":"Aliqua non anim ut Lorem aliquip et cillum commodo deserunt consectetur ullamco. Cillum consequat non esse aliqua ea ullamco voluptate sunt mollit elit mollit mollit anim ut. Sint fugiat culpa id officia. Et irure magna deserunt sit aute reprehenderit laborum. Deserunt labore amet qui excepteur quis minim velit exercitation deserunt cillum commodo deserunt laboris. Excepteur proident officia irure nostrud aute consequat laborum est Lorem ex aute eiusmod aliqua.\r\n", "registered":"2014-06-25T08:59:32 -07:00", "latitude":11.682986, "longitude":-127.027224, "tags":["aute", "deserunt", "et", "et", "minim", "adipisicing", "fugiat"], "friends":[{"id":0, "name":"Cecile Kerr"}, {"id":1, "name":"Nichole Lowery"}, {"id":2, "name":"Mcpherson Eaton"}], "greeting":"Hello, Justine Prince! You have 10 unread messages.", "favoriteFruit":"apple"}