{"_id":"55e8b8c67b20887c23acbaef", "index":103, "guid":"5a4749d8-9af5-4fe3-ac73-cdb13ce06ef9", "isActive":true, "balance":"$7,676.34", "picture":"http://placehold.it/32x32", "age":29, "eyeColor":"blue", "name":"Lakeisha Patrick", "gender":"female", "company":"EMPIRICA", "email":"lakeishapatrick@empirica.com", "phone":"+1 (909) 422-3080", "address":"693 Loring Avenue, Highland, Montana, 3182", "about":"Officia incididunt est enim irure velit. Aute sunt nisi adipisicing aliqua nisi proident nostrud ea irure magna ex. Sint anim elit excepteur consequat dolor et pariatur officia laboris. Voluptate fugiat fugiat id ex officia deserunt. Nisi enim pariatur ad exercitation. Do ipsum cupidatat est ullamco elit.\r\n", "registered":"2014-12-17T12:08:42 -07:00", "latitude":-81.38101, "longitude":-10.195258, "tags":["et", "sit", "ipsum", "aute", "amet", "exercitation", "ut"], "friends":[{"id":0, "name":"Lorie Garcia"}, {"id":1, "name":"Eaton Paul"}, {"id":2, "name":"Grant Preston"}], "greeting":"Hello, Lakeisha Patrick! You have 2 unread messages.", "favoriteFruit":"apple"}