{"_id":"55e8b8c6ffa5bfa758963ab2", "index":1057, "guid":"64276bb2-3898-4ef6-9f41-bcfddc0dcb9d", "isActive":true, "balance":"$9,927.60", "picture":"http://placehold.it/32x32", "age":31, "eyeColor":"green", "name":"Verna Phelps", "gender":"female", "company":"XELEGYL", "email":"vernaphelps@xelegyl.com", "phone":"+1 (952) 481-2355", "address":"672 Noll Street, Edinburg, Pennsylvania, 1444", "about":"Mollit voluptate quis et reprehenderit sunt. Enim deserunt duis ex enim et sint incididunt laboris. Aliquip cillum amet qui in cillum ex fugiat ad fugiat. Do incididunt nostrud ex cillum eu. Eu elit ipsum Lorem dolore dolore duis Lorem officia qui dolore. Tempor pariatur Lorem est commodo id in consequat. Aliqua sunt tempor voluptate dolor id dolor nostrud.\r\n", "registered":"2015-02-05T09:50:03 -07:00", "latitude":-35.371364, "longitude":166.214475, "tags":["ipsum", "qui", "non", "consequat", "commodo", "minim", "in"], "friends":[{"id":0, "name":"Le Shepherd"}, {"id":1, "name":"Harriet Everett"}, {"id":2, "name":"Alford Knapp"}], "greeting":"Hello, Verna Phelps! You have 10 unread messages.", "favoriteFruit":"strawberry"}