{"_id":"55e8b8c6b6d6b7135e103d5d", "index":1120, "guid":"4bd8636f-4150-4b32-a97a-ff530bb45a41", "isActive":true, "balance":"$1,229.37", "picture":"http://placehold.it/32x32", "age":32, "eyeColor":"brown", "name":"Louisa Hood", "gender":"female", "company":"FANGOLD", "email":"louisahood@fangold.com", "phone":"+1 (943) 509-2347", "address":"411 Herkimer Place, Barronett, Indiana, 8755", "about":"Esse minim sit dolore occaecat officia veniam eu minim minim ea aute elit nisi ipsum. Mollit sint nulla aliqua cillum anim qui qui tempor veniam deserunt ut. Est ipsum ullamco eu consequat Lorem veniam dolor.\r\n", "registered":"2015-08-11T06:10:28 -07:00", "latitude":85.747498, "longitude":-140.423589, "tags":["cupidatat", "sit", "laborum", "irure", "velit", "laborum", "nulla"], "friends":[{"id":0, "name":"Figueroa Shaw"}, {"id":1, "name":"Alejandra Rice"}, {"id":2, "name":"Agnes Huber"}], "greeting":"Hello, Louisa Hood! You have 4 unread messages.", "favoriteFruit":"apple"}