{"_id":"55e8b8c6cd7f98b9e419282a", "index":1432, "guid":"7129e92b-fcb6-4008-adbb-38841095e0b7", "isActive":true, "balance":"$5,020.63", "picture":"http://placehold.it/32x32", "age":25, "eyeColor":"green", "name":"Gregory Armstrong", "gender":"male", "company":"GEEKOSIS", "email":"gregoryarmstrong@geekosis.com", "phone":"+1 (862) 405-2413", "address":"531 Lawn Court, Loretto, Wyoming, 7013", "about":"Laborum elit sit ex culpa deserunt nisi velit proident labore eiusmod consectetur. Exercitation veniam aute id dolor esse. Exercitation proident in tempor aliqua est enim minim qui duis ea. Duis esse ex eu consequat duis Lorem occaecat culpa nulla officia. Esse nulla occaecat adipisicing consectetur cillum duis nostrud commodo id nulla nulla consequat aute. Laborum sint ad proident adipisicing proident nostrud aliqua commodo.\r\n", "registered":"2014-01-22T09:21:26 -07:00", "latitude":68.534856, "longitude":73.161162, "tags":["do", "Lorem", "aliqua", "laboris", "eu", "fugiat", "incididunt"], "friends":[{"id":0, "name":"Graham Hansen"}, {"id":1, "name":"Pittman Rush"}, {"id":2, "name":"Woods Justice"}], "greeting":"Hello, Gregory Armstrong! You have 3 unread messages.", "favoriteFruit":"strawberry"}