{"_id":"55e8b8c63c8117b3930ea538", "index":1124, "guid":"cab26a60-7fb7-4d42-9179-60ded8b13c62", "isActive":true, "balance":"$139.72", "picture":"http://placehold.it/32x32", "age":20, "eyeColor":"green", "name":"Wolf Tran", "gender":"male", "company":"ECOLIGHT", "email":"wolftran@ecolight.com", "phone":"+1 (907) 451-3810", "address":"569 Stoddard Place, Oneida, Northern Mariana Islands, 9405", "about":"Id veniam labore sunt dolor exercitation velit sint amet tempor mollit dolore qui. Aliqua incididunt consequat sit veniam. Pariatur proident ad labore non sit voluptate culpa consectetur commodo labore ex dolor incididunt pariatur. Duis laboris id commodo est dolor nostrud reprehenderit et magna. Sunt sunt minim ex laborum eu officia ullamco. Incididunt incididunt sint ipsum sint eiusmod adipisicing esse aliquip do anim.\r\n", "registered":"2014-08-21T08:40:07 -07:00", "latitude":6.760795, "longitude":-120.603553, "tags":["non", "amet", "reprehenderit", "laborum", "excepteur", "magna", "Lorem"], "friends":[{"id":0, "name":"Farmer William"}, {"id":1, "name":"Brock Blankenship"}, {"id":2, "name":"Estes Mason"}], "greeting":"Hello, Wolf Tran! You have 8 unread messages.", "favoriteFruit":"apple"}