{"_id":"55e8b8c673e37b9700ea0b78", "index":1039, "guid":"5ffd18e0-297f-4ba8-860f-dd94c35da5ec", "isActive":false, "balance":"$4,104.87", "picture":"http://placehold.it/32x32", "age":40, "eyeColor":"brown", "name":"Olga Christian", "gender":"female", "company":"NETROPIC", "email":"olgachristian@netropic.com", "phone":"+1 (963) 411-3141", "address":"775 Pleasant Place, Bonanza, Maine, 1936", "about":"Cillum ea ea aliquip reprehenderit eiusmod cillum ex ea. Pariatur ut excepteur tempor mollit et est mollit eu excepteur pariatur et dolore esse. Fugiat esse elit excepteur laborum laborum qui elit adipisicing labore quis cillum reprehenderit nostrud consectetur. Quis do aliquip consectetur id sunt cupidatat occaecat id dolor eu do. Aute id culpa do est ut.\r\n", "registered":"2014-02-04T01:49:10 -07:00", "latitude":-69.202232, "longitude":-110.279162, "tags":["proident", "laboris", "reprehenderit", "commodo", "reprehenderit", "aliquip", "sunt"], "friends":[{"id":0, "name":"Doyle English"}, {"id":1, "name":"Lawanda Sims"}, {"id":2, "name":"Perez Green"}], "greeting":"Hello, Olga Christian! You have 3 unread messages.", "favoriteFruit":"apple"}