{"_id":"55e8b8c6b7930b40de9be0f8", "index":129, "guid":"0d79eee7-372d-4d00-977c-9b7516922f14", "isActive":true, "balance":"$5,068.47", "picture":"http://placehold.it/32x32", "age":29, "eyeColor":"brown", "name":"Petty Drake", "gender":"male", "company":"KATAKANA", "email":"pettydrake@katakana.com", "phone":"+1 (860) 545-3736", "address":"543 Elliott Place, Woodruff, Pennsylvania, 7406", "about":"Fugiat exercitation sit aute nulla aute ex nostrud nostrud. Minim non anim tempor qui proident. Ut mollit et mollit est officia labore voluptate incididunt.\r\n", "registered":"2014-05-17T04:47:44 -07:00", "latitude":53.041514, "longitude":117.349759, "tags":["dolor", "nostrud", "et", "proident", "laborum", "et", "do"], "friends":[{"id":0, "name":"Maryann Moore"}, {"id":1, "name":"Christi Hill"}, {"id":2, "name":"Concepcion Kinney"}], "greeting":"Hello, Petty Drake! You have 7 unread messages.", "favoriteFruit":"apple"}