{"_id":"55e8b8c6c3cf953b64e6d830", "index":140, "guid":"cbcca6e6-7d25-4f80-8448-c1afbbb248d9", "isActive":false, "balance":"$3,271.14", "picture":"http://placehold.it/32x32", "age":34, "eyeColor":"blue", "name":"Jeannie Hobbs", "gender":"female", "company":"ACCUPRINT", "email":"jeanniehobbs@accuprint.com", "phone":"+1 (989) 463-3739", "address":"208 Woodside Avenue, Wakarusa, Palau, 7843", "about":"Excepteur anim voluptate mollit ad ullamco nostrud nostrud. Non amet mollit qui eiusmod sint officia ad. In do ipsum minim mollit cupidatat duis fugiat. Deserunt dolor et aliquip dolor nostrud ut eiusmod culpa.\r\n", "registered":"2015-03-08T12:03:27 -07:00", "latitude":6.590915, "longitude":-109.002179, "tags":["occaecat", "enim", "exercitation", "mollit", "adipisicing", "eu", "quis"], "friends":[{"id":0, "name":"Edwina Sanford"}, {"id":1, "name":"Fanny Reynolds"}, {"id":2, "name":"Baker Jensen"}], "greeting":"Hello, Jeannie Hobbs! You have 2 unread messages.", "favoriteFruit":"banana"}