{"_id":"55e8b8c6856614d3467eedbb", "index":1211, "guid":"7289c24c-89ba-4d17-9e56-5588dfa78866", "isActive":false, "balance":"$780.85", "picture":"http://placehold.it/32x32", "age":38, "eyeColor":"blue", "name":"Robyn Guerra", "gender":"female", "company":"ZOSIS", "email":"robynguerra@zosis.com", "phone":"+1 (941) 435-2764", "address":"461 Provost Street, Norvelt, Delaware, 449", "about":"Anim laborum id elit ipsum ea ea aliquip consequat veniam. Magna sint incididunt dolore occaecat. Id aliquip sint irure nulla labore ad aliqua tempor consequat elit occaecat. Exercitation enim reprehenderit exercitation esse. Officia qui magna proident officia. Ex nisi non exercitation anim elit anim incididunt et incididunt et incididunt id.\r\n", "registered":"2014-06-05T11:52:18 -07:00", "latitude":-63.81637, "longitude":90.186676, "tags":["Lorem", "qui", "ipsum", "in", "laboris", "adipisicing", "nostrud"], "friends":[{"id":0, "name":"Turner Mccarty"}, {"id":1, "name":"Autumn Simon"}, {"id":2, "name":"Craft Davis"}], "greeting":"Hello, Robyn Guerra! You have 8 unread messages.", "favoriteFruit":"strawberry"}