{"_id":"55e8b8c6c993b05e6acce6a2", "index":1359, "guid":"e7f1afe3-ae96-4e05-a262-9cc16cb2611e", "isActive":false, "balance":"$5,889.05", "picture":"http://placehold.it/32x32", "age":39, "eyeColor":"green", "name":"Vargas Slater", "gender":"male", "company":"BRAINCLIP", "email":"vargasslater@brainclip.com", "phone":"+1 (956) 404-2453", "address":"912 Oliver Street, Rockhill, Texas, 545", "about":"Cupidatat adipisicing ullamco velit do commodo cupidatat minim deserunt. Consequat id eu amet mollit irure ad. Mollit nulla laborum nostrud amet dolore mollit ut ea veniam magna ut exercitation aliqua occaecat.\r\n", "registered":"2014-11-07T02:38:25 -07:00", "latitude":-25.101675, "longitude":28.678542, "tags":["cupidatat", "qui", "exercitation", "reprehenderit", "officia", "ex", "est"], "friends":[{"id":0, "name":"Roman Dixon"}, {"id":1, "name":"Evangeline Erickson"}, {"id":2, "name":"Tammi Cantu"}], "greeting":"Hello, Vargas Slater! You have 6 unread messages.", "favoriteFruit":"banana"}