{"_id":"55e8b8c64e6b73c8889d340c", "index":1439, "guid":"a63b8519-21dc-4939-a12a-e65c6fda3455", "isActive":true, "balance":"$6,715.96", "picture":"http://placehold.it/32x32", "age":39, "eyeColor":"brown", "name":"Diana Wood", "gender":"female", "company":"EVIDENDS", "email":"dianawood@evidends.com", "phone":"+1 (960) 570-2683", "address":"619 Essex Street, Alden, Iowa, 1414", "about":"Cupidatat eu eiusmod eiusmod pariatur cillum deserunt enim velit aute non incididunt et consectetur. Ullamco incididunt sit sunt mollit irure incididunt ipsum ut magna duis est commodo nostrud ipsum. Veniam adipisicing qui tempor laborum duis qui eiusmod. Id id labore anim adipisicing do labore ad tempor.\r\n", "registered":"2014-10-07T07:18:08 -07:00", "latitude":10.106112, "longitude":-80.066547, "tags":["aliquip", "veniam", "veniam", "fugiat", "excepteur", "commodo", "ipsum"], "friends":[{"id":0, "name":"Whitley Knowles"}, {"id":1, "name":"Tamra Berger"}, {"id":2, "name":"Madelyn Hogan"}], "greeting":"Hello, Diana Wood! You have 7 unread messages.", "favoriteFruit":"banana"}