{"_id":"55e8b8c6672ecfeeb687dd04", "index":1334, "guid":"e00a3e38-dc4d-49a3-aa66-c9b4cf9ec0ce", "isActive":false, "balance":"$4,817.75", "picture":"http://placehold.it/32x32", "age":26, "eyeColor":"brown", "name":"Janis Bruce", "gender":"female", "company":"THREDZ", "email":"janisbruce@thredz.com", "phone":"+1 (999) 485-2786", "address":"507 Rockwell Place, Ogema, Maryland, 9524", "about":"Anim voluptate qui reprehenderit ipsum reprehenderit id. Nisi cupidatat reprehenderit duis fugiat fugiat eu elit nisi consectetur exercitation ullamco amet. Veniam officia et et nostrud ullamco.\r\n", "registered":"2014-01-26T01:53:08 -07:00", "latitude":-82.320551, "longitude":-95.203542, "tags":["non", "fugiat", "id", "aliqua", "sit", "velit", "culpa"], "friends":[{"id":0, "name":"Joyce Graves"}, {"id":1, "name":"Dorothea Hancock"}, {"id":2, "name":"Pat Campbell"}], "greeting":"Hello, Janis Bruce! You have 3 unread messages.", "favoriteFruit":"apple"}