{"_id":"55e8b8c685e444be6a252f5a", "index":1186, "guid":"75ab21d4-3a16-48f5-a49f-c26badeac8e4", "isActive":true, "balance":"$3,088.76", "picture":"http://placehold.it/32x32", "age":23, "eyeColor":"blue", "name":"Aguilar Haley", "gender":"male", "company":"BLANET", "email":"aguilarhaley@blanet.com", "phone":"+1 (947) 566-2726", "address":"741 Willow Street, Calpine, Tennessee, 2289", "about":"Dolor eu amet quis pariatur. Consectetur anim dolor velit tempor laboris laborum nostrud esse do Lorem aliquip ullamco ex culpa. In velit veniam eu labore amet aliqua ut exercitation est incididunt proident do aliqua pariatur. Nulla amet anim aliquip sint. Nostrud enim eu fugiat minim do laboris occaecat minim qui. Dolore dolore nulla cupidatat excepteur irure nisi tempor occaecat nulla irure ad esse ullamco ipsum. Consequat nostrud voluptate eiusmod ad quis nisi duis laboris commodo commodo adipisicing fugiat tempor.\r\n", "registered":"2015-05-20T05:21:49 -07:00", "latitude":80.176163, "longitude":-130.625301, "tags":["ad", "in", "deserunt", "ea", "sit", "mollit", "aliqua"], "friends":[{"id":0, "name":"Julie Torres"}, {"id":1, "name":"Hickman Delaney"}, {"id":2, "name":"Shannon Church"}], "greeting":"Hello, Aguilar Haley! You have 5 unread messages.", "favoriteFruit":"apple"}