{"_id":"55e8b8c61bb432210569114b", "index":1341, "guid":"3e5a95c2-951e-46f8-9644-7bec0b068d23", "isActive":false, "balance":"$4,351.52", "picture":"http://placehold.it/32x32", "age":35, "eyeColor":"brown", "name":"Tisha Roach", "gender":"female", "company":"CUBIX", "email":"tisharoach@cubix.com", "phone":"+1 (864) 480-3164", "address":"805 Rapelye Street, Chaparrito, Illinois, 5749", "about":"Consequat pariatur veniam enim fugiat esse exercitation aliqua cupidatat laboris incididunt. Est tempor esse commodo ea voluptate nostrud nostrud ex ut. Dolor ex eu ex sint commodo ex occaecat minim.\r\n", "registered":"2015-07-31T06:41:18 -07:00", "latitude":-14.305544, "longitude":-115.080554, "tags":["excepteur", "in", "velit", "irure", "exercitation", "ipsum", "Lorem"], "friends":[{"id":0, "name":"Floyd Fields"}, {"id":1, "name":"Anthony Waters"}, {"id":2, "name":"Margarita Mills"}], "greeting":"Hello, Tisha Roach! You have 4 unread messages.", "favoriteFruit":"apple"}