{"_id":"55e8b8c6766d3ac5ae35526b", "index":1146, "guid":"84b5f065-0e2d-454c-b4f3-3f0b683f0880", "isActive":true, "balance":"$774.79", "picture":"http://placehold.it/32x32", "age":40, "eyeColor":"green", "name":"Flossie Cole", "gender":"female", "company":"TRI@TRIBALOG", "email":"flossiecole@tri@tribalog.com", "phone":"+1 (803) 474-2680", "address":"559 Will Place, Rockbridge, Alaska, 8769", "about":"In et deserunt exercitation ex amet exercitation commodo sunt occaecat ex. Ut ipsum ea incididunt laboris amet est excepteur ex cupidatat et. Excepteur do irure enim aute anim culpa elit elit. Incididunt elit irure consequat ut. Enim et labore proident non adipisicing ullamco mollit. Pariatur eu exercitation adipisicing Lorem amet est voluptate cillum cillum enim in eiusmod pariatur. Do proident ex minim est cupidatat cupidatat eu exercitation.\r\n", "registered":"2015-05-07T10:56:28 -07:00", "latitude":-56.073004, "longitude":-16.686854, "tags":["dolor", "est", "ad", "cupidatat", "mollit", "excepteur", "aliqua"], "friends":[{"id":0, "name":"Snyder Brennan"}, {"id":1, "name":"Cote Mcmillan"}, {"id":2, "name":"Brandi Ray"}], "greeting":"Hello, Flossie Cole! You have 3 unread messages.", "favoriteFruit":"banana"}