{"_id":"55e8b8c65796751bdf46989e", "index":1235, "guid":"c7a1d74c-5adc-40e6-87c0-5acf0126a5ae", "isActive":true, "balance":"$4,363.03", "picture":"http://placehold.it/32x32", "age":33, "eyeColor":"green", "name":"Adrian Miller", "gender":"female", "company":"MAGNAFONE", "email":"adrianmiller@magnafone.com", "phone":"+1 (840) 545-2406", "address":"340 Cranberry Street, Calvary, Vermont, 5940", "about":"Lorem aliqua sunt qui fugiat enim consequat sit enim anim nisi magna quis. Consequat nulla et id consectetur dolore fugiat tempor. Exercitation ad elit ea officia reprehenderit do officia excepteur. Consectetur consequat consectetur enim proident anim Lorem id voluptate sint ex tempor exercitation amet. Id ut minim laborum cillum ea culpa ut minim nulla aliqua veniam adipisicing. Exercitation nostrud ex laborum aliqua sint.\r\n", "registered":"2014-09-04T03:34:09 -07:00", "latitude":-48.64235, "longitude":11.572039, "tags":["exercitation", "labore", "incididunt", "eu", "pariatur", "commodo", "veniam"], "friends":[{"id":0, "name":"Stout Holmes"}, {"id":1, "name":"Fry Massey"}, {"id":2, "name":"Marcie Valencia"}], "greeting":"Hello, Adrian Miller! You have 5 unread messages.", "favoriteFruit":"apple"}