{"_id":"55e8b8c61cb08bbbdefe0c9e", "index":138, "guid":"b210c6e7-294f-4f62-bcc3-c5a47e78f22d", "isActive":false, "balance":"$1,905.40", "picture":"http://placehold.it/32x32", "age":29, "eyeColor":"green", "name":"Torres Merrill", "gender":"male", "company":"VELOS", "email":"torresmerrill@velos.com", "phone":"+1 (898) 595-2472", "address":"560 Harrison Avenue, Vernon, Northern Mariana Islands, 9313", "about":"Veniam magna adipisicing reprehenderit esse esse id irure eiusmod excepteur quis. Nulla cupidatat magna reprehenderit cillum ex nulla nisi pariatur est et. Culpa velit do tempor proident sunt culpa est aliqua Lorem irure cillum. Ut aute veniam reprehenderit nostrud. Dolore commodo ea eu sint. Voluptate labore tempor sunt do ut. Consectetur nostrud Lorem commodo voluptate non.\r\n", "registered":"2015-06-01T12:10:17 -07:00", "latitude":-25.523568, "longitude":28.653243, "tags":["aute", "sunt", "id", "adipisicing", "ad", "aliquip", "velit"], "friends":[{"id":0, "name":"Nancy Kemp"}, {"id":1, "name":"Gaines Sweeney"}, {"id":2, "name":"Gretchen Hodge"}], "greeting":"Hello, Torres Merrill! You have 8 unread messages.", "favoriteFruit":"strawberry"}