{"_id":"55e8b8c60975fe75f7bc92e5", "index":1366, "guid":"aa62d98d-1929-4782-ad12-f337c9bdf2f3", "isActive":true, "balance":"$661.92", "picture":"http://placehold.it/32x32", "age":32, "eyeColor":"blue", "name":"Kathrine Grant", "gender":"female", "company":"LETPRO", "email":"kathrinegrant@letpro.com", "phone":"+1 (866) 550-3944", "address":"946 Lorimer Street, Edgar, New Jersey, 9661", "about":"Cupidatat id amet ad laboris incididunt laborum ullamco anim officia non do. Nostrud id eiusmod laboris dolor excepteur dolor fugiat et et ullamco dolor. Mollit commodo culpa elit et dolore.\r\n", "registered":"2014-06-19T12:21:54 -07:00", "latitude":14.71762, "longitude":-126.847725, "tags":["culpa", "aute", "in", "laborum", "veniam", "dolore", "sit"], "friends":[{"id":0, "name":"Howell Lindsay"}, {"id":1, "name":"Lindsay Clayton"}, {"id":2, "name":"Phoebe Vang"}], "greeting":"Hello, Kathrine Grant! You have 9 unread messages.", "favoriteFruit":"strawberry"}