{"_id":"55e8b8c61e5476d6a70525ab", "index":1381, "guid":"27dc8a31-3b9e-4384-abd1-fc3ea463984a", "isActive":false, "balance":"$1,095.50", "picture":"http://placehold.it/32x32", "age":23, "eyeColor":"green", "name":"Blanche Kaufman", "gender":"female", "company":"HANDSHAKE", "email":"blanchekaufman@handshake.com", "phone":"+1 (867) 530-3813", "address":"136 Post Court, Harborton, Iowa, 8369", "about":"Officia dolore sunt deserunt cillum commodo dolore laboris cillum exercitation duis consequat in. Esse cupidatat nulla qui et excepteur adipisicing adipisicing consequat ex dolor aliquip dolor. Sunt nulla esse esse cupidatat fugiat velit sint ipsum consequat.\r\n", "registered":"2014-11-29T03:03:18 -07:00", "latitude":19.450704, "longitude":-91.480472, "tags":["est", "cillum", "duis", "tempor", "eu", "esse", "amet"], "friends":[{"id":0, "name":"Copeland Gordon"}, {"id":1, "name":"Dejesus Lee"}, {"id":2, "name":"Ware Stone"}], "greeting":"Hello, Blanche Kaufman! You have 10 unread messages.", "favoriteFruit":"apple"}