{"_id":"55e8b8c606043cfc1c6d91cc", "index":1407, "guid":"9f867421-4545-4a2d-b506-1c9f7d7520cd", "isActive":false, "balance":"$9,405.08", "picture":"http://placehold.it/32x32", "age":28, "eyeColor":"brown", "name":"Alison Perez", "gender":"female", "company":"RONBERT", "email":"alisonperez@ronbert.com", "phone":"+1 (874) 550-3396", "address":"738 Woodhull Street, Bangor, Massachusetts, 3874", "about":"Labore deserunt consequat Lorem laborum culpa dolore reprehenderit exercitation ea irure magna. Do ex sint dolor sint voluptate dolore duis consectetur do adipisicing et ea. Amet velit et consectetur consectetur ullamco id pariatur esse eiusmod velit enim dolore consequat. Duis officia aliquip cupidatat dolore. Lorem tempor aute anim consectetur.\r\n", "registered":"2014-05-29T12:12:23 -07:00", "latitude":-66.12461, "longitude":-45.141853, "tags":["commodo", "ipsum", "sint", "nulla", "sunt", "excepteur", "exercitation"], "friends":[{"id":0, "name":"Burt Lowe"}, {"id":1, "name":"Dickson Howell"}, {"id":2, "name":"Rose Davidson"}], "greeting":"Hello, Alison Perez! You have 6 unread messages.", "favoriteFruit":"banana"}