{"_id":"55e8b8c645f6cd838178dc02", "index":1021, "guid":"d588ead8-f7b8-4cdd-899d-f78961bdac73", "isActive":false, "balance":"$4,109.02", "picture":"http://placehold.it/32x32", "age":29, "eyeColor":"blue", "name":"Rita Levy", "gender":"female", "company":"LEXICONDO", "email":"ritalevy@lexicondo.com", "phone":"+1 (988) 531-2961", "address":"218 Dodworth Street, Waiohinu, New York, 8865", "about":"Occaecat incididunt do enim est amet adipisicing incididunt cillum amet veniam voluptate. Magna enim mollit duis aute do amet duis esse est dolor amet. Nulla sint nulla exercitation eiusmod. Officia culpa ipsum pariatur sint exercitation id enim non ad dolor do duis voluptate.\r\n", "registered":"2015-08-03T11:36:47 -07:00", "latitude":-62.288587, "longitude":146.106619, "tags":["ea", "cillum", "incididunt", "eiusmod", "laborum", "nisi", "eu"], "friends":[{"id":0, "name":"Socorro Rivera"}, {"id":1, "name":"Antonia Browning"}, {"id":2, "name":"Good Sheppard"}], "greeting":"Hello, Rita Levy! You have 4 unread messages.", "favoriteFruit":"apple"}