{"_id":"55e8b8c6090f8e297499e30b", "index":1012, "guid":"2711ab77-ccb5-4a00-895a-fd740f689006", "isActive":false, "balance":"$2,579.46", "picture":"http://placehold.it/32x32", "age":32, "eyeColor":"blue", "name":"Vinson Hatfield", "gender":"male", "company":"ZOINAGE", "email":"vinsonhatfield@zoinage.com", "phone":"+1 (928) 486-2010", "address":"420 Johnson Street, Jessie, Tennessee, 1639", "about":"Dolore ea laboris sunt dolore qui mollit do cillum aliqua. Excepteur est incididunt ut eiusmod irure laborum reprehenderit velit ad et excepteur enim. Pariatur sit et dolore duis nisi nostrud sit sit voluptate voluptate eiusmod. Nulla officia eiusmod Lorem ipsum mollit ut reprehenderit sit consequat. Officia consequat sit tempor eu aliquip esse aliquip dolore excepteur eu deserunt.\r\n", "registered":"2014-10-24T04:26:46 -07:00", "latitude":-6.005753, "longitude":-16.306758, "tags":["eiusmod", "laborum", "aliqua", "occaecat", "aute", "ipsum", "non"], "friends":[{"id":0, "name":"Shirley Fernandez"}, {"id":1, "name":"Ayers Fischer"}, {"id":2, "name":"Mendez Henderson"}], "greeting":"Hello, Vinson Hatfield! You have 1 unread messages.", "favoriteFruit":"banana"}