{"_id":"55e8b8c6c950c95fe4078282", "index":1368, "guid":"86bffd5a-e92d-4319-bfac-7a0e46f4b52e", "isActive":false, "balance":"$5,341.84", "picture":"http://placehold.it/32x32", "age":27, "eyeColor":"brown", "name":"Fitzgerald Gill", "gender":"male", "company":"KINETICUT", "email":"fitzgeraldgill@kineticut.com", "phone":"+1 (965) 422-3378", "address":"474 Ryerson Street, Rosine, Arizona, 4116", "about":"Lorem pariatur magna laborum culpa occaecat duis ex in labore. Minim enim do fugiat pariatur do laboris est quis duis velit dolor. Id occaecat aliquip cupidatat enim aliqua pariatur velit aute. Proident mollit laborum sunt sit aliquip ex in aute labore dolor. Exercitation pariatur nisi irure esse fugiat aute. Ut ullamco voluptate in veniam cupidatat ipsum ullamco fugiat sint commodo aute non.\r\n", "registered":"2014-07-08T11:41:56 -07:00", "latitude":-63.950101, "longitude":-77.432235, "tags":["nulla", "excepteur", "veniam", "dolor", "proident", "fugiat", "sint"], "friends":[{"id":0, "name":"Norma Vasquez"}, {"id":1, "name":"Gabrielle Melendez"}, {"id":2, "name":"Roseann Fletcher"}], "greeting":"Hello, Fitzgerald Gill! You have 8 unread messages.", "favoriteFruit":"strawberry"}