{"_id":"55e8b8c605799b56a919fe3b", "index":1210, "guid":"ce597edc-1880-4ba2-a5f8-912ae629be08", "isActive":false, "balance":"$5,760.61", "picture":"http://placehold.it/32x32", "age":24, "eyeColor":"brown", "name":"Mandy Parrish", "gender":"female", "company":"TUBALUM", "email":"mandyparrish@tubalum.com", "phone":"+1 (818) 461-3153", "address":"112 Sedgwick Place, Galesville, Louisiana, 6138", "about":"Commodo Lorem minim ea non eu pariatur aliqua nostrud aliquip cillum elit amet anim. Ullamco dolore laborum elit irure laborum eu est. Occaecat aute officia anim minim irure quis culpa sint non culpa.\r\n", "registered":"2014-09-16T01:51:20 -07:00", "latitude":-29.376892, "longitude":-8.716731, "tags":["fugiat", "minim", "veniam", "laboris", "consectetur", "et", "minim"], "friends":[{"id":0, "name":"Patterson Baker"}, {"id":1, "name":"Denise Schmidt"}, {"id":2, "name":"Fowler Bates"}], "greeting":"Hello, Mandy Parrish! You have 9 unread messages.", "favoriteFruit":"strawberry"}