{"_id":"55e8b8c6973c4f94f818386d", "index":1420, "guid":"3736d088-2b42-4b10-b351-55c9f477b618", "isActive":true, "balance":"$5,462.20", "picture":"http://placehold.it/32x32", "age":31, "eyeColor":"brown", "name":"Bernadine Barry", "gender":"female", "company":"CEPRENE", "email":"bernadinebarry@ceprene.com", "phone":"+1 (846) 527-3979", "address":"115 Kenmore Terrace, Lopezo, Utah, 9268", "about":"Ad eiusmod mollit anim incididunt exercitation amet. Ea cupidatat anim irure anim ipsum non eu labore nulla do enim in cillum. Sint eiusmod reprehenderit tempor ex dolore voluptate et aliquip voluptate aliquip ut elit eiusmod labore.\r\n", "registered":"2015-03-13T04:52:14 -07:00", "latitude":-62.123501, "longitude":-54.61022, "tags":["reprehenderit", "consequat", "non", "esse", "dolor", "eu", "quis"], "friends":[{"id":0, "name":"Medina Simpson"}, {"id":1, "name":"Carney Bond"}, {"id":2, "name":"Merrill Mcpherson"}], "greeting":"Hello, Bernadine Barry! You have 3 unread messages.", "favoriteFruit":"strawberry"}