{"_id":"55e8b8c68f4ae107346dd749", "index":1353, "guid":"3bfd30f8-a4b7-41c0-b9e8-c18ca293a7ab", "isActive":true, "balance":"$5,846.50", "picture":"http://placehold.it/32x32", "age":26, "eyeColor":"green", "name":"Susana Weiss", "gender":"female", "company":"QOT", "email":"susanaweiss@qot.com", "phone":"+1 (844) 568-3735", "address":"569 Forbell Street, Frizzleburg, Oregon, 5538", "about":"Irure nostrud ea dolor duis sunt do. Dolore dolor proident minim voluptate id ad veniam ex ea. Do esse incididunt ea sit nulla culpa. Sint laboris irure officia incididunt dolore laboris nostrud commodo. Officia anim aliqua id quis do ipsum ea qui fugiat. Veniam et cupidatat velit voluptate ea dolor qui ad nostrud in ipsum magna ad ullamco.\r\n", "registered":"2014-03-12T12:37:27 -07:00", "latitude":58.74185, "longitude":157.214165, "tags":["officia", "Lorem", "in", "amet", "mollit", "consectetur", "ullamco"], "friends":[{"id":0, "name":"Carmella Moreno"}, {"id":1, "name":"Houston Hinton"}, {"id":2, "name":"Angel Silva"}], "greeting":"Hello, Susana Weiss! You have 8 unread messages.", "favoriteFruit":"strawberry"}