{"_id":"55e8b8c61e418da7b3943843", "index":1249, "guid":"a289a7a0-7699-4f96-98fb-4a59e302e1f6", "isActive":false, "balance":"$824.30", "picture":"http://placehold.it/32x32", "age":26, "eyeColor":"green", "name":"Wall Pittman", "gender":"male", "company":"ORBEAN", "email":"wallpittman@orbean.com", "phone":"+1 (909) 499-3223", "address":"129 Windsor Place, Gloucester, Nebraska, 5974", "about":"Dolore ipsum dolore deserunt anim ex nisi elit consectetur est tempor qui fugiat irure. Est sint eiusmod elit excepteur non cillum ad quis culpa esse est. Sint duis sit aliqua fugiat est irure culpa laborum.\r\n", "registered":"2014-03-09T12:01:36 -07:00", "latitude":-7.87097, "longitude":17.292241, "tags":["tempor", "ad", "tempor", "in", "consequat", "nisi", "fugiat"], "friends":[{"id":0, "name":"Pickett Cervantes"}, {"id":1, "name":"Marie Maynard"}, {"id":2, "name":"Greene Cabrera"}], "greeting":"Hello, Wall Pittman! You have 3 unread messages.", "favoriteFruit":"banana"}