{"_id":"55e8b8c63ffcbee305134fd9", "index":1196, "guid":"8b221921-212f-4b69-9550-62c5f0c77cf8", "isActive":true, "balance":"$7,762.55", "picture":"http://placehold.it/32x32", "age":39, "eyeColor":"brown", "name":"Bonnie Johnston", "gender":"female", "company":"COMBOT", "email":"bonniejohnston@combot.com", "phone":"+1 (804) 563-2143", "address":"770 Auburn Place, Yukon, Colorado, 8597", "about":"Do consectetur eiusmod et occaecat ad fugiat excepteur. Ipsum consectetur consectetur ipsum sit reprehenderit eiusmod deserunt. Adipisicing id sunt nisi consequat adipisicing tempor magna cupidatat ad est amet sunt.\r\n", "registered":"2014-03-18T12:43:11 -07:00", "latitude":88.17039, "longitude":11.470802, "tags":["nostrud", "Lorem", "adipisicing", "elit", "ea", "ipsum", "duis"], "friends":[{"id":0, "name":"Reed Finley"}, {"id":1, "name":"Diane Carey"}, {"id":2, "name":"Elvira Porter"}], "greeting":"Hello, Bonnie Johnston! You have 2 unread messages.", "favoriteFruit":"strawberry"}