{"_id":"55e8b8c6ffe86ac4ff869ad5", "index":1185, "guid":"b176724c-0e58-418b-a61d-f3511648f733", "isActive":true, "balance":"$4,852.62", "picture":"http://placehold.it/32x32", "age":29, "eyeColor":"green", "name":"Murphy Cortez", "gender":"male", "company":"KINDALOO", "email":"murphycortez@kindaloo.com", "phone":"+1 (990) 595-3625", "address":"630 Pershing Loop, Sandston, Texas, 4090", "about":"Aliqua exercitation magna dolor mollit et elit cillum esse do aute exercitation ullamco. Sunt elit aute incididunt enim. Ad duis officia non reprehenderit ullamco voluptate ea et qui aliquip anim. Adipisicing sit in qui exercitation deserunt.\r\n", "registered":"2014-07-21T02:56:46 -07:00", "latitude":52.5376, "longitude":3.227872, "tags":["nostrud", "amet", "mollit", "aute", "deserunt", "pariatur", "magna"], "friends":[{"id":0, "name":"Tate Griffin"}, {"id":1, "name":"Elsa Sparks"}, {"id":2, "name":"Moore Jacobs"}], "greeting":"Hello, Murphy Cortez! You have 1 unread messages.", "favoriteFruit":"banana"}