{"_id":"55e8b8c65faedab748dd63b5", "index":1394, "guid":"41e9858d-e223-49c3-9002-6c64478c66c6", "isActive":true, "balance":"$1,249.02", "picture":"http://placehold.it/32x32", "age":20, "eyeColor":"brown", "name":"Brady Gonzales", "gender":"male", "company":"DENTREX", "email":"bradygonzales@dentrex.com", "phone":"+1 (901) 521-2807", "address":"489 McKibben Street, Norfolk, Hawaii, 2115", "about":"Dolore consequat eiusmod amet ut do tempor eiusmod. Esse aliquip consectetur duis ullamco culpa veniam ex enim aliqua ipsum veniam ut. Labore ex velit anim cupidatat consectetur.\r\n", "registered":"2014-09-17T12:55:32 -07:00", "latitude":3.231812, "longitude":55.151399, "tags":["eiusmod", "mollit", "sit", "voluptate", "qui", "eiusmod", "voluptate"], "friends":[{"id":0, "name":"Lee James"}, {"id":1, "name":"Puckett Finch"}, {"id":2, "name":"Allyson Ewing"}], "greeting":"Hello, Brady Gonzales! You have 6 unread messages.", "favoriteFruit":"strawberry"}