{"_id":"55e8b8c6dec9366cc04baf88", "index":142, "guid":"fed11e16-af14-4428-a140-4e353f0482d6", "isActive":true, "balance":"$6,918.28", "picture":"http://placehold.it/32x32", "age":34, "eyeColor":"blue", "name":"Cindy Griffith", "gender":"female", "company":"FURNAFIX", "email":"cindygriffith@furnafix.com", "phone":"+1 (928) 432-2979", "address":"316 Fair Street, Westerville, Tennessee, 4226", "about":"Reprehenderit proident est in exercitation magna elit ut do occaecat ipsum laboris culpa exercitation minim. Ut reprehenderit et laborum exercitation magna commodo velit est aute non nisi id consequat. Elit sit incididunt adipisicing eiusmod dolore consequat ullamco exercitation occaecat Lorem veniam.\r\n", "registered":"2015-06-04T07:10:58 -07:00", "latitude":-17.122026, "longitude":-122.023418, "tags":["nisi", "aliquip", "in", "esse", "incididunt", "anim", "incididunt"], "friends":[{"id":0, "name":"Booker Duran"}, {"id":1, "name":"Nina Burton"}, {"id":2, "name":"Banks Puckett"}], "greeting":"Hello, Cindy Griffith! You have 8 unread messages.", "favoriteFruit":"strawberry"}