{"_id":"55e8b8c6e11b46cc220f8e8c", "index":132, "guid":"f0084ea7-e8bd-4f67-90df-90d413eccaca", "isActive":true, "balance":"$6,952.68", "picture":"http://placehold.it/32x32", "age":36, "eyeColor":"green", "name":"Karen Larsen", "gender":"female", "company":"EARTHPLEX", "email":"karenlarsen@earthplex.com", "phone":"+1 (826) 482-3392", "address":"147 High Street, Vale, North Carolina, 1966", "about":"Quis enim eiusmod qui aute veniam reprehenderit irure laboris magna in incididunt sint. Minim dolor nulla fugiat voluptate aliqua exercitation veniam pariatur eu enim est adipisicing minim officia. Officia velit reprehenderit amet reprehenderit ea ipsum mollit laborum exercitation officia exercitation cillum proident.\r\n", "registered":"2015-04-19T03:37:56 -07:00", "latitude":-49.081583, "longitude":41.596663, "tags":["do", "occaecat", "ad", "amet", "nostrud", "in", "proident"], "friends":[{"id":0, "name":"Earlene Kaufman"}, {"id":1, "name":"Shannon Gordon"}, {"id":2, "name":"Ollie Lee"}], "greeting":"Hello, Karen Larsen! You have 3 unread messages.", "favoriteFruit":"banana"}