{"_id":"55e8b8c6030e50fb2fd0d1af", "index":1126, "guid":"fab7b58b-37de-43b8-9f71-50ff2abdd090", "isActive":true, "balance":"$3,948.47", "picture":"http://placehold.it/32x32", "age":22, "eyeColor":"blue", "name":"Mays Atkins", "gender":"male", "company":"CIRCUM", "email":"maysatkins@circum.com", "phone":"+1 (919) 499-3135", "address":"752 Underhill Avenue, Grill, Palau, 9166", "about":"Ullamco cupidatat excepteur cupidatat fugiat nostrud quis magna quis cillum non sunt. Labore laborum mollit pariatur ullamco. Non cupidatat elit ipsum aliquip sunt adipisicing exercitation aliqua labore esse consectetur in ipsum.\r\n", "registered":"2015-06-08T08:08:05 -07:00", "latitude":60.031949, "longitude":-118.75072, "tags":["officia", "eiusmod", "aliqua", "enim", "sint", "fugiat", "veniam"], "friends":[{"id":0, "name":"Reid Middleton"}, {"id":1, "name":"Callie Joseph"}, {"id":2, "name":"Torres Kirk"}], "greeting":"Hello, Mays Atkins! You have 2 unread messages.", "favoriteFruit":"strawberry"}