{"_id":"55e8b8c6277d707906eb13a7", "index":1316, "guid":"d96a9cae-4b12-46ff-9356-f7ac5473821f", "isActive":true, "balance":"$1,996.72", "picture":"http://placehold.it/32x32", "age":23, "eyeColor":"green", "name":"Marla Fulton", "gender":"female", "company":"MICRONAUT", "email":"marlafulton@micronaut.com", "phone":"+1 (911) 558-3150", "address":"313 Pacific Street, Roy, Wyoming, 1459", "about":"Commodo pariatur cupidatat labore officia proident nulla labore irure anim culpa Lorem deserunt. Magna laboris cillum sunt exercitation commodo. Duis nostrud laborum excepteur laborum labore eiusmod. Nulla pariatur incididunt amet velit eu aute aliqua tempor. Dolore ad adipisicing proident deserunt esse irure minim id occaecat esse consequat ut.\r\n", "registered":"2014-12-01T02:45:24 -07:00", "latitude":11.750778, "longitude":-145.257609, "tags":["voluptate", "occaecat", "ipsum", "ad", "sit", "non", "ullamco"], "friends":[{"id":0, "name":"Ann Sellers"}, {"id":1, "name":"Hopkins Dejesus"}, {"id":2, "name":"Chandler Donaldson"}], "greeting":"Hello, Marla Fulton! You have 1 unread messages.", "favoriteFruit":"strawberry"}