{"_id":"55e8b8c604163f95582a3d8a", "index":1048, "guid":"0f603916-7873-48f9-904b-a30a6e584bc2", "isActive":false, "balance":"$9,785.12", "picture":"http://placehold.it/32x32", "age":30, "eyeColor":"green", "name":"Marjorie Donovan", "gender":"female", "company":"DAISU", "email":"marjoriedonovan@daisu.com", "phone":"+1 (850) 417-2127", "address":"645 Williamsburg Street, Diaperville, North Dakota, 8264", "about":"Dolore cillum commodo reprehenderit magna mollit reprehenderit incididunt eiusmod id. Nisi ullamco aute sunt velit anim incididunt. Aliqua sit nostrud tempor nisi anim sint minim et exercitation eu. Dolore elit nisi reprehenderit occaecat nostrud sunt consequat proident dolore non laborum qui do cupidatat. Excepteur proident officia officia cupidatat. Lorem adipisicing Lorem esse ut irure culpa sunt non laborum cillum in commodo.\r\n", "registered":"2015-01-26T05:58:21 -07:00", "latitude":-67.895665, "longitude":-167.733518, "tags":["esse", "ea", "dolore", "do", "quis", "laborum", "sit"], "friends":[{"id":0, "name":"Jerri Lewis"}, {"id":1, "name":"Dunn Goff"}, {"id":2, "name":"Penny Mendoza"}], "greeting":"Hello, Marjorie Donovan! You have 3 unread messages.", "favoriteFruit":"banana"}