{"_id":"55e8b8c67127c3c2897b000c", "index":112, "guid":"111d63e2-851f-40a6-b79a-719208a4beff", "isActive":true, "balance":"$2,633.67", "picture":"http://placehold.it/32x32", "age":36, "eyeColor":"blue", "name":"Stafford Shelton", "gender":"male", "company":"ZEAM", "email":"staffordshelton@zeam.com", "phone":"+1 (808) 443-3883", "address":"561 Bay Street, Brantleyville, Virgin Islands, 2419", "about":"Ullamco anim tempor velit eu tempor ut esse non minim aliqua. Aliqua non esse nulla anim esse veniam. Labore cupidatat exercitation non dolore mollit incididunt quis. Non pariatur pariatur laboris id pariatur esse elit adipisicing anim culpa excepteur amet.\r\n", "registered":"2014-07-09T04:23:54 -07:00", "latitude":44.757998, "longitude":-144.060159, "tags":["ad", "laboris", "pariatur", "voluptate", "ipsum", "nulla", "cillum"], "friends":[{"id":0, "name":"Randi Obrien"}, {"id":1, "name":"Rhoda Becker"}, {"id":2, "name":"Cardenas Hoffman"}], "greeting":"Hello, Stafford Shelton! You have 2 unread messages.", "favoriteFruit":"apple"}