{"_id":"55e8b8c60a57760cb069b1a8", "index":1047, "guid":"2c004856-f511-4ce9-a090-6c78d736dec9", "isActive":true, "balance":"$1,579.35", "picture":"http://placehold.it/32x32", "age":34, "eyeColor":"green", "name":"Rosella Merritt", "gender":"female", "company":"NIMON", "email":"rosellamerritt@nimon.com", "phone":"+1 (865) 500-3000", "address":"875 Battery Avenue, Vienna, Idaho, 7900", "about":"Laboris occaecat do esse Lorem occaecat ea excepteur et nulla magna voluptate proident culpa ut. Cupidatat dolor duis eu aliquip. Id do aute exercitation culpa consequat aliquip aute et quis. Commodo excepteur laborum amet occaecat dolor laborum anim amet enim excepteur. Ipsum ea velit voluptate quis culpa sint proident irure ipsum.\r\n", "registered":"2014-08-13T04:45:00 -07:00", "latitude":78.625797, "longitude":25.409298, "tags":["mollit", "excepteur", "dolore", "ex", "in", "aute", "nostrud"], "friends":[{"id":0, "name":"Welch Hopkins"}, {"id":1, "name":"Simmons Tyson"}, {"id":2, "name":"Burns Hutchinson"}], "greeting":"Hello, Rosella Merritt! You have 6 unread messages.", "favoriteFruit":"strawberry"}