{"_id":"55e8b8c68e8c152231ef832d", "index":12, "guid":"79da4b86-4fcf-4820-901d-af962aafca7b", "isActive":true, "balance":"$7,953.11", "picture":"http://placehold.it/32x32", "age":32, "eyeColor":"green", "name":"Olsen Parker", "gender":"male", "company":"INSURETY", "email":"olsenparker@insurety.com", "phone":"+1 (816) 503-2024", "address":"896 Bushwick Place, Bynum, Marshall Islands, 4858", "about":"Sit fugiat et dolor qui pariatur nulla quis aliquip. Ea dolore ex laboris incididunt proident adipisicing. Nostrud velit nostrud sunt nisi Lorem anim nisi deserunt consequat duis. Commodo dolore ut voluptate magna aute magna. Consequat deserunt laborum sunt amet laboris amet enim commodo ad esse qui.\r\n", "registered":"2014-05-01T06:39:19 -07:00", "latitude":-18.909802, "longitude":137.056892, "tags":["dolor", "aliquip", "magna", "veniam", "anim", "laboris", "Lorem"], "friends":[{"id":0, "name":"Kane Rasmussen"}, {"id":1, "name":"Gibson Flowers"}, {"id":2, "name":"Palmer Mcclain"}], "greeting":"Hello, Olsen Parker! You have 4 unread messages.", "favoriteFruit":"banana"}