{"_id":"55e8b8c6b63742af303705ed", "index":1003, "guid":"f86bbaec-4bfe-4ec6-9f98-3d4ed42835d5", "isActive":true, "balance":"$2,576.50", "picture":"http://placehold.it/32x32", "age":31, "eyeColor":"green", "name":"Olsen Newton", "gender":"male", "company":"BYTREX", "email":"olsennewton@bytrex.com", "phone":"+1 (804) 543-3706", "address":"304 Legion Street, Cornfields, Vermont, 3638", "about":"Eiusmod veniam ut veniam ipsum nulla dolor laborum velit mollit exercitation. Ut ullamco Lorem duis ea deserunt dolor nostrud duis eu sit occaecat enim. Nulla nulla aliquip adipisicing ex. Consectetur aute cupidatat ullamco sunt exercitation cillum fugiat anim labore. Officia voluptate ipsum ad sit irure sint irure incididunt ut qui pariatur in aliqua. Non adipisicing id Lorem cupidatat velit mollit irure ad quis minim adipisicing laborum. Voluptate ut sit est ex consectetur tempor mollit laborum.\r\n", "registered":"2015-04-07T02:45:23 -07:00", "latitude":64.339017, "longitude":107.750954, "tags":["magna", "Lorem", "laborum", "adipisicing", "dolor", "dolore", "et"], "friends":[{"id":0, "name":"Magdalena Salazar"}, {"id":1, "name":"Kane Anthony"}, {"id":2, "name":"Lily Gay"}], "greeting":"Hello, Olsen Newton! You have 8 unread messages.", "favoriteFruit":"strawberry"}