{"_id":"55e8b8c6c81df9a30a4d36c5", "index":1239, "guid":"7a446b1b-551d-4588-9309-21ad40422364", "isActive":true, "balance":"$2,080.76", "picture":"http://placehold.it/32x32", "age":33, "eyeColor":"brown", "name":"Conrad Burris", "gender":"male", "company":"CHORIZON", "email":"conradburris@chorizon.com", "phone":"+1 (894) 430-3268", "address":"489 Quincy Street, Breinigsville, Guam, 2742", "about":"Officia aliquip adipisicing est adipisicing. Quis in proident aliqua dolor eiusmod ipsum culpa. Duis elit consequat mollit sit amet irure fugiat ullamco. Consectetur irure est culpa aliqua. Laboris duis exercitation cupidatat enim elit magna sit. Quis voluptate reprehenderit laboris esse sit et dolor culpa. Consectetur nulla elit labore est consequat adipisicing ut Lorem incididunt deserunt tempor enim consequat.\r\n", "registered":"2015-03-23T07:55:00 -07:00", "latitude":31.862316, "longitude":16.687263, "tags":["nostrud", "fugiat", "elit", "eiusmod", "id", "minim", "ex"], "friends":[{"id":0, "name":"Candace Harris"}, {"id":1, "name":"Bridget Hester"}, {"id":2, "name":"Massey Rogers"}], "greeting":"Hello, Conrad Burris! You have 1 unread messages.", "favoriteFruit":"apple"}