{"_id":"55e8b8c6b92763ac75f41ef6", "index":0, "guid":"ccb86812-4daf-4e35-a354-a9474964fd91", "isActive":true, "balance":"$423.23", "picture":"http://placehold.it/32x32", "age":21, "eyeColor":"blue", "name":"Beverly Dyer", "gender":"female", "company":"QUADEEBO", "email":"beverlydyer@quadeebo.com", "phone":"+1 (802) 467-3976", "address":"819 Vermont Court, Bethany, Maryland, 7956", "about":"Nulla elit enim quis non non laborum magna exercitation labore id sint nostrud laborum. Laboris pariatur aliqua nisi in aute proident ipsum non velit est veniam non mollit commodo. Ad consectetur incididunt eiusmod in tempor esse culpa sit dolore excepteur Lorem labore.\r\n", "registered":"2015-02-06T10:20:06 -07:00", "latitude":-71.263918, "longitude":88.899299, "tags":["do", "proident", "eiusmod", "consectetur", "anim", "mollit", "incididunt"], "friends":[{"id":0, "name":"Catalina Pittman"}, {"id":1, "name":"Baldwin Cervantes"}, {"id":2, "name":"Antoinette Maynard"}], "greeting":"Hello, Beverly Dyer! You have 1 unread messages.", "favoriteFruit":"strawberry"}