{"_id":"55e8b8c6a20c04434a866e6f", "index":1298, "guid":"97a090c7-86bb-4e48-ab12-b2b53a761106", "isActive":false, "balance":"$4,664.38", "picture":"http://placehold.it/32x32", "age":36, "eyeColor":"blue", "name":"Maxwell Lewis", "gender":"male", "company":"XSPORTS", "email":"maxwelllewis@xsports.com", "phone":"+1 (895) 589-3688", "address":"345 Division Place, Rowe, Northern Mariana Islands, 8313", "about":"Anim velit culpa eu eu. Adipisicing non minim fugiat anim ipsum sunt amet qui enim pariatur ad aliqua ea. Consectetur reprehenderit reprehenderit mollit culpa dolor enim. Dolore occaecat aute fugiat adipisicing ullamco quis consectetur adipisicing officia ipsum fugiat cupidatat id. Ut sint voluptate dolor magna ullamco consequat cupidatat magna. Ad ad voluptate irure excepteur sunt voluptate dolore exercitation exercitation ipsum adipisicing ad. Enim amet nisi minim aliquip amet irure est velit sit deserunt magna nostrud.\r\n", "registered":"2014-02-17T12:31:53 -07:00", "latitude":-30.239755, "longitude":177.975121, "tags":["labore", "aliquip", "commodo", "est", "aliqua", "mollit", "est"], "friends":[{"id":0, "name":"Galloway Goff"}, {"id":1, "name":"Wells Mendoza"}, {"id":2, "name":"Logan Cooke"}], "greeting":"Hello, Maxwell Lewis! You have 6 unread messages.", "favoriteFruit":"apple"}