{"_id":"55e8b8c6d2e6183fdfe731b4", "index":1377, "guid":"09775a20-3da0-4834-9590-b6e8e41602a1", "isActive":false, "balance":"$4,047.85", "picture":"http://placehold.it/32x32", "age":20, "eyeColor":"green", "name":"Janice Mclean", "gender":"female", "company":"COMSTAR", "email":"janicemclean@comstar.com", "phone":"+1 (818) 535-2442", "address":"363 Manhattan Court, Drummond, Mississippi, 696", "about":"Tempor ea ut laboris commodo dolor labore cupidatat nulla nulla minim voluptate fugiat deserunt officia. Ad do officia amet sunt cillum nostrud ut sunt nostrud nostrud. Laboris cillum laboris ipsum aute deserunt sint nisi exercitation minim quis sit. Enim exercitation duis tempor sunt occaecat proident nisi consequat sunt labore culpa do eu. Officia nostrud occaecat cupidatat ad quis dolore quis ea pariatur deserunt aliquip officia.\r\n", "registered":"2015-01-17T03:18:11 -07:00", "latitude":1.530731, "longitude":-31.899979, "tags":["dolore", "ipsum", "aliqua", "proident", "tempor", "labore", "nisi"], "friends":[{"id":0, "name":"Moran Knox"}, {"id":1, "name":"Grimes Pruitt"}, {"id":2, "name":"Bradshaw Drake"}], "greeting":"Hello, Janice Mclean! You have 4 unread messages.", "favoriteFruit":"strawberry"}