{"_id":"55e8b8c6ebcf154ee3e4d1f9", "index":120, "guid":"6a62a131-6afe-4e4f-87c8-abda5c351743", "isActive":false, "balance":"$478.91", "picture":"http://placehold.it/32x32", "age":28, "eyeColor":"blue", "name":"King Fletcher", "gender":"male", "company":"COMTOURS", "email":"kingfletcher@comtours.com", "phone":"+1 (919) 484-3639", "address":"430 Powell Street, Dante, North Dakota, 2006", "about":"Elit quis incididunt qui aliqua tempor ipsum sunt. Labore laborum occaecat consectetur reprehenderit ullamco sunt. Amet ullamco sint aute dolore commodo dolor laboris. Pariatur minim culpa ut tempor sunt Lorem esse do dolor cupidatat Lorem proident cupidatat.\r\n", "registered":"2015-03-23T05:24:39 -07:00", "latitude":54.950654, "longitude":-118.478099, "tags":["dolor", "voluptate", "nisi", "laborum", "consectetur", "culpa", "do"], "friends":[{"id":0, "name":"Byers Gaines"}, {"id":1, "name":"Belinda Montoya"}, {"id":2, "name":"Carver Lyons"}], "greeting":"Hello, King Fletcher! You have 3 unread messages.", "favoriteFruit":"banana"}