{"_id":"55e8b8c673bceb5fc24ce97c", "index":1283, "guid":"798e5534-ca87-4ba4-9821-e77edb66f08d", "isActive":false, "balance":"$8,412.47", "picture":"http://placehold.it/32x32", "age":31, "eyeColor":"brown", "name":"Carey Whitney", "gender":"female", "company":"EARBANG", "email":"careywhitney@earbang.com", "phone":"+1 (918) 458-2026", "address":"778 Doone Court, Thomasville, Illinois, 3372", "about":"Sit amet magna sunt aliquip dolor laborum nostrud cupidatat occaecat esse. Eu veniam occaecat cupidatat veniam do tempor. Sunt aute in occaecat deserunt laborum voluptate. Officia duis est cillum labore dolor dolore pariatur aute. Lorem consequat proident ullamco eiusmod exercitation veniam aliquip. Nostrud culpa excepteur ex consectetur aliquip et consectetur duis nulla dolore aliqua incididunt culpa laboris.\r\n", "registered":"2014-06-14T04:51:03 -07:00", "latitude":-66.856976, "longitude":-107.619308, "tags":["velit", "do", "id", "aliquip", "enim", "anim", "dolore"], "friends":[{"id":0, "name":"Lena Rocha"}, {"id":1, "name":"Snow Kelly"}, {"id":2, "name":"Morris Anderson"}], "greeting":"Hello, Carey Whitney! You have 2 unread messages.", "favoriteFruit":"banana"}