{"_id":"55e8b8c636ecee0161359b2b", "index":1195, "guid":"46c8dfc9-1c4c-4e53-9742-3f11b3686bdf", "isActive":true, "balance":"$442.36", "picture":"http://placehold.it/32x32", "age":37, "eyeColor":"green", "name":"Georgina Burgess", "gender":"female", "company":"CORPORANA", "email":"georginaburgess@corporana.com", "phone":"+1 (973) 532-2847", "address":"236 Newton Street, Ypsilanti, New York, 8711", "about":"Est eiusmod anim ad eu labore id ut officia mollit esse adipisicing proident officia veniam. Lorem esse ut anim irure sint id fugiat cillum nisi eu fugiat fugiat. Labore non ex ad consectetur do laboris. Eiusmod nisi mollit velit sunt consequat occaecat fugiat officia. Ut labore duis ipsum irure minim enim. Aliquip adipisicing magna aute anim velit dolore occaecat.\r\n", "registered":"2014-09-15T02:02:13 -07:00", "latitude":73.834944, "longitude":102.010391, "tags":["consectetur", "aliqua", "tempor", "reprehenderit", "eiusmod", "laborum", "qui"], "friends":[{"id":0, "name":"Odonnell Solomon"}, {"id":1, "name":"Sonia Love"}, {"id":2, "name":"Lorraine Savage"}], "greeting":"Hello, Georgina Burgess! You have 9 unread messages.", "favoriteFruit":"apple"}