{"_id":"55e8b8c692aa69b04e6bb9e8", "index":1345, "guid":"e395b0e6-30a6-459f-b168-6c4401f7fbc9", "isActive":true, "balance":"$7,691.68", "picture":"http://placehold.it/32x32", "age":26, "eyeColor":"blue", "name":"Patty Dominguez", "gender":"female", "company":"ENERVATE", "email":"pattydominguez@enervate.com", "phone":"+1 (856) 421-2365", "address":"184 McDonald Avenue, Edneyville, Wisconsin, 7670", "about":"Duis fugiat voluptate dolor velit culpa. Sunt ex officia culpa non proident ullamco sit consequat est exercitation. Minim nulla esse occaecat aute cillum cillum ad elit culpa ipsum. Proident esse in est eu enim id quis sit.\r\n", "registered":"2014-09-27T08:37:21 -07:00", "latitude":89.763522, "longitude":-112.902142, "tags":["ipsum", "eiusmod", "do", "exercitation", "laboris", "laborum", "cillum"], "friends":[{"id":0, "name":"Mathis Stein"}, {"id":1, "name":"Jody Patel"}, {"id":2, "name":"Estrada Mendez"}], "greeting":"Hello, Patty Dominguez! You have 3 unread messages.", "favoriteFruit":"apple"}