{"_id":"55e8b8c67cf95ddfda66a7ae", "index":1155, "guid":"2472504f-815f-496d-b8aa-946955634a34", "isActive":false, "balance":"$1,334.69", "picture":"http://placehold.it/32x32", "age":31, "eyeColor":"green", "name":"Gutierrez Vaughn", "gender":"male", "company":"PYRAMI", "email":"gutierrezvaughn@pyrami.com", "phone":"+1 (964) 472-3113", "address":"282 Manhattan Avenue, Clarence, Maine, 3243", "about":"Ex irure sit laborum duis duis qui sunt nostrud ex velit. Et nulla adipisicing cupidatat enim. Adipisicing qui duis mollit sit laboris elit mollit aute aliquip in. Elit velit qui ad esse anim et consequat adipisicing anim ut ipsum.\r\n", "registered":"2014-11-05T08:32:34 -07:00", "latitude":14.857535, "longitude":-93.216685, "tags":["excepteur", "reprehenderit", "tempor", "irure", "ullamco", "do", "ullamco"], "friends":[{"id":0, "name":"Nina Dennis"}, {"id":1, "name":"Eve Burnett"}, {"id":2, "name":"Ramos Ortega"}], "greeting":"Hello, Gutierrez Vaughn! You have 3 unread messages.", "favoriteFruit":"strawberry"}