{"_id":"55e8b8c676610cf74a3a7331", "index":1232, "guid":"9d69696e-56c5-4521-8342-c8c95e4c59a8", "isActive":false, "balance":"$3,482.63", "picture":"http://placehold.it/32x32", "age":40, "eyeColor":"green", "name":"Larsen Jacobson", "gender":"male", "company":"ZENSUS", "email":"larsenjacobson@zensus.com", "phone":"+1 (825) 567-3556", "address":"948 Dewitt Avenue, Sims, District Of Columbia, 1146", "about":"Commodo voluptate proident magna consequat enim reprehenderit tempor pariatur exercitation. Quis id pariatur ipsum ut adipisicing laboris veniam adipisicing elit id commodo. Dolor adipisicing esse adipisicing incididunt aliquip aliqua qui commodo. Enim enim enim excepteur amet aliqua est consectetur magna sunt. Ex aliquip dolore ea qui do. Ea laboris est irure labore do commodo aliqua exercitation ex irure pariatur labore adipisicing adipisicing.\r\n", "registered":"2014-01-09T07:27:16 -07:00", "latitude":38.572224, "longitude":-15.30553, "tags":["excepteur", "aliqua", "est", "amet", "officia", "proident", "sint"], "friends":[{"id":0, "name":"Donna Ramsey"}, {"id":1, "name":"Macdonald Boyd"}, {"id":2, "name":"Ruiz Reeves"}], "greeting":"Hello, Larsen Jacobson! You have 5 unread messages.", "favoriteFruit":"strawberry"}