{"_id":"55e8b8c63bf4c80f2d9cb492", "index":1163, "guid":"fad4fcda-4140-4393-a4ae-86ea7ac9e2e8", "isActive":false, "balance":"$3,650.72", "picture":"http://placehold.it/32x32", "age":25, "eyeColor":"brown", "name":"Kaye Nieves", "gender":"female", "company":"PORTALINE", "email":"kayenieves@portaline.com", "phone":"+1 (883) 527-2849", "address":"753 Vista Place, Bluetown, Idaho, 7660", "about":"Dolore anim reprehenderit adipisicing veniam anim cillum Lorem voluptate cillum enim qui. Quis veniam amet dolor occaecat nisi esse veniam. Labore fugiat amet ad cillum ea laborum.\r\n", "registered":"2014-07-14T02:06:43 -07:00", "latitude":-6.922551, "longitude":7.285, "tags":["ullamco", "et", "eiusmod", "duis", "aliquip", "culpa", "ex"], "friends":[{"id":0, "name":"Cassie Gilliam"}, {"id":1, "name":"Cathleen Richards"}, {"id":2, "name":"Hooper Murphy"}], "greeting":"Hello, Kaye Nieves! You have 4 unread messages.", "favoriteFruit":"apple"}