{"_id":"55e8b8c60d3f75c41d4a3958", "index":1330, "guid":"35421f1a-ffd4-4060-b0ec-c830a70a5821", "isActive":true, "balance":"$4,025.35", "picture":"http://placehold.it/32x32", "age":35, "eyeColor":"green", "name":"Sylvia Wilkins", "gender":"female", "company":"ROBOID", "email":"sylviawilkins@roboid.com", "phone":"+1 (802) 532-2602", "address":"430 Georgia Avenue, Caberfae, Virgin Islands, 4052", "about":"Esse exercitation sunt magna nisi. Cupidatat non ad qui commodo culpa minim proident labore. Velit elit velit aute velit. Dolore magna mollit elit labore non ut velit exercitation esse sit quis tempor. Irure laboris qui ut exercitation magna ea cupidatat culpa exercitation et occaecat duis. Non cillum nulla laboris aute occaecat.\r\n", "registered":"2014-05-18T11:37:50 -07:00", "latitude":8.778335, "longitude":-60.212881, "tags":["elit", "enim", "velit", "laboris", "non", "ut", "ex"], "friends":[{"id":0, "name":"Warren Singleton"}, {"id":1, "name":"Wilkinson Tillman"}, {"id":2, "name":"Nash Sherman"}], "greeting":"Hello, Sylvia Wilkins! You have 3 unread messages.", "favoriteFruit":"apple"}