{"_id":"55e8b8c6e7d0d043eed57738", "index":1103, "guid":"d21dc702-17ac-4789-a376-8839c5e375dd", "isActive":true, "balance":"$8,014.58", "picture":"http://placehold.it/32x32", "age":27, "eyeColor":"green", "name":"Addie Collins", "gender":"female", "company":"HALAP", "email":"addiecollins@halap.com", "phone":"+1 (927) 518-3825", "address":"839 Madeline Court, Websterville, Nevada, 9925", "about":"Commodo laboris anim exercitation in est minim velit ex labore aute et excepteur proident. Velit sunt anim quis exercitation consequat ex dolor consequat sunt ad culpa laboris. Nulla cupidatat ex laborum aute ipsum officia commodo eiusmod non voluptate. Minim velit consequat sunt eiusmod ipsum pariatur culpa reprehenderit fugiat incididunt.\r\n", "registered":"2014-01-26T08:55:07 -07:00", "latitude":-7.424206, "longitude":-144.777041, "tags":["consequat", "dolor", "elit", "nostrud", "enim", "velit", "mollit"], "friends":[{"id":0, "name":"Jacquelyn Weiss"}, {"id":1, "name":"Amparo Moreno"}, {"id":2, "name":"Hannah Hinton"}], "greeting":"Hello, Addie Collins! You have 4 unread messages.", "favoriteFruit":"banana"}