{"_id":"55e8b8c681e9afdb9b82bcab", "index":1086, "guid":"f8b9409b-d199-4309-b116-69e470075c96", "isActive":true, "balance":"$6,885.87", "picture":"http://placehold.it/32x32", "age":27, "eyeColor":"green", "name":"Decker Wiggins", "gender":"male", "company":"EXPOSA", "email":"deckerwiggins@exposa.com", "phone":"+1 (848) 553-2104", "address":"714 Henry Street, Vaughn, Alabama, 2344", "about":"Cillum occaecat nostrud officia anim deserunt Lorem minim dolor. Ullamco consectetur excepteur ad voluptate deserunt excepteur pariatur irure pariatur quis incididunt amet quis. Veniam amet minim ut deserunt commodo aute ex do. Est duis sint ea Lorem irure ipsum velit incididunt consequat culpa exercitation. Anim enim amet consectetur in officia labore voluptate fugiat ipsum sit est elit ut consequat. Minim cupidatat nulla dolor qui. Est excepteur exercitation excepteur deserunt.\r\n", "registered":"2015-03-27T12:29:12 -07:00", "latitude":-24.436888, "longitude":-100.467737, "tags":["do", "adipisicing", "ipsum", "nostrud", "cupidatat", "est", "deserunt"], "friends":[{"id":0, "name":"Lyons Pate"}, {"id":1, "name":"Henderson Kelley"}, {"id":2, "name":"Oneil Doyle"}], "greeting":"Hello, Decker Wiggins! You have 6 unread messages.", "favoriteFruit":"apple"}