{"_id":"55e8b8c6f89804059a0e1b79", "index":1378, "guid":"e9c3abd3-a66c-4e81-8838-61b92b808021", "isActive":false, "balance":"$566.70", "picture":"http://placehold.it/32x32", "age":33, "eyeColor":"brown", "name":"Estelle Moore", "gender":"female", "company":"STOCKPOST", "email":"estellemoore@stockpost.com", "phone":"+1 (890) 439-2808", "address":"326 Neptune Avenue, Chesterfield, Alaska, 2096", "about":"Pariatur proident officia ex do cillum nostrud magna Lorem cupidatat anim nulla deserunt id Lorem. Labore cillum veniam consectetur labore aliqua pariatur velit aliqua occaecat. Anim excepteur qui sunt enim. Ullamco labore culpa duis ut qui exercitation nulla consequat ipsum. Sint magna est do magna quis do pariatur esse. Do consectetur dolore incididunt proident do reprehenderit adipisicing incididunt.\r\n", "registered":"2015-05-08T12:12:52 -07:00", "latitude":-37.216898, "longitude":-134.914549, "tags":["velit", "culpa", "proident", "elit", "cillum", "ea", "esse"], "friends":[{"id":0, "name":"Edwards Hill"}, {"id":1, "name":"Mcneil Kinney"}, {"id":2, "name":"Ina Levine"}], "greeting":"Hello, Estelle Moore! You have 4 unread messages.", "favoriteFruit":"banana"}