{"_id":"55e8b8c61ab0342b036f524a", "index":1383, "guid":"1ade9688-715f-4bc8-b260-c558fe399d1f", "isActive":false, "balance":"$2,085.84", "picture":"http://placehold.it/32x32", "age":34, "eyeColor":"brown", "name":"Caldwell Williams", "gender":"male", "company":"ZOID", "email":"caldwellwilliams@zoid.com", "phone":"+1 (903) 573-2861", "address":"266 Carroll Street, Cecilia, New Hampshire, 6022", "about":"Esse commodo qui laboris fugiat aliquip eiusmod veniam incididunt et dolor consequat excepteur. Anim ex id officia ipsum tempor enim ut voluptate dolore. Laborum laborum voluptate nulla amet mollit irure cillum reprehenderit labore aliquip laborum dolore pariatur. Tempor nisi irure aliquip ipsum magna laborum adipisicing ut nulla fugiat et mollit. Consectetur magna id magna ea quis proident aute anim culpa. Et labore esse irure fugiat voluptate minim sit commodo deserunt. Ad officia eiusmod mollit pariatur.\r\n", "registered":"2014-06-25T03:20:59 -07:00", "latitude":-4.924779, "longitude":7.564113, "tags":["velit", "proident", "veniam", "ex", "incididunt", "magna", "dolore"], "friends":[{"id":0, "name":"Hernandez Giles"}, {"id":1, "name":"Elaine Conner"}, {"id":2, "name":"Long Howe"}], "greeting":"Hello, Caldwell Williams! You have 8 unread messages.", "favoriteFruit":"banana"}