{"_id":"55e8b8c6a018911b841ce2b1", "index":109, "guid":"e0c88752-5fe3-498f-815b-a9f78d9a14ba", "isActive":false, "balance":"$6,230.43", "picture":"http://placehold.it/32x32", "age":26, "eyeColor":"blue", "name":"Vickie Lane", "gender":"female", "company":"VENOFLEX", "email":"vickielane@venoflex.com", "phone":"+1 (882) 585-2234", "address":"567 Eldert Street, Bend, Delaware, 3144", "about":"Proident nulla laboris culpa minim culpa amet et. Et ad dolore eu aliquip ullamco deserunt magna voluptate laborum est elit velit. Aliquip sint ea ut incididunt anim.\r\n", "registered":"2014-08-12T10:44:00 -07:00", "latitude":-21.184071, "longitude":-132.710831, "tags":["ea", "nostrud", "veniam", "quis", "in", "Lorem", "adipisicing"], "friends":[{"id":0, "name":"Chrystal Hendrix"}, {"id":1, "name":"Joanna Jennings"}, {"id":2, "name":"Vang Oneil"}], "greeting":"Hello, Vickie Lane! You have 8 unread messages.", "favoriteFruit":"apple"}