{"_id":"55e8b8c6abc1472ec63838f3", "index":1319, "guid":"911993d9-7964-4db2-9f19-c2dcdc1a0785", "isActive":true, "balance":"$8,337.80", "picture":"http://placehold.it/32x32", "age":23, "eyeColor":"brown", "name":"Valdez Higgins", "gender":"male", "company":"FLYBOYZ", "email":"valdezhiggins@flyboyz.com", "phone":"+1 (915) 557-2416", "address":"503 Story Street, Fulford, Mississippi, 6710", "about":"Sint sit consectetur nisi ullamco in duis dolor adipisicing pariatur et aliquip consequat. Veniam cillum in amet nostrud minim ut velit ut commodo duis duis laboris. Magna officia non ullamco amet fugiat pariatur aliqua ex exercitation tempor minim adipisicing. Labore ipsum elit voluptate minim cupidatat dolore enim deserunt dolore qui occaecat sunt. Commodo cillum est id ullamco deserunt ut proident.\r\n", "registered":"2015-04-08T04:03:14 -07:00", "latitude":-64.806067, "longitude":25.807501, "tags":["ipsum", "nulla", "tempor", "sunt", "veniam", "dolore", "non"], "friends":[{"id":0, "name":"Camacho Blevins"}, {"id":1, "name":"Josefa Macias"}, {"id":2, "name":"Francis Brooks"}], "greeting":"Hello, Valdez Higgins! You have 7 unread messages.", "favoriteFruit":"banana"}