{"_id":"55e8b8c6b3edfdc5d22b11e3", "index":1402, "guid":"a569b612-4f92-4beb-8810-75a1af7524bb", "isActive":true, "balance":"$7,689.89", "picture":"http://placehold.it/32x32", "age":39, "eyeColor":"green", "name":"Ramirez Duke", "gender":"male", "company":"ZIALACTIC", "email":"ramirezduke@zialactic.com", "phone":"+1 (990) 546-2342", "address":"125 Summit Street, Sedley, Federated States Of Micronesia, 7607", "about":"Deserunt est sint Lorem enim veniam. Adipisicing ea aliqua deserunt fugiat esse ad exercitation exercitation fugiat culpa ipsum deserunt quis consequat. Ipsum culpa eiusmod enim dolore. Et enim voluptate non aute voluptate Lorem. Nulla deserunt do quis labore nulla quis anim.\r\n", "registered":"2014-02-02T01:17:31 -07:00", "latitude":-57.745078, "longitude":72.522305, "tags":["commodo", "commodo", "sit", "proident", "commodo", "velit", "aute"], "friends":[{"id":0, "name":"Pitts Mcdonald"}, {"id":1, "name":"Duffy Hardin"}, {"id":2, "name":"Edith Ayers"}], "greeting":"Hello, Ramirez Duke! You have 9 unread messages.", "favoriteFruit":"strawberry"}