{"_id":"55e8b8c6c6ebfdc7d4a02f17", "index":1050, "guid":"cd28fcfa-33ab-406e-8d0c-7622993d50ca", "isActive":false, "balance":"$8,607.62", "picture":"http://placehold.it/32x32", "age":26, "eyeColor":"blue", "name":"Whitehead Barlow", "gender":"male", "company":"BICOL", "email":"whiteheadbarlow@bicol.com", "phone":"+1 (848) 440-3694", "address":"182 Gunther Place, Glidden, Kansas, 6357", "about":"Dolore ut duis eiusmod aute do sint velit. Incididunt non officia enim in sint. Cillum Lorem magna amet velit labore et anim. Laborum dolore aute ad elit amet velit laborum cillum. Nostrud occaecat incididunt ex voluptate Lorem do est do aliqua dolore. Eiusmod aute eu ut culpa elit aliquip velit velit proident deserunt. Amet deserunt incididunt cupidatat pariatur consectetur ullamco dolor ut sunt ut amet.\r\n", "registered":"2014-12-24T01:13:24 -07:00", "latitude":-69.918399, "longitude":12.080412, "tags":["ad", "ad", "labore", "velit", "et", "nisi", "excepteur"], "friends":[{"id":0, "name":"Russell Myers"}, {"id":1, "name":"Dianne Mayo"}, {"id":2, "name":"Cheri Pope"}], "greeting":"Hello, Whitehead Barlow! You have 10 unread messages.", "favoriteFruit":"strawberry"}