{"_id":"55e8b8c62823daab6645fc46", "index":1007, "guid":"b4ddd9e1-3a9d-4786-bcd5-f5ebc6733ec4", "isActive":true, "balance":"$5,713.06", "picture":"http://placehold.it/32x32", "age":38, "eyeColor":"blue", "name":"Lakisha Cross", "gender":"female", "company":"NAXDIS", "email":"lakishacross@naxdis.com", "phone":"+1 (877) 550-2267", "address":"366 Cropsey Avenue, Jackpot, Guam, 426", "about":"Magna eu dolor in fugiat qui aliquip veniam minim aliqua proident amet voluptate. Magna aliqua laborum voluptate ipsum excepteur incididunt duis elit amet velit ut do deserunt Lorem. Ullamco commodo dolor magna ipsum occaecat ex. Consequat proident ea laboris officia enim sunt occaecat. Occaecat occaecat anim ad ex eiusmod sit fugiat deserunt sit veniam.\r\n", "registered":"2014-08-07T05:33:18 -07:00", "latitude":86.947053, "longitude":-119.06314, "tags":["commodo", "laborum", "laboris", "ea", "eiusmod", "laborum", "tempor"], "friends":[{"id":0, "name":"Delacruz Acevedo"}, {"id":1, "name":"Hayden Salinas"}, {"id":2, "name":"Key Marks"}], "greeting":"Hello, Lakisha Cross! You have 6 unread messages.", "favoriteFruit":"banana"}