{"_id":"55e8b8c62d484ce8da842e5f", "index":1157, "guid":"430fa341-6eae-4471-98b0-482760a3657c", "isActive":true, "balance":"$4,052.85", "picture":"http://placehold.it/32x32", "age":26, "eyeColor":"brown", "name":"Cooley Mcintosh", "gender":"male", "company":"HOMETOWN", "email":"cooleymcintosh@hometown.com", "phone":"+1 (935) 437-3724", "address":"483 Moore Street, Fairhaven, New Mexico, 4541", "about":"Dolore aliquip aliqua nisi proident adipisicing consectetur labore et eu dolore sint. Laborum ex eu fugiat in aliquip in aliquip. Voluptate culpa enim eiusmod dolor anim occaecat cillum mollit esse voluptate magna irure sint. Est sint sunt tempor id consequat. Voluptate nostrud veniam consectetur nostrud voluptate cillum exercitation. Reprehenderit sunt eu veniam fugiat dolor consectetur eiusmod velit. Adipisicing reprehenderit sunt nulla aute culpa dolor esse ad nisi.\r\n", "registered":"2014-09-06T02:20:05 -07:00", "latitude":-72.443182, "longitude":55.058015, "tags":["in", "id", "commodo", "fugiat", "amet", "esse", "mollit"], "friends":[{"id":0, "name":"Aileen Perez"}, {"id":1, "name":"Millie Lowe"}, {"id":2, "name":"Eunice Howell"}], "greeting":"Hello, Cooley Mcintosh! You have 8 unread messages.", "favoriteFruit":"apple"}