{"_id":"55e8b8c66e6275f8fea423ad", "index":1063, "guid":"54552a88-156e-4ced-b632-4dd91cf4b552", "isActive":true, "balance":"$6,655.64", "picture":"http://placehold.it/32x32", "age":25, "eyeColor":"brown", "name":"Arnold Gonzalez", "gender":"male", "company":"NETUR", "email":"arnoldgonzalez@netur.com", "phone":"+1 (964) 485-3591", "address":"468 Duryea Court, Buxton, Oregon, 656", "about":"Nulla ad ex cillum labore sunt magna nulla deserunt dolore cillum. Quis cillum eiusmod ad exercitation veniam. Est id eiusmod irure officia labore labore culpa incididunt culpa commodo enim.\r\n", "registered":"2015-05-02T07:45:17 -07:00", "latitude":-13.706219, "longitude":-138.472716, "tags":["nostrud", "culpa", "officia", "cupidatat", "fugiat", "voluptate", "eiusmod"], "friends":[{"id":0, "name":"Renee Oneal"}, {"id":1, "name":"Bowers House"}, {"id":2, "name":"Velez Farley"}], "greeting":"Hello, Arnold Gonzalez! You have 9 unread messages.", "favoriteFruit":"apple"}