{"_id":"55e8b8c60cb0259b09e603ed", "index":1071, "guid":"0ba7ec93-5463-45a2-9476-8300fb2f9aaf", "isActive":false, "balance":"$7,040.95", "picture":"http://placehold.it/32x32", "age":35, "eyeColor":"green", "name":"Catherine Bartlett", "gender":"female", "company":"WARETEL", "email":"catherinebartlett@waretel.com", "phone":"+1 (979) 521-3758", "address":"771 Grimes Road, Trona, Virginia, 6648", "about":"Velit officia consectetur laborum in minim eu reprehenderit fugiat enim labore nostrud commodo consectetur reprehenderit. Nisi anim esse cupidatat voluptate incididunt labore sint mollit commodo esse adipisicing aliqua ea qui. Fugiat commodo minim aliqua aute aliquip incididunt laboris officia aute commodo id.\r\n", "registered":"2015-06-07T09:52:41 -07:00", "latitude":-34.498227, "longitude":1.262621, "tags":["anim", "labore", "dolor", "fugiat", "eiusmod", "officia", "laborum"], "friends":[{"id":0, "name":"Ola Walter"}, {"id":1, "name":"Reva Best"}, {"id":2, "name":"Pope Gardner"}], "greeting":"Hello, Catherine Bartlett! You have 7 unread messages.", "favoriteFruit":"banana"}