{"_id":"55e8b8c669269aec6372efc0", "index":144, "guid":"82188542-745d-4d5e-851b-2f9dfd88b147", "isActive":true, "balance":"$3,061.26", "picture":"http://placehold.it/32x32", "age":31, "eyeColor":"blue", "name":"Alvarado Cherry", "gender":"male", "company":"ZYTREX", "email":"alvaradocherry@zytrex.com", "phone":"+1 (806) 451-2726", "address":"195 Cornelia Street, Crayne, Utah, 1383", "about":"Aliqua ea do dolor pariatur consectetur in pariatur est Lorem cillum ipsum. Aliqua cupidatat cillum anim culpa consectetur duis quis id commodo ea ea voluptate. Mollit sit ullamco do nulla tempor qui pariatur eiusmod pariatur aliquip duis. Dolor in nostrud anim eiusmod labore aute. Consequat labore magna exercitation in enim veniam cupidatat tempor commodo ipsum. Fugiat laboris proident ea non consequat Lorem fugiat enim laborum. Exercitation ut esse reprehenderit dolor et irure irure elit.\r\n", "registered":"2014-01-18T09:19:10 -07:00", "latitude":47.01693, "longitude":-20.457129, "tags":["et", "adipisicing", "nisi", "velit", "do", "cillum", "id"], "friends":[{"id":0, "name":"Willie Garza"}, {"id":1, "name":"Shanna Booth"}, {"id":2, "name":"Chandra Boyle"}], "greeting":"Hello, Alvarado Cherry! You have 9 unread messages.", "favoriteFruit":"strawberry"}