{"_id":"55e8b8c67283a1f0ff53e3bd", "index":1260, "guid":"df6017f0-1e29-4e05-b159-f15d08f9ebd8", "isActive":true, "balance":"$5,846.15", "picture":"http://placehold.it/32x32", "age":35, "eyeColor":"brown", "name":"Herminia Downs", "gender":"female", "company":"SPACEWAX", "email":"herminiadowns@spacewax.com", "phone":"+1 (999) 577-2453", "address":"181 McKibbin Street, Limestone, Alabama, 9244", "about":"Cupidatat tempor qui ex in id ipsum dolore deserunt laborum ipsum est. Lorem exercitation elit consequat aliquip excepteur ea pariatur qui consectetur dolor. Mollit sint deserunt voluptate enim Lorem deserunt dolor quis consectetur nulla qui eiusmod Lorem proident. Deserunt aliquip labore ullamco eiusmod aliquip. Officia magna ea mollit cillum cillum.\r\n", "registered":"2014-06-28T05:05:27 -07:00", "latitude":-75.570226, "longitude":-84.733795, "tags":["anim", "culpa", "aliquip", "ad", "incididunt", "commodo", "culpa"], "friends":[{"id":0, "name":"Hallie David"}, {"id":1, "name":"Emily Nolan"}, {"id":2, "name":"English Parker"}], "greeting":"Hello, Herminia Downs! You have 6 unread messages.", "favoriteFruit":"apple"}