{"_id":"55e8b8c6c1c2b23e0ba62625", "index":1202, "guid":"48a0edf3-2089-47c5-8d40-6d825246338a", "isActive":false, "balance":"$8,272.77", "picture":"http://placehold.it/32x32", "age":36, "eyeColor":"green", "name":"Kline Hoover", "gender":"male", "company":"GEEKMOSIS", "email":"klinehoover@geekmosis.com", "phone":"+1 (814) 440-2623", "address":"750 Oceanic Avenue, Tuskahoma, Alabama, 9800", "about":"Veniam cillum exercitation officia ex sunt est culpa est qui voluptate consequat amet id. Id ea esse cupidatat id culpa. Sit tempor ut sit nostrud dolor laboris minim proident et aliqua. Irure proident ea sunt ut quis elit et. Ea qui sit amet elit consectetur fugiat ut dolor minim ullamco elit ullamco et.\r\n", "registered":"2014-06-30T04:15:24 -07:00", "latitude":77.692414, "longitude":-175.841603, "tags":["incididunt", "consequat", "qui", "deserunt", "in", "laboris", "laborum"], "friends":[{"id":0, "name":"Perkins Nicholson"}, {"id":1, "name":"Beth Velazquez"}, {"id":2, "name":"Sybil Parsons"}], "greeting":"Hello, Kline Hoover! You have 5 unread messages.", "favoriteFruit":"strawberry"}