{"_id":"55e8b8c6497ccc3a980a31ad", "index":1325, "guid":"437f6e78-ec70-4188-bea6-31b0bf8ea920", "isActive":false, "balance":"$4,129.50", "picture":"http://placehold.it/32x32", "age":30, "eyeColor":"green", "name":"Nichols Turner", "gender":"male", "company":"MULTRON", "email":"nicholsturner@multron.com", "phone":"+1 (960) 500-2206", "address":"458 Cadman Plaza, Cassel, New Hampshire, 5810", "about":"Dolore in incididunt veniam aliqua culpa cillum labore incididunt elit consectetur. Voluptate duis sit duis Lorem exercitation commodo enim minim sunt ipsum et enim ut. Voluptate irure nisi velit voluptate. Esse aute ut quis adipisicing mollit sunt consectetur exercitation in id. Cillum incididunt sint sint anim.\r\n", "registered":"2015-03-03T05:24:09 -07:00", "latitude":1.265873, "longitude":88.352627, "tags":["aute", "pariatur", "est", "anim", "aliqua", "dolore", "pariatur"], "friends":[{"id":0, "name":"Frye Graham"}, {"id":1, "name":"Mavis Carson"}, {"id":2, "name":"Esmeralda Allison"}], "greeting":"Hello, Nichols Turner! You have 1 unread messages.", "favoriteFruit":"apple"}