{"_id":"55e8b8c6055a001026053cf2", "index":1438, "guid":"66c2b4fe-f70b-4224-af2b-1325b0fb8b4b", "isActive":false, "balance":"$483.40", "picture":"http://placehold.it/32x32", "age":33, "eyeColor":"green", "name":"Jodie Watson", "gender":"female", "company":"SOLAREN", "email":"jodiewatson@solaren.com", "phone":"+1 (843) 553-3043", "address":"344 Beverley Road, Freelandville, South Carolina, 5354", "about":"Aliquip dolor dolore laboris tempor exercitation minim et voluptate incididunt enim occaecat exercitation ullamco. Pariatur in pariatur ex occaecat aute ullamco ad esse do adipisicing non id veniam cupidatat. Consequat magna nisi ea ullamco labore. Eu est dolore non sint. Proident occaecat sunt nisi veniam do nulla sit occaecat sunt duis nulla nisi. Deserunt culpa elit nulla ex culpa sunt elit elit consectetur.\r\n", "registered":"2015-03-24T10:22:09 -07:00", "latitude":-64.961439, "longitude":-122.832689, "tags":["sunt", "dolor", "esse", "deserunt", "esse", "velit", "amet"], "friends":[{"id":0, "name":"Maura Casey"}, {"id":1, "name":"Briggs Booker"}, {"id":2, "name":"Sofia Stanley"}], "greeting":"Hello, Jodie Watson! You have 3 unread messages.", "favoriteFruit":"strawberry"}