{"_id":"55e8b8c6c32689ecd4d4ab12", "index":1091, "guid":"d4710106-cd78-445c-abaf-4260a569bf04", "isActive":true, "balance":"$6,372.94", "picture":"http://placehold.it/32x32", "age":30, "eyeColor":"green", "name":"Jeanne Small", "gender":"female", "company":"JOVIOLD", "email":"jeannesmall@joviold.com", "phone":"+1 (868) 437-2261", "address":"859 Sapphire Street, Brethren, Iowa, 5776", "about":"Nostrud reprehenderit aliqua ipsum nulla sunt. Anim nulla id eiusmod aliquip cillum duis fugiat. Nulla Lorem exercitation sint officia consequat ipsum quis quis. Duis Lorem laboris ullamco proident esse sunt adipisicing voluptate tempor.\r\n", "registered":"2015-03-25T12:27:33 -07:00", "latitude":58.1418, "longitude":128.32279, "tags":["ullamco", "et", "adipisicing", "fugiat", "veniam", "elit", "cillum"], "friends":[{"id":0, "name":"Jacobson Roach"}, {"id":1, "name":"Stuart Fields"}, {"id":2, "name":"Tonya Waters"}], "greeting":"Hello, Jeanne Small! You have 5 unread messages.", "favoriteFruit":"apple"}