{"_id":"55e8b8c6dbafddd2afe28f54", "index":1164, "guid":"7503d6ac-0916-4a45-ad92-ba183eb9b417", "isActive":true, "balance":"$7,945.92", "picture":"http://placehold.it/32x32", "age":32, "eyeColor":"blue", "name":"Terrie Velez", "gender":"female", "company":"ORONOKO", "email":"terrievelez@oronoko.com", "phone":"+1 (860) 400-2816", "address":"350 Farragut Road, Hachita, North Dakota, 409", "about":"Irure velit proident ut ullamco quis id do esse occaecat. Duis enim reprehenderit cupidatat voluptate qui. Consectetur in est labore officia enim. Nostrud sunt elit mollit duis qui nisi reprehenderit. Ut do incididunt incididunt proident reprehenderit velit consectetur ex fugiat tempor. Elit mollit deserunt laboris cillum aliqua.\r\n", "registered":"2014-03-06T08:23:08 -07:00", "latitude":-34.190889, "longitude":-140.292157, "tags":["Lorem", "qui", "cupidatat", "laboris", "deserunt", "ex", "sit"], "friends":[{"id":0, "name":"Curry Stanton"}, {"id":1, "name":"Hill Daniel"}, {"id":2, "name":"Noble Skinner"}], "greeting":"Hello, Terrie Velez! You have 6 unread messages.", "favoriteFruit":"banana"}