{"_id":"55e8b8c64a4357678d3ccbaa", "index":1380, "guid":"861a1f93-ca94-45ef-817b-2b6d4cc4d772", "isActive":false, "balance":"$9,105.63", "picture":"http://placehold.it/32x32", "age":27, "eyeColor":"green", "name":"Ruth Powell", "gender":"female", "company":"OVIUM", "email":"ruthpowell@ovium.com", "phone":"+1 (942) 451-2471", "address":"583 Dumont Avenue, Curtice, South Carolina, 8777", "about":"Fugiat ullamco nisi nostrud irure tempor id duis mollit minim commodo enim irure. Mollit sit fugiat ipsum minim deserunt dolor esse. Non officia incididunt aliquip aute in elit labore consectetur. Amet Lorem Lorem commodo do consectetur Lorem dolore cupidatat ex consequat anim amet aliqua reprehenderit.\r\n", "registered":"2015-08-07T03:53:42 -07:00", "latitude":2.086396, "longitude":-152.810061, "tags":["nisi", "nostrud", "pariatur", "eiusmod", "adipisicing", "nulla", "excepteur"], "friends":[{"id":0, "name":"Constance Peck"}, {"id":1, "name":"Irwin Smith"}, {"id":2, "name":"Pam Larsen"}], "greeting":"Hello, Ruth Powell! You have 3 unread messages.", "favoriteFruit":"strawberry"}