{"_id":"55e8b8c69d99074c33b1cb14", "index":1328, "guid":"1f529a12-857c-46ec-8b35-fa288971465f", "isActive":false, "balance":"$5,627.13", "picture":"http://placehold.it/32x32", "age":31, "eyeColor":"brown", "name":"Garrison Mccall", "gender":"male", "company":"EWAVES", "email":"garrisonmccall@ewaves.com", "phone":"+1 (914) 572-3193", "address":"386 Seacoast Terrace, Basye, West Virginia, 5850", "about":"Minim aliquip ipsum elit esse sunt voluptate sunt aliqua sit ex est. Qui laboris non aliquip consequat aliquip est sint laboris amet incididunt. Quis ut esse officia incididunt.\r\n", "registered":"2015-08-25T02:44:57 -07:00", "latitude":-86.819889, "longitude":28.71476, "tags":["aliqua", "ex", "duis", "ut", "proident", "nulla", "veniam"], "friends":[{"id":0, "name":"Gallegos Owens"}, {"id":1, "name":"Harris Ayala"}, {"id":2, "name":"Lupe Horton"}], "greeting":"Hello, Garrison Mccall! You have 10 unread messages.", "favoriteFruit":"strawberry"}