{"_id":"55e8b8c637b6e96ad6c91c71", "index":1193, "guid":"6b2877ed-0b48-4923-858c-7624a8ef6294", "isActive":true, "balance":"$8,280.75", "picture":"http://placehold.it/32x32", "age":25, "eyeColor":"blue", "name":"Morin Whitfield", "gender":"male", "company":"CRUSTATIA", "email":"morinwhitfield@crustatia.com", "phone":"+1 (994) 464-3080", "address":"654 Barlow Drive, Noblestown, Georgia, 2905", "about":"Labore ipsum commodo elit deserunt do excepteur. Deserunt amet do adipisicing ea excepteur exercitation nostrud. Reprehenderit culpa mollit sint velit laboris labore occaecat ullamco esse anim laboris. Consequat quis ut anim amet.\r\n", "registered":"2014-06-19T07:57:08 -07:00", "latitude":-35.556407, "longitude":-27.026443, "tags":["do", "reprehenderit", "do", "mollit", "eiusmod", "id", "consequat"], "friends":[{"id":0, "name":"Lenora Ortiz"}, {"id":1, "name":"Maxine Oconnor"}, {"id":2, "name":"Mcleod Marquez"}], "greeting":"Hello, Morin Whitfield! You have 8 unread messages.", "favoriteFruit":"apple"}