{"_id":"55e8b8c605686474818c380f", "index":110, "guid":"1e787b70-9e16-4554-8865-72cd12023d48", "isActive":false, "balance":"$1,692.59", "picture":"http://placehold.it/32x32", "age":33, "eyeColor":"blue", "name":"Alyssa Salas", "gender":"female", "company":"CORIANDER", "email":"alyssasalas@coriander.com", "phone":"+1 (801) 413-2918", "address":"422 Irving Street, Forbestown, West Virginia, 8508", "about":"Aliquip aliqua sint ad mollit ullamco tempor proident deserunt cupidatat ad cillum labore quis non. Nulla est laboris do aliqua. Sunt dolor velit aliqua duis sint esse velit laboris aute est. Labore laboris deserunt incididunt in velit cillum elit ex consectetur. Enim consectetur et dolore enim sit minim id consequat incididunt consectetur. Mollit culpa excepteur eiusmod laboris sit culpa adipisicing reprehenderit fugiat sunt amet non.\r\n", "registered":"2015-05-30T09:39:58 -07:00", "latitude":-82.631591, "longitude":-146.670019, "tags":["commodo", "culpa", "aliqua", "non", "ex", "voluptate", "cillum"], "friends":[{"id":0, "name":"Lila Slater"}, {"id":1, "name":"Sweeney Dixon"}, {"id":2, "name":"Nolan Erickson"}], "greeting":"Hello, Alyssa Salas! You have 9 unread messages.", "favoriteFruit":"banana"}