{"_id":"55e8b8c6e5e5fe3e2cc772fa", "index":1179, "guid":"1ca076bd-24fd-4ba1-acc4-9feb428c4135", "isActive":false, "balance":"$2,908.46", "picture":"http://placehold.it/32x32", "age":36, "eyeColor":"brown", "name":"Gillespie Mclaughlin", "gender":"male", "company":"SUREPLEX", "email":"gillespiemclaughlin@sureplex.com", "phone":"+1 (957) 516-2406", "address":"709 Leonora Court, Suitland, Oregon, 7055", "about":"Quis voluptate excepteur laboris elit et dolore. Nisi aute occaecat do magna tempor occaecat minim dolore. Non aliqua nulla deserunt pariatur ad anim id consectetur aliqua ipsum consequat. Labore est ea commodo mollit excepteur magna deserunt id incididunt exercitation qui aliqua. Cupidatat aute et veniam nulla cillum cillum sint ad et anim sunt culpa. Quis elit aute do esse excepteur id ad velit cillum elit ipsum do.\r\n", "registered":"2015-07-01T08:21:45 -07:00", "latitude":-7.753183, "longitude":33.68107, "tags":["sint", "in", "in", "adipisicing", "pariatur", "quis", "do"], "friends":[{"id":0, "name":"Valarie Gentry"}, {"id":1, "name":"Benton Mcleod"}, {"id":2, "name":"Roth Wilkinson"}], "greeting":"Hello, Gillespie Mclaughlin! You have 5 unread messages.", "favoriteFruit":"banana"}