{"_id":"55e8b8c697869bda0b8a56f2", "index":1102, "guid":"e728aa27-34bb-4cac-91e1-eaa083afadd2", "isActive":false, "balance":"$7,810.00", "picture":"http://placehold.it/32x32", "age":25, "eyeColor":"green", "name":"Alberta Patrick", "gender":"female", "company":"EMPIRICA", "email":"albertapatrick@empirica.com", "phone":"+1 (872) 504-2183", "address":"360 Loring Avenue, Highland, Maryland, 327", "about":"Velit nostrud reprehenderit anim quis ut in exercitation fugiat cillum excepteur cupidatat cillum cupidatat. Ullamco ex minim cillum elit id in tempor consequat pariatur. Lorem commodo aliquip Lorem ad nostrud. Magna elit esse enim anim velit non minim. Sit dolore consectetur ut occaecat consectetur officia ipsum amet non reprehenderit incididunt.\r\n", "registered":"2014-08-30T07:18:36 -07:00", "latitude":-26.642602, "longitude":-104.814492, "tags":["laborum", "laboris", "laborum", "ut", "enim", "adipisicing", "esse"], "friends":[{"id":0, "name":"Kidd Garcia"}, {"id":1, "name":"Santana Paul"}, {"id":2, "name":"June Preston"}], "greeting":"Hello, Alberta Patrick! You have 7 unread messages.", "favoriteFruit":"strawberry"}