{"_id":"55e8b8c61b6f24d944c761ec", "index":1081, "guid":"4e0933bc-857b-4ecd-8014-7a30029d7053", "isActive":false, "balance":"$7,128.12", "picture":"http://placehold.it/32x32", "age":37, "eyeColor":"blue", "name":"Stokes Sherman", "gender":"male", "company":"ARCTIQ", "email":"stokessherman@arctiq.com", "phone":"+1 (862) 494-2187", "address":"968 Waldorf Court, Needmore, Arkansas, 3184", "about":"Sunt sint mollit id eu adipisicing sint esse duis. Id cillum ea culpa laboris mollit aliqua elit irure labore minim anim aliqua sint do. Qui ex nulla consectetur eu id magna sint cillum anim sit amet consectetur. Occaecat laborum adipisicing incididunt non ipsum labore velit reprehenderit enim aute magna sit. Consequat in ad do pariatur incididunt consectetur aliquip ut duis. Lorem id sint ea in aliquip aliquip amet sunt. Velit dolore veniam ullamco culpa.\r\n", "registered":"2014-07-31T10:45:13 -07:00", "latitude":-29.38352, "longitude":46.683359, "tags":["adipisicing", "deserunt", "magna", "nostrud", "aute", "sunt", "culpa"], "friends":[{"id":0, "name":"Lea Lloyd"}, {"id":1, "name":"Diann Thomas"}, {"id":2, "name":"Maribel Riggs"}], "greeting":"Hello, Stokes Sherman! You have 5 unread messages.", "favoriteFruit":"banana"}