{"_id":"55e8b8c61be52e0371c6b756", "index":1355, "guid":"3bc93bab-cc43-4f75-b48e-eccfab5bacb8", "isActive":false, "balance":"$3,321.09", "picture":"http://placehold.it/32x32", "age":20, "eyeColor":"blue", "name":"Burke Thompson", "gender":"male", "company":"OTHERSIDE", "email":"burkethompson@otherside.com", "phone":"+1 (891) 495-2071", "address":"440 Newkirk Avenue, Davenport, Guam, 1173", "about":"Quis tempor amet commodo eu esse. Duis nostrud labore enim laborum anim commodo. Esse tempor cupidatat excepteur sit mollit qui ex commodo non sunt proident. Proident velit pariatur ea qui aliquip dolor consequat eiusmod veniam ipsum velit duis aute. Incididunt commodo dolore ad anim sit ut.\r\n", "registered":"2015-01-18T01:30:47 -07:00", "latitude":-52.182118, "longitude":-92.254242, "tags":["id", "aute", "veniam", "velit", "qui", "qui", "officia"], "friends":[{"id":0, "name":"Rivers Heath"}, {"id":1, "name":"Ellison Sharpe"}, {"id":2, "name":"Francesca Jarvis"}], "greeting":"Hello, Burke Thompson! You have 7 unread messages.", "favoriteFruit":"strawberry"}