{"_id":"55e8b8c6165d47ff96d62f11", "index":14, "guid":"f15f77c2-0d94-4aeb-9820-b47dbb4a631a", "isActive":true, "balance":"$2,528.68", "picture":"http://placehold.it/32x32", "age":21, "eyeColor":"green", "name":"Callahan Trujillo", "gender":"male", "company":"SOLGAN", "email":"callahantrujillo@solgan.com", "phone":"+1 (897) 456-2526", "address":"978 Bay Avenue, Hebron, District Of Columbia, 1228", "about":"Velit ullamco velit magna sit consectetur eu sint voluptate. Consequat eiusmod non ad nostrud cupidatat nisi amet sunt amet ullamco ex. Aute occaecat magna do velit amet ipsum pariatur. Quis excepteur esse cupidatat consectetur velit veniam. Quis culpa est deserunt esse deserunt labore dolor cupidatat cillum ut mollit nostrud voluptate est. Enim magna sint Lorem sit deserunt laborum culpa non fugiat aute fugiat.\r\n", "registered":"2014-01-23T08:13:45 -07:00", "latitude":-83.835046, "longitude":-46.695264, "tags":["dolor", "ad", "aliqua", "esse", "deserunt", "pariatur", "cupidatat"], "friends":[{"id":0, "name":"Celina Pearson"}, {"id":1, "name":"Daisy Riley"}, {"id":2, "name":"Cunningham Holder"}], "greeting":"Hello, Callahan Trujillo! You have 6 unread messages.", "favoriteFruit":"banana"}