{"_id":"55e8b8c6f9f313a9af3280b1", "index":1447, "guid":"4fa37ce2-4337-4683-bb36-2fcb52e21bb1", "isActive":false, "balance":"$3,056.89", "picture":"http://placehold.it/32x32", "age":30, "eyeColor":"green", "name":"Valerie Alford", "gender":"female", "company":"MAKINGWAY", "email":"valeriealford@makingway.com", "phone":"+1 (885) 474-3010", "address":"696 Heyward Street, Leland, New Mexico, 7294", "about":"Ut sint occaecat adipisicing aliqua reprehenderit sint. Tempor adipisicing fugiat aliqua ut consequat adipisicing proident ullamco sit. Aliquip duis nostrud nisi officia sit ut culpa qui. Velit deserunt enim veniam consectetur excepteur enim ad.\r\n", "registered":"2014-04-27T05:56:36 -07:00", "latitude":-31.699558, "longitude":58.985293, "tags":["ad", "Lorem", "aute", "nostrud", "dolor", "enim", "esse"], "friends":[{"id":0, "name":"Dominguez Gomez"}, {"id":1, "name":"Melinda Gilbert"}, {"id":2, "name":"Kara Morse"}], "greeting":"Hello, Valerie Alford! You have 4 unread messages.", "favoriteFruit":"strawberry"}