{"_id":"55e8b8c611f5bb4c8b02121d", "index":1400, "guid":"5d3d60fd-b321-4cd0-92cb-b5e6e8d3a317", "isActive":true, "balance":"$445.75", "picture":"http://placehold.it/32x32", "age":36, "eyeColor":"brown", "name":"Ophelia Watkins", "gender":"female", "company":"GADTRON", "email":"opheliawatkins@gadtron.com", "phone":"+1 (971) 450-2467", "address":"970 Noble Street, Frank, Missouri, 4223", "about":"Dolore in commodo ad id. Sint consequat in cupidatat eu est do dolor deserunt Lorem non anim. Dolor incididunt ipsum Lorem ullamco. Proident ea tempor non eiusmod fugiat dolor id sunt dolor. Aliqua ex enim velit commodo incididunt cupidatat est anim mollit adipisicing.\r\n", "registered":"2014-01-11T10:25:18 -07:00", "latitude":15.696489, "longitude":-173.762607, "tags":["eu", "irure", "proident", "culpa", "nostrud", "est", "reprehenderit"], "friends":[{"id":0, "name":"Mcdaniel Mcgee"}, {"id":1, "name":"Stewart Norton"}, {"id":2, "name":"Tanya Alexander"}], "greeting":"Hello, Ophelia Watkins! You have 10 unread messages.", "favoriteFruit":"strawberry"}