{"_id":"55e8b8c6bbee08cc00ec5510", "index":1218, "guid":"84d99a63-f719-488a-84f6-5f1fca91c327", "isActive":true, "balance":"$2,471.26", "picture":"http://placehold.it/32x32", "age":34, "eyeColor":"brown", "name":"Trisha Holloway", "gender":"female", "company":"NAVIR", "email":"trishaholloway@navir.com", "phone":"+1 (952) 491-2521", "address":"824 Blake Court, Oretta, Maryland, 8424", "about":"Aliquip qui cupidatat ullamco minim. Dolor dolore laborum occaecat eiusmod. Laborum ad duis exercitation cillum laboris fugiat. Exercitation esse velit laborum sit sint aliqua id incididunt. Eiusmod consequat incididunt laborum Lorem nostrud non ipsum cillum fugiat velit do cupidatat eu. Cillum aliqua exercitation adipisicing esse officia cupidatat ut non ad. Nulla elit fugiat amet dolor cillum.\r\n", "registered":"2015-03-06T06:22:59 -07:00", "latitude":-53.956559, "longitude":14.503425, "tags":["esse", "dolor", "adipisicing", "laborum", "deserunt", "incididunt", "nostrud"], "friends":[{"id":0, "name":"Hughes Nichols"}, {"id":1, "name":"Krista Cohen"}, {"id":2, "name":"Bryan Houston"}], "greeting":"Hello, Trisha Holloway! You have 2 unread messages.", "favoriteFruit":"banana"}