{"_id":"55e8b8c6ff12fa3fc680580e", "index":1092, "guid":"77647be3-c473-4109-8d9a-0a2758f44059", "isActive":false, "balance":"$4,354.89", "picture":"http://placehold.it/32x32", "age":38, "eyeColor":"green", "name":"Eaton Mills", "gender":"male", "company":"VIAGRAND", "email":"eatonmills@viagrand.com", "phone":"+1 (830) 525-2622", "address":"446 Canton Court, Bendon, Florida, 6360", "about":"Laboris laborum dolor aliquip consequat consequat tempor voluptate ipsum minim in enim occaecat. Aliquip laborum ut laborum officia nisi eiusmod adipisicing ipsum. Quis dolor occaecat voluptate sit. Laborum mollit exercitation enim nostrud incididunt commodo irure reprehenderit irure. Nostrud sit duis voluptate consectetur dolor nulla aliqua ullamco nulla exercitation exercitation amet incididunt mollit. Do sunt elit cupidatat consectetur.\r\n", "registered":"2015-06-19T01:42:41 -07:00", "latitude":-70.831665, "longitude":179.865291, "tags":["consectetur", "non", "enim", "in", "ut", "veniam", "ex"], "friends":[{"id":0, "name":"Dawn Haney"}, {"id":1, "name":"Leta Bullock"}, {"id":2, "name":"Sandy Huff"}], "greeting":"Hello, Eaton Mills! You have 8 unread messages.", "favoriteFruit":"banana"}