{"_id":"55e8b8c612143194778edcea", "index":1395, "guid":"ba517402-1d97-445f-94cb-a448d4a86375", "isActive":true, "balance":"$5,721.65", "picture":"http://placehold.it/32x32", "age":23, "eyeColor":"blue", "name":"Savannah Mann", "gender":"female", "company":"CENTREE", "email":"savannahmann@centree.com", "phone":"+1 (827) 535-3141", "address":"208 Bethel Loop, Healy, Idaho, 2101", "about":"Duis Lorem est in eiusmod incididunt quis ullamco. Consectetur velit enim in officia. Culpa mollit laboris nisi dolor pariatur. Eu nisi reprehenderit culpa ex duis deserunt velit in anim consequat ullamco nisi. Sint eiusmod qui adipisicing nulla labore non Lorem minim elit culpa quis sit labore.\r\n", "registered":"2015-06-10T09:11:33 -07:00", "latitude":30.541348, "longitude":-89.584307, "tags":["eiusmod", "est", "eu", "esse", "do", "consequat", "tempor"], "friends":[{"id":0, "name":"Paula Pugh"}, {"id":1, "name":"Hull Thornton"}, {"id":2, "name":"Baird Cole"}], "greeting":"Hello, Savannah Mann! You have 10 unread messages.", "favoriteFruit":"banana"}