{"_id":"55e8b8c637316c2f6d70f814", "index":1360, "guid":"8cd8f610-a704-422e-8162-0159ed3b9ed7", "isActive":false, "balance":"$2,489.56", "picture":"http://placehold.it/32x32", "age":30, "eyeColor":"brown", "name":"Barr Petty", "gender":"male", "company":"STREZZO", "email":"barrpetty@strezzo.com", "phone":"+1 (931) 451-3335", "address":"341 Agate Court, Rosewood, Tennessee, 4741", "about":"Sint mollit fugiat magna ipsum exercitation pariatur ea laborum esse do. Nulla labore culpa tempor quis commodo. Proident irure cillum commodo fugiat anim magna. Laboris cupidatat incididunt consectetur cupidatat cillum nulla velit ea aute irure ad nisi et voluptate. Ipsum culpa tempor nulla dolor incididunt nulla. Eiusmod pariatur tempor quis ex ea fugiat.\r\n", "registered":"2015-08-03T10:34:15 -07:00", "latitude":24.166929, "longitude":83.196239, "tags":["proident", "proident", "cillum", "ut", "deserunt", "laborum", "qui"], "friends":[{"id":0, "name":"Ada Hayden"}, {"id":1, "name":"Regina Bowman"}, {"id":2, "name":"Miles Shelton"}], "greeting":"Hello, Barr Petty! You have 9 unread messages.", "favoriteFruit":"apple"}