{"_id":"55e8b8c622bf30abba440d86", "index":1206, "guid":"dfa331db-510e-4a73-bf1e-605258741f06", "isActive":false, "balance":"$9,304.28", "picture":"http://placehold.it/32x32", "age":30, "eyeColor":"green", "name":"Jasmine Hahn", "gender":"female", "company":"SHADEASE", "email":"jasminehahn@shadease.com", "phone":"+1 (905) 459-2196", "address":"145 Furman Street, Dola, South Carolina, 6428", "about":"Irure est magna voluptate dolor nulla reprehenderit ex velit voluptate cupidatat. Ipsum et dolore fugiat tempor magna laborum sint pariatur eu nisi nulla. Anim enim esse occaecat mollit aute.\r\n", "registered":"2015-08-29T07:55:42 -07:00", "latitude":-70.03824, "longitude":14.560389, "tags":["anim", "excepteur", "incididunt", "consectetur", "cupidatat", "labore", "eiusmod"], "friends":[{"id":0, "name":"Kim Frederick"}, {"id":1, "name":"Leblanc Barton"}, {"id":2, "name":"Blackwell Mueller"}], "greeting":"Hello, Jasmine Hahn! You have 2 unread messages.", "favoriteFruit":"banana"}