{"_id":"55e8b8c6ee3451bac9793d95", "index":1404, "guid":"c37d69f3-a697-488a-bb5a-76a301938cb1", "isActive":false, "balance":"$3,823.41", "picture":"http://placehold.it/32x32", "age":34, "eyeColor":"brown", "name":"Vicky Good", "gender":"female", "company":"QUIZKA", "email":"vickygood@quizka.com", "phone":"+1 (994) 418-3595", "address":"717 Ingraham Street, Elrama, Marshall Islands, 3180", "about":"Officia irure magna dolor aliqua laborum. Non eiusmod culpa sunt consectetur nisi. Dolore do commodo magna aute esse consectetur do sit consectetur do aute veniam excepteur irure. Lorem Lorem proident magna irure ullamco qui adipisicing proident sit duis velit dolore deserunt reprehenderit.\r\n", "registered":"2015-03-21T03:15:11 -07:00", "latitude":78.361801, "longitude":-86.876548, "tags":["adipisicing", "dolor", "duis", "proident", "Lorem", "aute", "ullamco"], "friends":[{"id":0, "name":"Mack Gross"}, {"id":1, "name":"Booth Rosa"}, {"id":2, "name":"Evangelina Vaughn"}], "greeting":"Hello, Vicky Good! You have 2 unread messages.", "favoriteFruit":"strawberry"}