{"_id":"55e8b8c668b65ec695921407", "index":1243, "guid":"7316ed16-15e1-4159-b5ef-fbd019d2409b", "isActive":false, "balance":"$775.93", "picture":"http://placehold.it/32x32", "age":21, "eyeColor":"blue", "name":"Berry Wong", "gender":"male", "company":"PREMIANT", "email":"berrywong@premiant.com", "phone":"+1 (850) 541-2563", "address":"693 Bijou Avenue, Kilbourne, Texas, 2953", "about":"Minim veniam labore id culpa officia reprehenderit est labore labore anim. Voluptate est culpa incididunt exercitation tempor nisi est voluptate nulla eu aliquip pariatur esse cillum. Excepteur nisi esse et officia officia commodo sunt proident id sit. Quis incididunt exercitation ullamco pariatur cupidatat.\r\n", "registered":"2014-09-01T06:34:01 -07:00", "latitude":-34.037165, "longitude":35.122919, "tags":["sunt", "excepteur", "ipsum", "voluptate", "reprehenderit", "dolor", "amet"], "friends":[{"id":0, "name":"Ashley Adkins"}, {"id":1, "name":"Letitia Barron"}, {"id":2, "name":"Haley Weaver"}], "greeting":"Hello, Berry Wong! You have 4 unread messages.", "favoriteFruit":"banana"}