{"_id":"55e8b8c68bf6a2af7e4ca7a5", "index":1425, "guid":"7eda8877-203c-435a-93d2-8cd7df125b02", "isActive":true, "balance":"$2,007.64", "picture":"http://placehold.it/32x32", "age":40, "eyeColor":"blue", "name":"Pace Morales", "gender":"male", "company":"TALKOLA", "email":"pacemorales@talkola.com", "phone":"+1 (934) 523-3974", "address":"703 Rockaway Parkway, Makena, Georgia, 1722", "about":"Sunt culpa officia occaecat cillum non. Nostrud aliquip et commodo laborum tempor est officia. Elit velit voluptate nostrud aute ipsum eiusmod dolore aliquip commodo aute esse aute mollit velit. Nulla culpa labore dolore et consectetur cillum qui minim veniam sunt aute sint cillum.\r\n", "registered":"2014-07-25T12:11:24 -07:00", "latitude":-1.833663, "longitude":-66.58796, "tags":["culpa", "fugiat", "laboris", "cillum", "nostrud", "enim", "ea"], "friends":[{"id":0, "name":"Delia Patterson"}, {"id":1, "name":"Hahn Diaz"}, {"id":2, "name":"Frieda Hyde"}], "greeting":"Hello, Pace Morales! You have 3 unread messages.", "favoriteFruit":"apple"}