{"_id":"55e8b8c62fcaf2d9cba842f9", "index":1094, "guid":"2863f62c-adc2-4b2c-b130-9780859d5a4f", "isActive":false, "balance":"$4,915.30", "picture":"http://placehold.it/32x32", "age":23, "eyeColor":"brown", "name":"Deena Padilla", "gender":"female", "company":"NIQUENT", "email":"deenapadilla@niquent.com", "phone":"+1 (977) 449-3041", "address":"188 Riverdale Avenue, Gorst, Louisiana, 8958", "about":"Do Lorem proident laborum sunt eiusmod sunt pariatur duis. Consequat aute laborum tempor ullamco occaecat deserunt reprehenderit duis elit enim voluptate. Sint labore reprehenderit culpa deserunt est proident sunt anim est velit sunt quis fugiat. Occaecat consequat esse nulla commodo consectetur. Pariatur enim nisi cillum Lorem esse nulla adipisicing in magna consequat labore excepteur enim Lorem. Laborum minim adipisicing ullamco ut nulla consequat sint est proident culpa incididunt culpa laboris labore. Ex ipsum ut sint laborum.\r\n", "registered":"2014-02-12T07:58:33 -07:00", "latitude":0.198118, "longitude":117.946669, "tags":["consectetur", "nisi", "do", "irure", "consequat", "ea", "sunt"], "friends":[{"id":0, "name":"Lela Hampton"}, {"id":1, "name":"Avila Boone"}, {"id":2, "name":"Wanda Maxwell"}], "greeting":"Hello, Deena Padilla! You have 3 unread messages.", "favoriteFruit":"apple"}