{"_id":"55e8b8c691b9deae950b9178", "index":1090, "guid":"3cecc683-97db-412d-ad55-9109f02d9656", "isActive":false, "balance":"$3,394.62", "picture":"http://placehold.it/32x32", "age":26, "eyeColor":"blue", "name":"Ayala Clay", "gender":"male", "company":"XPLOR", "email":"ayalaclay@xplor.com", "phone":"+1 (823) 411-2149", "address":"151 Powers Street, Titanic, South Carolina, 6824", "about":"Qui excepteur ex esse labore excepteur aliquip cillum cupidatat eiusmod amet. Amet elit occaecat ea fugiat ut aute consequat. Anim sunt labore quis aute irure eu reprehenderit reprehenderit aliquip id labore. Nisi dolor non in culpa minim voluptate ipsum culpa aliquip anim est anim ea. Laborum dolore laborum in ipsum tempor aute minim cillum exercitation cupidatat. Duis amet id exercitation deserunt in voluptate ex sunt culpa adipisicing qui consectetur ex veniam.\r\n", "registered":"2014-03-14T08:39:48 -07:00", "latitude":-4.530244, "longitude":-147.075229, "tags":["sunt", "cupidatat", "fugiat", "excepteur", "aliquip", "anim", "tempor"], "friends":[{"id":0, "name":"Greer Curry"}, {"id":1, "name":"Juliana Bass"}, {"id":2, "name":"Stevens Waller"}], "greeting":"Hello, Ayala Clay! You have 10 unread messages.", "favoriteFruit":"apple"}