{"_id":"55e8b8c6adc22f94a6afc0b4", "index":1109, "guid":"07af47bc-6425-4462-85c6-3f2f8ce1187c", "isActive":false, "balance":"$7,910.29", "picture":"http://placehold.it/32x32", "age":23, "eyeColor":"brown", "name":"Lakeisha Salas", "gender":"female", "company":"CORIANDER", "email":"lakeishasalas@coriander.com", "phone":"+1 (905) 535-2321", "address":"735 Irving Street, Forbestown, Illinois, 2961", "about":"Eu et do non velit elit. Lorem consectetur ullamco mollit eiusmod do elit aliquip elit enim eiusmod. Tempor laborum laboris sit fugiat ipsum. Nostrud voluptate sint et duis ullamco cillum pariatur. Officia sint ipsum pariatur enim do dolor nisi reprehenderit sit adipisicing do commodo tempor. Veniam eiusmod nostrud reprehenderit et id.\r\n", "registered":"2014-10-11T03:07:45 -07:00", "latitude":-21.172036, "longitude":-86.955612, "tags":["adipisicing", "labore", "elit", "in", "deserunt", "aute", "consequat"], "friends":[{"id":0, "name":"Spencer Slater"}, {"id":1, "name":"Lorie Dixon"}, {"id":2, "name":"Castaneda Erickson"}], "greeting":"Hello, Lakeisha Salas! You have 9 unread messages.", "favoriteFruit":"banana"}