{"_id":"55e8b8c6cfc80a6542532228", "index":1031, "guid":"29235441-036b-4bf8-9845-c2db35f3aa22", "isActive":false, "balance":"$7,356.16", "picture":"http://placehold.it/32x32", "age":23, "eyeColor":"blue", "name":"Owen Koch", "gender":"male", "company":"MEDCOM", "email":"owenkoch@medcom.com", "phone":"+1 (989) 433-3281", "address":"920 Brooklyn Avenue, Hiko, Montana, 372", "about":"Anim ut cillum qui et labore duis quis incididunt mollit consequat incididunt. Velit est dolor aliquip enim cupidatat ea excepteur laboris fugiat elit excepteur. Do aliqua cillum non amet deserunt adipisicing. Excepteur nostrud tempor labore sunt ut dolore quis laboris ea est. Ullamco ad ex do amet deserunt cupidatat minim eu anim qui ut dolor laboris. Voluptate non nisi velit consequat quis irure velit.\r\n", "registered":"2015-05-05T10:42:11 -07:00", "latitude":46.522211, "longitude":-131.478735, "tags":["eiusmod", "dolor", "eiusmod", "sit", "ea", "minim", "ipsum"], "friends":[{"id":0, "name":"Aisha Reed"}, {"id":1, "name":"Gail Meyer"}, {"id":2, "name":"Tonia Nelson"}], "greeting":"Hello, Owen Koch! You have 3 unread messages.", "favoriteFruit":"strawberry"}