{"_id":"55e8b8c6661cb6423b2d9350", "index":1087, "guid":"2483945d-0f31-4eb7-bcb3-8299dc73ee8b", "isActive":false, "balance":"$9,648.80", "picture":"http://placehold.it/32x32", "age":34, "eyeColor":"green", "name":"Janine West", "gender":"female", "company":"REALYSIS", "email":"janinewest@realysis.com", "phone":"+1 (911) 498-2856", "address":"223 Schweikerts Walk, Garberville, Mississippi, 489", "about":"Incididunt irure minim sunt laborum nisi culpa. Excepteur ex reprehenderit Lorem dolor irure culpa enim. Sint consectetur voluptate ut consequat commodo dolor Lorem elit dolore reprehenderit nostrud magna. Et in elit officia nulla anim dolor enim velit nulla nulla proident. Qui commodo reprehenderit non ex.\r\n", "registered":"2015-04-29T11:13:29 -07:00", "latitude":-17.360727, "longitude":-104.543271, "tags":["aute", "consectetur", "pariatur", "magna", "Lorem", "deserunt", "exercitation"], "friends":[{"id":0, "name":"Slater Cochran"}, {"id":1, "name":"Zamora Flynn"}, {"id":2, "name":"Church Chambers"}], "greeting":"Hello, Janine West! You have 3 unread messages.", "favoriteFruit":"apple"}