{"_id":"55e8b8c6a576b8cd4b1a873f", "index":1273, "guid":"45f6333a-c790-4217-9364-32437b20163b", "isActive":true, "balance":"$4,791.59", "picture":"http://placehold.it/32x32", "age":28, "eyeColor":"blue", "name":"Adriana Huffman", "gender":"female", "company":"GOGOL", "email":"adrianahuffman@gogol.com", "phone":"+1 (989) 465-2444", "address":"461 Aberdeen Street, Wauhillau, New Mexico, 7190", "about":"Dolore aliqua sunt mollit ex ipsum irure. Occaecat irure ullamco culpa aliquip sint ipsum reprehenderit ipsum exercitation in aliqua. Veniam labore sint exercitation aute dolore. Ut sint magna minim fugiat proident culpa ipsum deserunt labore duis aliquip. Dolor aliquip quis sint mollit. Esse voluptate culpa cillum velit adipisicing anim elit tempor laboris et sit. Sint eu do occaecat sit culpa anim ullamco commodo non dolore consequat aute nostrud.\r\n", "registered":"2015-07-04T03:07:43 -07:00", "latitude":-12.610153, "longitude":149.361265, "tags":["incididunt", "do", "excepteur", "incididunt", "aute", "nulla", "cillum"], "friends":[{"id":0, "name":"Valencia Holman"}, {"id":1, "name":"Josefina Baird"}, {"id":2, "name":"Dudley Bowers"}], "greeting":"Hello, Adriana Huffman! You have 3 unread messages.", "favoriteFruit":"banana"}