{"_id":"55e8b8c612168c047befc5a9", "index":1121, "guid":"4aab9866-6363-4d20-9fe5-cb15f34c60d7", "isActive":false, "balance":"$5,012.47", "picture":"http://placehold.it/32x32", "age":28, "eyeColor":"blue", "name":"Martinez Rutledge", "gender":"male", "company":"GEEKFARM", "email":"martinezrutledge@geekfarm.com", "phone":"+1 (914) 479-2939", "address":"708 President Street, Fillmore, Oregon, 3495", "about":"Excepteur quis Lorem commodo in excepteur magna nostrud ut incididunt sint sint. Est irure deserunt eiusmod aliqua. Cupidatat cillum commodo quis dolor consectetur ea elit duis. Ut ex duis do aute elit esse Lorem culpa quis in velit. Lorem anim ipsum et nisi sint exercitation dolor aliqua ut aute. Laboris tempor dolor laborum sit cupidatat dolor ut elit labore excepteur nostrud et.\r\n", "registered":"2015-05-04T10:50:20 -07:00", "latitude":15.01534, "longitude":-178.653591, "tags":["irure", "exercitation", "ipsum", "ad", "id", "consectetur", "ex"], "friends":[{"id":0, "name":"Howard Russell"}, {"id":1, "name":"Thompson Dorsey"}, {"id":2, "name":"Jill Rich"}], "greeting":"Hello, Martinez Rutledge! You have 2 unread messages.", "favoriteFruit":"strawberry"}