{"_id":"55e8b8c64756eccc45197afd", "index":1189, "guid":"dff1d17d-b285-46a3-96c0-cbf98de70d6c", "isActive":false, "balance":"$4,925.90", "picture":"http://placehold.it/32x32", "age":28, "eyeColor":"brown", "name":"Andrews Stanley", "gender":"male", "company":"TASMANIA", "email":"andrewsstanley@tasmania.com", "phone":"+1 (813) 491-2484", "address":"564 Belvidere Street, Hegins, Kentucky, 9437", "about":"Irure ipsum tempor non veniam quis exercitation eu elit cupidatat pariatur sint labore aliquip. Officia nulla adipisicing deserunt ex ipsum. Ullamco amet nostrud reprehenderit ullamco deserunt magna anim nulla velit. Ullamco duis pariatur sunt aliquip ipsum dolore aliquip magna ut fugiat eu consequat. Irure ut officia labore minim est tempor ipsum culpa. Enim ipsum labore enim ut non dolore in velit occaecat sit.\r\n", "registered":"2014-10-07T02:26:59 -07:00", "latitude":24.701504, "longitude":-92.333981, "tags":["occaecat", "voluptate", "proident", "sunt", "dolore", "nostrud", "amet"], "friends":[{"id":0, "name":"Frazier Wood"}, {"id":1, "name":"Louise Knowles"}, {"id":2, "name":"Dolly Berger"}], "greeting":"Hello, Andrews Stanley! You have 4 unread messages.", "favoriteFruit":"strawberry"}