{"_id":"55e8b8c6c6e4dc72c6b0fd48", "index":1304, "guid":"ad81a1a6-203a-49a6-a6f0-21c6a79442a6", "isActive":false, "balance":"$2,986.65", "picture":"http://placehold.it/32x32", "age":38, "eyeColor":"blue", "name":"Walsh Pennington", "gender":"male", "company":"COMTRACT", "email":"walshpennington@comtract.com", "phone":"+1 (957) 514-3772", "address":"451 Willow Place, Detroit, Utah, 1683", "about":"Nostrud minim enim cupidatat veniam consequat mollit mollit nostrud ipsum Lorem irure velit. Pariatur pariatur ullamco officia fugiat mollit aute quis magna enim nostrud excepteur labore pariatur Lorem. Commodo fugiat ea veniam elit. Consectetur quis cupidatat dolor cillum eu proident id exercitation voluptate. Consectetur exercitation ut esse pariatur sit esse nulla eu ad sint nisi ipsum.\r\n", "registered":"2015-01-06T09:18:25 -07:00", "latitude":-47.368916, "longitude":-92.922472, "tags":["ullamco", "cillum", "veniam", "dolor", "in", "laborum", "incididunt"], "friends":[{"id":0, "name":"Parker Santos"}, {"id":1, "name":"Moses Bush"}, {"id":2, "name":"Garner Mckinney"}], "greeting":"Hello, Walsh Pennington! You have 4 unread messages.", "favoriteFruit":"strawberry"}