{"_id":"55e8b8c631ca4f288ac721da", "index":1059, "guid":"90a1d330-19cf-4ef7-97e4-813d85cc7293", "isActive":true, "balance":"$1,418.77", "picture":"http://placehold.it/32x32", "age":25, "eyeColor":"blue", "name":"Hurley Pena", "gender":"male", "company":"OPTICALL", "email":"hurleypena@opticall.com", "phone":"+1 (911) 464-3779", "address":"480 Nova Court, Campo, Massachusetts, 4173", "about":"Dolore adipisicing tempor enim magna. Nostrud in quis aliqua esse nulla qui amet nulla. Aliquip dolore officia officia ex consectetur irure est ad reprehenderit aute excepteur. Quis sit sit ea quis in minim nisi deserunt pariatur ipsum minim do. Duis sit ut fugiat veniam duis reprehenderit tempor dolore in esse non cupidatat enim.\r\n", "registered":"2015-07-26T01:04:43 -07:00", "latitude":63.415033, "longitude":-131.506276, "tags":["velit", "aliqua", "dolor", "laborum", "elit", "laborum", "ex"], "friends":[{"id":0, "name":"Shauna Mooney"}, {"id":1, "name":"Nellie Stephens"}, {"id":2, "name":"Rae Walton"}], "greeting":"Hello, Hurley Pena! You have 9 unread messages.", "favoriteFruit":"strawberry"}