{"_id":"55e8b8c6beb8b15e6770130f", "index":113, "guid":"55b1be41-bfa5-49e9-bfd0-6609a2352ffd", "isActive":true, "balance":"$8,514.39", "picture":"http://placehold.it/32x32", "age":27, "eyeColor":"blue", "name":"Louisa Landry", "gender":"female", "company":"PROTODYNE", "email":"louisalandry@protodyne.com", "phone":"+1 (829) 449-3418", "address":"283 Eastern Parkway, Carlos, New Mexico, 4531", "about":"Pariatur dolore consequat in ipsum cupidatat mollit cillum nostrud pariatur sunt veniam eiusmod. Sit ad et sint sit enim sunt nisi minim. Voluptate nulla eiusmod do consequat. In officia quis ullamco cillum ut. Eu consequat deserunt in ad.\r\n", "registered":"2014-03-26T03:01:48 -07:00", "latitude":-17.097495, "longitude":-120.208122, "tags":["fugiat", "anim", "aute", "ullamco", "eu", "sunt", "do"], "friends":[{"id":0, "name":"Phillips Norman"}, {"id":1, "name":"Hester Britt"}, {"id":2, "name":"Alejandra Frazier"}], "greeting":"Hello, Louisa Landry! You have 9 unread messages.", "favoriteFruit":"apple"}