{"_id":"55e8b8c6e3c726c9c3f717c6", "index":1435, "guid":"83941870-3248-4e85-87bc-9bb6839dba62", "isActive":true, "balance":"$5,780.16", "picture":"http://placehold.it/32x32", "age":32, "eyeColor":"blue", "name":"Madden Griffin", "gender":"male", "company":"LYRIA", "email":"maddengriffin@lyria.com", "phone":"+1 (896) 479-3756", "address":"306 Quentin Road, Why, Mississippi, 7134", "about":"Irure ad in cillum exercitation exercitation incididunt occaecat occaecat veniam. Nisi ullamco incididunt ipsum quis. Voluptate officia aliqua nostrud duis consequat reprehenderit commodo pariatur veniam occaecat.\r\n", "registered":"2014-06-04T12:22:38 -07:00", "latitude":-5.250155, "longitude":-162.863132, "tags":["deserunt", "nisi", "nulla", "enim", "Lorem", "laboris", "commodo"], "friends":[{"id":0, "name":"Jewell Sparks"}, {"id":1, "name":"Garza Jacobs"}, {"id":2, "name":"William Haley"}], "greeting":"Hello, Madden Griffin! You have 9 unread messages.", "favoriteFruit":"strawberry"}