{"_id":"55e8b8c6141c2eb4f2005b9d", "index":1085, "guid":"bc22c171-b98c-4b21-9ba1-4df6c61cbf58", "isActive":false, "balance":"$519.61", "picture":"http://placehold.it/32x32", "age":38, "eyeColor":"blue", "name":"Janelle Campbell", "gender":"female", "company":"INFOTRIPS", "email":"janellecampbell@infotrips.com", "phone":"+1 (957) 420-3068", "address":"493 Kenmore Court, Weeksville, Washington, 8928", "about":"Magna laborum et officia aliqua cupidatat velit deserunt Lorem veniam do laboris tempor ea. Incididunt consequat sit aliquip commodo ut aliqua labore anim sunt aute fugiat mollit. Culpa aute eu adipisicing consectetur occaecat culpa culpa.\r\n", "registered":"2014-09-18T07:51:02 -07:00", "latitude":25.113505, "longitude":0.884614, "tags":["fugiat", "aute", "esse", "qui", "fugiat", "mollit", "laboris"], "friends":[{"id":0, "name":"Whitfield Bauer"}, {"id":1, "name":"Haney Battle"}, {"id":2, "name":"Celia Deleon"}], "greeting":"Hello, Janelle Campbell! You have 6 unread messages.", "favoriteFruit":"apple"}