{"_id":"55e8b8c6563f864d655ae893", "index":1229, "guid":"36adde92-cb32-4277-8b32-141ed7d66560", "isActive":false, "balance":"$3,597.84", "picture":"http://placehold.it/32x32", "age":34, "eyeColor":"green", "name":"Hines Reilly", "gender":"male", "company":"JAMNATION", "email":"hinesreilly@jamnation.com", "phone":"+1 (986) 436-3862", "address":"392 Kay Court, Movico, Wisconsin, 6272", "about":"Aute irure ullamco ut sit fugiat ea reprehenderit magna labore. Culpa duis consequat consectetur dolore voluptate ad in reprehenderit sunt sunt. Occaecat in ea esse ad proident quis ad laboris enim tempor sit aliqua. Aliqua ullamco quis ut quis sint.\r\n", "registered":"2015-01-14T12:04:10 -07:00", "latitude":-47.305923, "longitude":26.189022, "tags":["ipsum", "ipsum", "velit", "non", "fugiat", "voluptate", "proident"], "friends":[{"id":0, "name":"Sullivan Hughes"}, {"id":1, "name":"Bridges Pierce"}, {"id":2, "name":"Suarez Taylor"}], "greeting":"Hello, Hines Reilly! You have 7 unread messages.", "favoriteFruit":"strawberry"}