{"_id":"55e8b8c6e5160cd40e4419d7", "index":1424, "guid":"c90d1029-082c-4ab1-b022-b0c8a01016fe", "isActive":false, "balance":"$2,514.38", "picture":"http://placehold.it/32x32", "age":28, "eyeColor":"blue", "name":"Hoffman Dean", "gender":"male", "company":"MEGALL", "email":"hoffmandean@megall.com", "phone":"+1 (990) 595-3680", "address":"304 Bogart Street, Fairforest, New Jersey, 3650", "about":"Nostrud magna dolore incididunt tempor voluptate aliquip quis pariatur consectetur labore. Cupidatat esse in commodo consequat sit aliqua eiusmod et non in. Ex ex ex dolore incididunt dolore aliqua occaecat deserunt quis reprehenderit. Fugiat ad laborum dolore eu incididunt eiusmod est proident quis non enim duis in. Pariatur cupidatat labore incididunt consectetur aute veniam elit excepteur ea deserunt cillum. Eiusmod adipisicing nostrud elit proident reprehenderit id dolor nulla excepteur ipsum officia.\r\n", "registered":"2014-03-28T01:34:25 -07:00", "latitude":86.354561, "longitude":66.500536, "tags":["quis", "ipsum", "reprehenderit", "commodo", "ut", "eu", "sit"], "friends":[{"id":0, "name":"Washington Walsh"}, {"id":1, "name":"Vaughn Zamora"}, {"id":2, "name":"Molly Hines"}], "greeting":"Hello, Hoffman Dean! You have 4 unread messages.", "favoriteFruit":"strawberry"}