{"_id":"55e8b8c60909a7cb32ecfd37", "index":1073, "guid":"5786a50f-5348-4c64-a4a9-a9a90b94fab6", "isActive":false, "balance":"$5,610.93", "picture":"http://placehold.it/32x32", "age":27, "eyeColor":"green", "name":"Madeleine Frye", "gender":"female", "company":"COMTENT", "email":"madeleinefrye@comtent.com", "phone":"+1 (824) 553-3858", "address":"320 Llama Court, Roulette, Kentucky, 1719", "about":"Velit elit dolore veniam eu et deserunt est. Anim labore magna nulla ex mollit aliquip enim labore Lorem ipsum amet minim ad. Est adipisicing in consequat dolor tempor ipsum anim incididunt velit esse incididunt. Et anim duis exercitation pariatur minim eiusmod do amet ut consectetur nulla cupidatat. Aliquip ea occaecat pariatur tempor ullamco labore commodo enim. Laborum quis id duis dolore Lorem et ad veniam.\r\n", "registered":"2014-01-31T06:59:52 -07:00", "latitude":62.157381, "longitude":139.665969, "tags":["aliquip", "ullamco", "minim", "deserunt", "officia", "aliquip", "labore"], "friends":[{"id":0, "name":"Mcmillan Grimes"}, {"id":1, "name":"Yvonne Wilson"}, {"id":2, "name":"Sadie Carr"}], "greeting":"Hello, Madeleine Frye! You have 7 unread messages.", "favoriteFruit":"apple"}