{"_id":"55e8b8c6df1f1549c5d3ecac", "index":1131, "guid":"226b3513-24fb-4020-a8c3-c0ef5f7ee701", "isActive":false, "balance":"$3,509.75", "picture":"http://placehold.it/32x32", "age":21, "eyeColor":"green", "name":"Juliet Larsen", "gender":"female", "company":"EARTHPLEX", "email":"julietlarsen@earthplex.com", "phone":"+1 (945) 409-2405", "address":"464 High Street, Vale, Kentucky, 2868", "about":"Pariatur sint eu laborum Lorem voluptate ad voluptate reprehenderit amet ea nostrud anim dolore. Commodo aute fugiat in aliquip et nostrud in ipsum anim fugiat ad cillum ad. Reprehenderit dolore qui aliquip do laboris elit aliqua dolore ut. Occaecat cupidatat amet dolore deserunt reprehenderit ea incididunt excepteur labore in nulla consequat exercitation. Excepteur cupidatat aliqua sit consectetur ut ipsum cupidatat sint et ex dolor exercitation ut proident. Pariatur enim eiusmod ex voluptate incididunt consectetur fugiat aute dolore occaecat ullamco amet.\r\n", "registered":"2015-05-21T10:43:00 -07:00", "latitude":19.686871, "longitude":174.194911, "tags":["esse", "est", "excepteur", "culpa", "sint", "proident", "officia"], "friends":[{"id":0, "name":"Alvarado Kaufman"}, {"id":1, "name":"Sheri Gordon"}, {"id":2, "name":"Buchanan Lee"}], "greeting":"Hello, Juliet Larsen! You have 5 unread messages.", "favoriteFruit":"banana"}