{"_id":"55e8b8c6b4eb337bde4647e1", "index":1412, "guid":"5b325c04-7589-4930-9416-50e52f23e777", "isActive":false, "balance":"$6,277.68", "picture":"http://placehold.it/32x32", "age":31, "eyeColor":"green", "name":"Meagan Medina", "gender":"female", "company":"CODACT", "email":"meaganmedina@codact.com", "phone":"+1 (939) 400-2406", "address":"434 Strong Place, Enoree, Michigan, 129", "about":"Mollit quis amet labore veniam consectetur minim Lorem do. Enim est ex sunt culpa ut ea sunt ut nulla aliquip deserunt. Laborum aliquip tempor incididunt veniam ipsum aliqua enim eu ad est minim duis. Fugiat officia consequat cillum eu eiusmod amet est tempor eiusmod. Consectetur elit non cillum tempor non eiusmod veniam quis culpa sint do dolor quis exercitation. Do magna qui proident nostrud in officia non voluptate elit et officia adipisicing excepteur non.\r\n", "registered":"2014-12-26T08:52:05 -07:00", "latitude":-23.711279, "longitude":111.867331, "tags":["irure", "ex", "Lorem", "dolor", "elit", "nisi", "consectetur"], "friends":[{"id":0, "name":"Ofelia Holcomb"}, {"id":1, "name":"Richard York"}, {"id":2, "name":"Harriett Nieves"}], "greeting":"Hello, Meagan Medina! You have 2 unread messages.", "favoriteFruit":"banana"}