{"_id":"55e8b8c6a023840c2e8b19e3", "index":1075, "guid":"2d9fdd12-2aa9-490c-8114-47e73e741b47", "isActive":true, "balance":"$3,443.89", "picture":"http://placehold.it/32x32", "age":27, "eyeColor":"blue", "name":"Luann Aguilar", "gender":"female", "company":"NIPAZ", "email":"luannaguilar@nipaz.com", "phone":"+1 (959) 478-2875", "address":"556 Louise Terrace, Keyport, Nebraska, 373", "about":"Ut adipisicing in sint sit ipsum nulla. Laborum dolore aliqua ullamco nulla amet laboris elit commodo proident tempor tempor proident dolor ipsum. Consequat occaecat laboris excepteur esse ut incididunt esse velit Lorem aliqua anim. Incididunt excepteur anim consequat anim minim culpa aute elit adipisicing pariatur et ullamco. Pariatur deserunt eu elit cupidatat consectetur dolore laboris incididunt mollit do consequat duis esse. Nisi do cupidatat sit aute cupidatat laboris occaecat labore ut.\r\n", "registered":"2015-08-06T02:44:37 -07:00", "latitude":14.601961, "longitude":100.346005, "tags":["non", "fugiat", "adipisicing", "eiusmod", "irure", "ad", "sit"], "friends":[{"id":0, "name":"Mcmahon Turner"}, {"id":1, "name":"Jayne Graham"}, {"id":2, "name":"Reeves Carson"}], "greeting":"Hello, Luann Aguilar! You have 7 unread messages.", "favoriteFruit":"apple"}