{"_id":"55e8b8c672dacc168ceb60f1", "index":1415, "guid":"db1484d2-71d7-4a72-ab96-efa16da0d735", "isActive":true, "balance":"$5,466.53", "picture":"http://placehold.it/32x32", "age":23, "eyeColor":"blue", "name":"Phyllis Peters", "gender":"female", "company":"ESSENSIA", "email":"phyllispeters@essensia.com", "phone":"+1 (823) 434-3012", "address":"250 Billings Place, Deercroft, California, 4681", "about":"Quis labore voluptate consectetur consequat proident. Adipisicing consectetur culpa ad deserunt tempor in in duis aliqua occaecat consectetur. Consequat occaecat sunt eiusmod labore. Duis id ex anim sit aliqua culpa anim fugiat proident non sunt culpa dolor consequat. Cupidatat nisi fugiat do sunt incididunt veniam deserunt magna consectetur officia incididunt adipisicing dolor.\r\n", "registered":"2014-01-12T01:57:17 -07:00", "latitude":-1.966536, "longitude":-172.017298, "tags":["sit", "duis", "nisi", "laboris", "ut", "irure", "sint"], "friends":[{"id":0, "name":"Newman Alston"}, {"id":1, "name":"Natasha Burks"}, {"id":2, "name":"Rich Burns"}], "greeting":"Hello, Phyllis Peters! You have 10 unread messages.", "favoriteFruit":"strawberry"}