{"_id":"55e8b8c689eb36cfad33c8ab", "index":1372, "guid":"be9f3b14-b6ad-4918-a9bd-75d7ef6c11ed", "isActive":false, "balance":"$7,187.26", "picture":"http://placehold.it/32x32", "age":31, "eyeColor":"green", "name":"Morgan Mccoy", "gender":"male", "company":"GEEKKO", "email":"morganmccoy@geekko.com", "phone":"+1 (858) 474-2596", "address":"162 King Street, Neibert, Ohio, 5107", "about":"Excepteur velit elit veniam exercitation duis velit excepteur ex fugiat velit fugiat. Excepteur consequat aliquip incididunt nulla nulla est fugiat anim officia adipisicing. Non dolor nostrud cupidatat Lorem eiusmod eu pariatur.\r\n", "registered":"2015-03-27T04:47:14 -07:00", "latitude":-60.394079, "longitude":63.96123, "tags":["deserunt", "pariatur", "commodo", "nulla", "dolore", "do", "mollit"], "friends":[{"id":0, "name":"Underwood Davenport"}, {"id":1, "name":"Pollard Mitchell"}, {"id":2, "name":"Rosie Bradford"}], "greeting":"Hello, Morgan Mccoy! You have 7 unread messages.", "favoriteFruit":"banana"}