{"_id":"55e8b8c68d14de44c68e7b8b", "index":1303, "guid":"26536031-3771-4cb5-84b3-b2a7dff89fa8", "isActive":true, "balance":"$3,969.99", "picture":"http://placehold.it/32x32", "age":40, "eyeColor":"blue", "name":"Samantha Wise", "gender":"female", "company":"RODEOLOGY", "email":"samanthawise@rodeology.com", "phone":"+1 (931) 434-2681", "address":"919 Maujer Street, Ryderwood, Virginia, 6947", "about":"Esse velit est dolor minim nisi veniam do esse eu amet consequat excepteur sint. Pariatur anim eu labore sint laboris irure ullamco consequat ullamco. Ex laborum proident nisi veniam sint.\r\n", "registered":"2014-08-30T05:22:59 -07:00", "latitude":83.906395, "longitude":45.530439, "tags":["ex", "magna", "amet", "minim", "cupidatat", "laborum", "eu"], "friends":[{"id":0, "name":"Johnson Bradshaw"}, {"id":1, "name":"Natalie Hurley"}, {"id":2, "name":"Iva Schultz"}], "greeting":"Hello, Samantha Wise! You have 9 unread messages.", "favoriteFruit":"apple"}