{"_id":"55e8b8c679462786144696c3", "index":1387, "guid":"5816dcf4-78c5-4ea6-bd4b-e7ee9eb96b70", "isActive":false, "balance":"$4,581.67", "picture":"http://placehold.it/32x32", "age":33, "eyeColor":"brown", "name":"Rios Kemp", "gender":"male", "company":"CAPSCREEN", "email":"rioskemp@capscreen.com", "phone":"+1 (815) 555-3836", "address":"876 Schenck Street, Salix, Maine, 6099", "about":"Eiusmod do duis magna non do occaecat ullamco esse esse. Voluptate elit eu anim veniam culpa ad cupidatat. Pariatur exercitation minim veniam ullamco. Ea dolore sint anim sunt non cupidatat ad proident consequat esse ullamco nostrud do. Aliquip aliqua reprehenderit labore do et sint ea. Esse do laboris velit ex ut officia voluptate.\r\n", "registered":"2014-09-19T08:06:19 -07:00", "latitude":13.233547, "longitude":45.493956, "tags":["et", "nostrud", "pariatur", "anim", "enim", "irure", "eu"], "friends":[{"id":0, "name":"Mari Sweeney"}, {"id":1, "name":"Chavez Hodge"}, {"id":2, "name":"Moss Hunter"}], "greeting":"Hello, Rios Kemp! You have 2 unread messages.", "favoriteFruit":"strawberry"}