{"_id":"55e8b8c641aa8da98c2e8145", "index":1356, "guid":"493fc349-6b8a-4e2c-8951-d0b1da590687", "isActive":true, "balance":"$7,459.92", "picture":"http://placehold.it/32x32", "age":27, "eyeColor":"green", "name":"Farrell Kennedy", "gender":"male", "company":"GALLAXIA", "email":"farrellkennedy@gallaxia.com", "phone":"+1 (823) 496-3236", "address":"396 Lenox Road, Beaverdale, Northern Mariana Islands, 9720", "about":"Ad ad occaecat mollit dolor quis anim cupidatat elit. Fugiat culpa Lorem et nostrud velit nostrud proident minim incididunt ullamco laborum voluptate enim sint. Proident in occaecat commodo non magna. Officia duis veniam culpa ea est esse Lorem. Non irure et velit consequat. Consequat consequat labore fugiat cillum voluptate deserunt aliqua in esse est anim. Ut sunt sunt laboris aliqua ullamco ut ea exercitation.\r\n", "registered":"2015-03-27T06:31:28 -07:00", "latitude":-40.320162, "longitude":-98.936853, "tags":["velit", "ex", "Lorem", "enim", "nulla", "nisi", "aute"], "friends":[{"id":0, "name":"Todd Butler"}, {"id":1, "name":"Barrera Combs"}, {"id":2, "name":"Madge Berg"}], "greeting":"Hello, Farrell Kennedy! You have 9 unread messages.", "favoriteFruit":"strawberry"}