{"_id":"55e8b8c65de1ecfb6256d34f", "index":1389, "guid":"86d16cb1-f565-4fab-b9dc-1d276b882836", "isActive":true, "balance":"$8,403.66", "picture":"http://placehold.it/32x32", "age":38, "eyeColor":"blue", "name":"Juana Sanford", "gender":"female", "company":"NEOCENT", "email":"juanasanford@neocent.com", "phone":"+1 (900) 538-3581", "address":"953 Ryder Avenue, Olney, New Mexico, 5052", "about":"Proident mollit esse dolor do veniam. Ex magna Lorem non Lorem est anim et. Do veniam veniam laboris adipisicing duis amet anim eu ex proident in qui officia. Esse non magna aliquip cillum.\r\n", "registered":"2014-04-03T01:21:15 -07:00", "latitude":-38.733626, "longitude":-150.77222, "tags":["non", "do", "Lorem", "fugiat", "laborum", "nostrud", "ex"], "friends":[{"id":0, "name":"Myers Reynolds"}, {"id":1, "name":"Casandra Jensen"}, {"id":2, "name":"Rice Moss"}], "greeting":"Hello, Juana Sanford! You have 4 unread messages.", "favoriteFruit":"banana"}