{"_id":"55e8b8c647ac11e8d414dcc4", "index":1331, "guid":"01fcbaef-f158-488f-b128-3a61da55dd02", "isActive":false, "balance":"$2,916.13", "picture":"http://placehold.it/32x32", "age":37, "eyeColor":"brown", "name":"Kim Lloyd", "gender":"male", "company":"ILLUMITY", "email":"kimlloyd@illumity.com", "phone":"+1 (844) 535-2795", "address":"918 Argyle Road, Lewis, New Mexico, 2251", "about":"Duis laborum adipisicing cillum excepteur tempor et elit incididunt exercitation id ex aliquip do. Qui tempor id veniam est adipisicing ipsum consequat Lorem do in. Officia proident Lorem pariatur laboris ad culpa. Duis est excepteur nulla consequat ut velit commodo anim occaecat excepteur irure. Magna labore ut magna nostrud amet ullamco voluptate irure sint minim commodo laborum tempor. Nisi fugiat sunt minim Lorem Lorem enim voluptate dolor nisi ut irure.\r\n", "registered":"2015-05-30T04:35:31 -07:00", "latitude":5.107553, "longitude":62.017385, "tags":["ullamco", "consectetur", "pariatur", "consequat", "in", "mollit", "duis"], "friends":[{"id":0, "name":"Mccoy Thomas"}, {"id":1, "name":"Estela Riggs"}, {"id":2, "name":"Janette Arnold"}], "greeting":"Hello, Kim Lloyd! You have 8 unread messages.", "favoriteFruit":"apple"}