{"_id":"55e8b8c614d6253448105064", "index":133, "guid":"4d94c72b-bf63-4b26-a3db-5e6a31e0faee", "isActive":false, "balance":"$37.61", "picture":"http://placehold.it/32x32", "age":36, "eyeColor":"green", "name":"Marissa Stone", "gender":"female", "company":"MICROLUXE", "email":"marissastone@microluxe.com", "phone":"+1 (845) 589-2807", "address":"640 Delmonico Place, Chicopee, Vermont, 6053", "about":"Aute do eu nostrud aliqua nulla ut ea tempor magna sit sint nulla. Ipsum et cupidatat quis ipsum Lorem officia reprehenderit nostrud tempor irure cupidatat occaecat deserunt Lorem. Excepteur laboris et aliquip nisi fugiat ea eu culpa amet Lorem anim amet qui cillum. Culpa officia deserunt mollit sunt nostrud aliquip exercitation. Dolor mollit incididunt non nisi velit dolor. Occaecat deserunt ullamco dolor pariatur enim. Proident minim irure nisi sit anim aliqua proident in.\r\n", "registered":"2014-02-20T10:47:40 -07:00", "latitude":-72.600556, "longitude":38.688976, "tags":["mollit", "dolor", "sint", "commodo", "consectetur", "culpa", "exercitation"], "friends":[{"id":0, "name":"Ana Cannon"}, {"id":1, "name":"Lizzie Clemons"}, {"id":2, "name":"Brock Mack"}], "greeting":"Hello, Marissa Stone! You have 4 unread messages.", "favoriteFruit":"banana"}