{"_id":"55e8b8c6e0e67c8a16ec329c", "index":1363, "guid":"a28b57f1-e26b-4841-b311-f911e1ea7fc7", "isActive":false, "balance":"$9,858.73", "picture":"http://placehold.it/32x32", "age":26, "eyeColor":"blue", "name":"Tracy Noel", "gender":"female", "company":"XANIDE", "email":"tracynoel@xanide.com", "phone":"+1 (885) 441-2538", "address":"934 Claver Place, Adamstown, Kentucky, 2284", "about":"Non dolor sint culpa laborum sunt nisi pariatur laboris deserunt nostrud eu. Magna enim consectetur exercitation ex ipsum adipisicing ullamco eiusmod dolore exercitation aliquip excepteur dolor. Laboris tempor officia velit proident exercitation consectetur deserunt aute ea ex ex quis. Duis est laborum ut laboris dolore veniam enim pariatur dolore. In eu deserunt labore ea id ex officia anim. Pariatur aliquip minim deserunt labore velit minim occaecat et cupidatat aliquip non non.\r\n", "registered":"2015-06-25T12:17:34 -07:00", "latitude":-24.368109, "longitude":-129.836565, "tags":["culpa", "do", "dolore", "ullamco", "est", "consectetur", "laboris"], "friends":[{"id":0, "name":"Laverne Morrow"}, {"id":1, "name":"Audra Hensley"}, {"id":2, "name":"Christine Scott"}], "greeting":"Hello, Tracy Noel! You have 10 unread messages.", "favoriteFruit":"banana"}