{"_id":"55e8b8c69ec9e2fc02550329", "index":1257, "guid":"c60c17a7-249a-4520-8549-7839834dd07e", "isActive":false, "balance":"$7,694.50", "picture":"http://placehold.it/32x32", "age":22, "eyeColor":"blue", "name":"Patrick Acevedo", "gender":"male", "company":"TOURMANIA", "email":"patrickacevedo@tourmania.com", "phone":"+1 (832) 448-3799", "address":"775 Grafton Street, Verdi, Connecticut, 2098", "about":"Mollit aliqua labore ut cillum cupidatat occaecat voluptate. Ad consequat ut duis sunt id laborum fugiat. Officia ut occaecat reprehenderit nulla dolor ipsum aliquip velit. Amet ea irure nostrud reprehenderit ut ut occaecat deserunt reprehenderit sint esse. Cillum sunt duis laboris veniam anim incididunt mollit ullamco nisi excepteur dolore. Nisi voluptate veniam nostrud proident deserunt.\r\n", "registered":"2014-01-16T01:31:39 -07:00", "latitude":81.283608, "longitude":104.00852, "tags":["eiusmod", "enim", "pariatur", "pariatur", "aliquip", "mollit", "anim"], "friends":[{"id":0, "name":"Nunez Salinas"}, {"id":1, "name":"Suzette Marks"}, {"id":2, "name":"Jannie Gray"}], "greeting":"Hello, Patrick Acevedo! You have 2 unread messages.", "favoriteFruit":"strawberry"}