{"_id":"55e8b8c6822dcb802a2aa494", "index":102, "guid":"ebc81959-56a4-4cf1-8f87-03b115c86a32", "isActive":false, "balance":"$4,695.11", "picture":"http://placehold.it/32x32", "age":23, "eyeColor":"brown", "name":"Stevens Gamble", "gender":"male", "company":"BUZZWORKS", "email":"stevensgamble@buzzworks.com", "phone":"+1 (943) 544-2964", "address":"423 Lewis Place, Kenvil, Alaska, 7452", "about":"Nostrud dolor pariatur dolor ea nisi labore culpa proident ex nulla id ipsum est. Tempor labore reprehenderit proident excepteur aliqua. Non velit consectetur quis duis. Voluptate et anim proident fugiat voluptate esse excepteur laborum ex reprehenderit. Ipsum dolore minim eiusmod ipsum id. Est nulla aute ut pariatur voluptate id magna cupidatat ex do laboris excepteur deserunt. Incididunt cupidatat nulla laborum laboris in elit tempor deserunt eiusmod officia fugiat in.\r\n", "registered":"2014-04-04T10:28:17 -07:00", "latitude":4.864432, "longitude":-81.919899, "tags":["amet", "eiusmod", "officia", "do", "elit", "qui", "ut"], "friends":[{"id":0, "name":"Jacobson Wright"}, {"id":1, "name":"Ethel Mcguire"}, {"id":2, "name":"Stuart Cote"}], "greeting":"Hello, Stevens Gamble! You have 7 unread messages.", "favoriteFruit":"strawberry"}