{"_id":"55e8b8c6de95cb34a4f7d090", "index":1396, "guid":"29ad8596-a581-4b7b-a1d0-b1213d985900", "isActive":false, "balance":"$4,786.28", "picture":"http://placehold.it/32x32", "age":31, "eyeColor":"blue", "name":"Liliana Brennan", "gender":"female", "company":"ACLIMA", "email":"lilianabrennan@aclima.com", "phone":"+1 (982) 449-3271", "address":"120 Dobbin Street, Sidman, North Dakota, 8504", "about":"Deserunt adipisicing et exercitation commodo ut. Sunt eu do officia id adipisicing. Nisi cillum sint nisi tempor duis velit.\r\n", "registered":"2015-02-17T06:35:42 -07:00", "latitude":-33.343077, "longitude":-80.008921, "tags":["occaecat", "anim", "aute", "ut", "pariatur", "laborum", "nisi"], "friends":[{"id":0, "name":"Margery Mcmillan"}, {"id":1, "name":"Anita Ray"}, {"id":2, "name":"Hinton Nixon"}], "greeting":"Hello, Liliana Brennan! You have 5 unread messages.", "favoriteFruit":"strawberry"}