{"_id":"55e8b8c6efafda30369ec474", "index":1153, "guid":"3a832152-ff46-4252-b705-7e6f6fdab821", "isActive":false, "balance":"$674.09", "picture":"http://placehold.it/32x32", "age":24, "eyeColor":"brown", "name":"Fanny Ayers", "gender":"female", "company":"COMBOGENE", "email":"fannyayers@combogene.com", "phone":"+1 (847) 532-3198", "address":"691 Bayard Street, Brule, Delaware, 6663", "about":"Labore ipsum id fugiat laborum officia qui sint enim aliquip eu cupidatat commodo excepteur. Pariatur ea ex occaecat qui do ex adipisicing esse consectetur. Anim deserunt sit elit ut ad anim mollit ullamco labore. Exercitation cillum aliquip eu ipsum tempor nostrud. Laboris enim non aliquip aliqua proident esse magna veniam anim adipisicing ex id proident.\r\n", "registered":"2014-04-01T10:41:57 -07:00", "latitude":-37.045496, "longitude":-80.439955, "tags":["duis", "ex", "minim", "fugiat", "nostrud", "veniam", "nulla"], "friends":[{"id":0, "name":"Best Nash"}, {"id":1, "name":"Mayer Hopper"}, {"id":2, "name":"Pratt Russo"}], "greeting":"Hello, Fanny Ayers! You have 3 unread messages.", "favoriteFruit":"strawberry"}