{"_id":"55e8b8c6782f731305b8f940", "index":1391, "guid":"4140b729-f300-481b-a033-b54dd2a628b9", "isActive":true, "balance":"$6,241.50", "picture":"http://placehold.it/32x32", "age":31, "eyeColor":"green", "name":"Williamson Duran", "gender":"male", "company":"HYPLEX", "email":"williamsonduran@hyplex.com", "phone":"+1 (910) 430-3522", "address":"348 Dekalb Avenue, Chesapeake, Puerto Rico, 2655", "about":"Cupidatat non incididunt ad Lorem irure officia ea commodo pariatur consequat nulla irure commodo. Velit amet ad quis reprehenderit ex. Voluptate Lorem amet officia anim ullamco aliqua culpa aliqua dolore velit et ad exercitation fugiat. Tempor ut eiusmod fugiat laborum Lorem cupidatat. Commodo incididunt officia ullamco ullamco esse excepteur mollit sit cillum tempor dolor enim anim velit.\r\n", "registered":"2014-01-23T09:33:15 -07:00", "latitude":30.912937, "longitude":-21.417512, "tags":["in", "velit", "sunt", "reprehenderit", "magna", "tempor", "incididunt"], "friends":[{"id":0, "name":"Kennedy Burton"}, {"id":1, "name":"Ericka Puckett"}, {"id":2, "name":"Robinson Franco"}], "greeting":"Hello, Williamson Duran! You have 9 unread messages.", "favoriteFruit":"apple"}