{"_id":"55e8b8c6ee43cda8b77f9e4e", "index":1398, "guid":"5b47c908-da2f-44f0-bde0-1a43b866d867", "isActive":true, "balance":"$9,964.90", "picture":"http://placehold.it/32x32", "age":34, "eyeColor":"blue", "name":"Lynda Carroll", "gender":"female", "company":"ISOSURE", "email":"lyndacarroll@isosure.com", "phone":"+1 (856) 553-3404", "address":"904 Hamilton Walk, Kula, Kansas, 1931", "about":"Commodo cupidatat esse ipsum laboris sint. Ut consectetur incididunt veniam velit non incididunt nisi pariatur ex voluptate excepteur sint nulla. Mollit commodo enim culpa qui et ullamco.\r\n", "registered":"2015-05-25T11:50:02 -07:00", "latitude":-19.684862, "longitude":-108.685537, "tags":["mollit", "adipisicing", "sunt", "eiusmod", "pariatur", "sunt", "cillum"], "friends":[{"id":0, "name":"Fleming Caldwell"}, {"id":1, "name":"Dyer Moses"}, {"id":2, "name":"Pamela Romero"}], "greeting":"Hello, Lynda Carroll! You have 6 unread messages.", "favoriteFruit":"banana"}