{"_id":"55e8b8c6905b4068c86af467", "index":1238, "guid":"a9711283-b574-4dc6-b21a-5874436777f9", "isActive":true, "balance":"$8,247.32", "picture":"http://placehold.it/32x32", "age":39, "eyeColor":"green", "name":"Liza Quinn", "gender":"female", "company":"BRISTO", "email":"lizaquinn@bristo.com", "phone":"+1 (940) 445-3663", "address":"689 Harrison Place, Riviera, Michigan, 3134", "about":"Do aliquip minim aliqua mollit consequat ex. Aliquip incididunt consectetur cupidatat dolor occaecat velit ullamco exercitation enim dolore ipsum exercitation nostrud irure. Culpa amet Lorem reprehenderit fugiat reprehenderit pariatur enim ullamco. Dolor irure cillum ad laboris laborum fugiat consequat culpa incididunt consectetur aliquip. Id sunt laboris Lorem reprehenderit in fugiat qui pariatur anim. Magna magna exercitation sit id eu non laboris esse Lorem amet qui quis.\r\n", "registered":"2015-05-14T11:06:20 -07:00", "latitude":46.173833, "longitude":-108.316775, "tags":["cupidatat", "proident", "sint", "culpa", "exercitation", "et", "labore"], "friends":[{"id":0, "name":"Ratliff King"}, {"id":1, "name":"Young Dillon"}, {"id":2, "name":"Green Rowland"}], "greeting":"Hello, Liza Quinn! You have 10 unread messages.", "favoriteFruit":"apple"}