{"_id":"55e8b8c679b54021eb31bdf7", "index":1401, "guid":"e0a75156-6392-4d6b-8c7b-8d47462434ac", "isActive":false, "balance":"$4,877.16", "picture":"http://placehold.it/32x32", "age":25, "eyeColor":"green", "name":"Branch Perkins", "gender":"male", "company":"MEDESIGN", "email":"branchperkins@medesign.com", "phone":"+1 (967) 444-2256", "address":"759 Fay Court, Dorneyville, Oklahoma, 7357", "about":"Do officia nostrud Lorem commodo velit. Consequat ipsum commodo et pariatur qui amet elit cupidatat fugiat qui in id velit. Ex laborum occaecat proident anim magna sit minim cupidatat magna consectetur. Eiusmod ad sunt occaecat incididunt laborum est in magna do culpa. Aliqua laborum sint aliqua veniam ad magna commodo labore nisi nisi magna. Quis proident occaecat non in et culpa proident. Occaecat consectetur proident nisi qui reprehenderit Lorem do sunt ea ut consequat.\r\n", "registered":"2014-06-06T09:26:41 -07:00", "latitude":-31.70894, "longitude":128.443615, "tags":["reprehenderit", "reprehenderit", "nostrud", "amet", "nulla", "sunt", "enim"], "friends":[{"id":0, "name":"Rochelle Williamson"}, {"id":1, "name":"Graciela Roy"}, {"id":2, "name":"Angelica Hanson"}], "greeting":"Hello, Branch Perkins! You have 7 unread messages.", "favoriteFruit":"strawberry"}