{"_id":"55e8b8c6d29878afba16f056", "index":1370, "guid":"22e41fb2-42a3-47d2-ac1f-3939588ba719", "isActive":false, "balance":"$9,447.98", "picture":"http://placehold.it/32x32", "age":35, "eyeColor":"blue", "name":"Jami Shaw", "gender":"female", "company":"QNEKT", "email":"jamishaw@qnekt.com", "phone":"+1 (879) 584-3744", "address":"483 Humboldt Street, Hatteras, Colorado, 6083", "about":"Exercitation irure deserunt sint aliqua. Pariatur cillum voluptate consectetur excepteur. Qui cupidatat occaecat veniam tempor reprehenderit in.\r\n", "registered":"2015-02-09T03:55:10 -07:00", "latitude":61.214481, "longitude":68.932503, "tags":["est", "fugiat", "aliqua", "nulla", "est", "ullamco", "non"], "friends":[{"id":0, "name":"Mendoza Rice"}, {"id":1, "name":"Brenda Huber"}, {"id":2, "name":"Selma Rutledge"}], "greeting":"Hello, Jami Shaw! You have 5 unread messages.", "favoriteFruit":"strawberry"}