{"_id":"55e8b8c60555055588713940", "index":1190, "guid":"a1cbd985-6e9f-422a-817d-1b1541062bb0", "isActive":true, "balance":"$2,194.07", "picture":"http://placehold.it/32x32", "age":22, "eyeColor":"brown", "name":"Debbie Hogan", "gender":"female", "company":"CANOPOLY", "email":"debbiehogan@canopoly.com", "phone":"+1 (806) 559-2777", "address":"817 Navy Walk, Stagecoach, South Dakota, 3249", "about":"Officia veniam dolore commodo proident nisi tempor esse. Velit eiusmod qui incididunt id dolor consectetur nostrud minim adipisicing velit pariatur sint deserunt. Ipsum excepteur consectetur fugiat ea voluptate tempor nostrud occaecat aliquip mollit ut ex nisi incididunt. Cillum ex fugiat occaecat aliquip. Aute Lorem adipisicing dolor et Lorem ad culpa exercitation velit labore dolore. Dolor est adipisicing officia amet.\r\n", "registered":"2014-03-03T09:12:49 -07:00", "latitude":60.067783, "longitude":112.977883, "tags":["dolore", "aliquip", "ut", "commodo", "officia", "adipisicing", "tempor"], "friends":[{"id":0, "name":"Sharron Dunlap"}, {"id":1, "name":"Lydia Richardson"}, {"id":2, "name":"Vasquez Gregory"}], "greeting":"Hello, Debbie Hogan! You have 1 unread messages.", "favoriteFruit":"strawberry"}