{"_id":"55e8b8c6ead170980fe950ca", "index":1422, "guid":"3c8b1795-8ff9-4351-b4d3-35719bfc94c6", "isActive":true, "balance":"$9,350.53", "picture":"http://placehold.it/32x32", "age":21, "eyeColor":"blue", "name":"Jacklyn Murray", "gender":"female", "company":"TOYLETRY", "email":"jacklynmurray@toyletry.com", "phone":"+1 (995) 446-2018", "address":"739 Pilling Street, Cumberland, South Dakota, 7018", "about":"Sit non exercitation ullamco magna Lorem occaecat deserunt voluptate pariatur cupidatat. Dolor laborum elit irure anim. Sunt laboris velit excepteur amet reprehenderit sunt ipsum cillum. Nulla cillum esse tempor nulla deserunt eiusmod occaecat.\r\n", "registered":"2015-08-05T06:12:00 -07:00", "latitude":-51.275216, "longitude":-136.120506, "tags":["nisi", "consequat", "et", "cupidatat", "ex", "nostrud", "minim"], "friends":[{"id":0, "name":"Darcy Buck"}, {"id":1, "name":"Valenzuela Gould"}, {"id":2, "name":"Myra Stuart"}], "greeting":"Hello, Jacklyn Murray! You have 1 unread messages.", "favoriteFruit":"banana"}