{"_id":"55e8b8c6485662e103f8de76", "index":1108, "guid":"faf4b6f4-c8ae-4a07-a851-a29f1c8db49e", "isActive":false, "balance":"$7,913.46", "picture":"http://placehold.it/32x32", "age":37, "eyeColor":"blue", "name":"Courtney Lane", "gender":"female", "company":"VENOFLEX", "email":"courtneylane@venoflex.com", "phone":"+1 (805) 429-3290", "address":"430 Eldert Street, Bend, Kansas, 9657", "about":"Ullamco ex cillum voluptate velit est quis do nulla aliquip cupidatat labore proident. Sint labore consectetur in est do officia fugiat sint in. Commodo reprehenderit consequat pariatur Lorem irure. Irure est officia Lorem cupidatat esse. Id id commodo ipsum excepteur magna cillum cillum aute. Quis duis aliqua in dolore laborum amet minim non commodo ad do pariatur. Veniam non duis incididunt ullamco tempor.\r\n", "registered":"2015-07-21T01:31:47 -07:00", "latitude":-47.05828, "longitude":-29.58051, "tags":["labore", "occaecat", "elit", "enim", "magna", "ad", "incididunt"], "friends":[{"id":0, "name":"Bush Hendrix"}, {"id":1, "name":"Ethel Jennings"}, {"id":2, "name":"Wong Oneil"}], "greeting":"Hello, Courtney Lane! You have 6 unread messages.", "favoriteFruit":"apple"}