{"_id":"55e8b8c651370602c6d7bfaf", "index":1227, "guid":"03495f67-f59a-41be-b81a-46f2f464eade", "isActive":false, "balance":"$6,207.01", "picture":"http://placehold.it/32x32", "age":26, "eyeColor":"green", "name":"Monica Figueroa", "gender":"female", "company":"NIXELT", "email":"monicafigueroa@nixelt.com", "phone":"+1 (849) 442-3084", "address":"935 Strickland Avenue, Sunriver, Oklahoma, 9042", "about":"Quis deserunt incididunt laboris qui consequat fugiat esse ea anim exercitation cupidatat adipisicing. Adipisicing laboris et Lorem exercitation tempor fugiat mollit. Aliqua exercitation excepteur aliquip Lorem reprehenderit. Ea mollit ullamco laboris pariatur velit non sunt non veniam non quis deserunt.\r\n", "registered":"2015-05-07T07:12:26 -07:00", "latitude":-9.755491, "longitude":-176.67522, "tags":["labore", "Lorem", "non", "culpa", "eiusmod", "aute", "velit"], "friends":[{"id":0, "name":"Sarah Vincent"}, {"id":1, "name":"Tran Floyd"}, {"id":2, "name":"Helena Castro"}], "greeting":"Hello, Monica Figueroa! You have 7 unread messages.", "favoriteFruit":"banana"}