{"_id":"55ee5e44a912ac5217807c69", "index":1230, "guid":"36fbfd5d-a6f1-4076-b8a4-d80701d62a8b", "isActive":true, "balance":"$33,694.92", "picture":"http://placehold.it/32x32", "age":47, "eyeColor":"brown", "name":"Cash Prince", "gender":"male", "company":"SKYPLEX", "email":"cashprince@skyplex.com", "phone":"+1 (901) 598-2662", "address":"269 Driggs Avenue, Kenwood, Oregon, 7235", "about":"Sunt sunt dolor nulla amet exercitation ullamco non fugiat Lorem sint eu sit laborum labore. Ad cillum mollit in exercitation dolor qui minim amet fugiat. Eu irure dolore consectetur et velit culpa. Duis incididunt est aliquip aliqua sunt cillum laborum non ad nostrud ea tempor amet. Sint commodo veniam aliquip consectetur officia cillum deserunt anim. Velit aliqua enim ad officia do enim Lorem qui enim excepteur.\r\n", "registered":"2014-08-31T07:18:55 -07:00", "latitude":-19.77718, "longitude":179.367824, "tags":["cupidatat", "Lorem", "id", "cupidatat", "magna", "est", "nisi"], "friends":[{"id":0, "name":"Underwood Mitchell"}, {"id":1, "name":"Ortiz Emerson"}, {"id":2, "name":"Beard Hurst"}], "greeting":"Hello, Cash Prince! You have 4 unread messages.", "favoriteFruit":"strawberry"}