{"_id":"55ee5e44d1f413a24a31c99e", "index":1267, "guid":"edd2140f-ed65-4ca1-9a9c-3d40a775b150", "isActive":false, "balance":"$86,741.82", "picture":"http://placehold.it/32x32", "age":37, "eyeColor":"brown", "name":"Holland Burke", "gender":"male", "company":"RUGSTARS", "email":"hollandburke@rugstars.com", "phone":"+1 (986) 556-3572", "address":"627 Stuyvesant Avenue, Marysville, South Carolina, 7935", "about":"Et voluptate irure officia ex dolore aute do nulla. Consectetur enim aliquip dolore fugiat duis ad minim et pariatur. Minim cupidatat consectetur laboris ex nostrud sit.\r\n", "registered":"2014-07-17T01:10:04 -07:00", "latitude":-35.268739, "longitude":-63.297396, "tags":["ullamco", "ea", "Lorem", "sunt", "pariatur", "do", "occaecat"], "friends":[{"id":0, "name":"Barbra Rogers"}, {"id":1, "name":"Hahn Lee"}, {"id":2, "name":"Cunningham Bridges"}], "greeting":"Hello, Holland Burke! You have 1 unread messages.", "favoriteFruit":"pear"}