{"_id":"55ee5e44b3afaa0edce615c5", "index":1107, "guid":"24bff715-26c4-4597-af42-4093f8c6dad2", "isActive":true, "balance":"$76,752.47", "picture":"http://placehold.it/32x32", "age":25, "eyeColor":"green", "name":"Gill Osborne", "gender":"male", "company":"ZILLANET", "email":"gillosborne@zillanet.com", "phone":"+1 (854) 448-3297", "address":"725 Division Place, Blende, Ohio, 7917", "about":"Do voluptate in sit ipsum ad laboris amet culpa exercitation sunt labore reprehenderit. Fugiat aliquip in anim quis et ad tempor anim laborum magna culpa consectetur proident minim. Voluptate anim commodo ad exercitation qui esse qui. Elit ipsum cupidatat nisi proident voluptate aliqua et duis labore tempor eu non irure. Et qui culpa tempor mollit officia in officia eu elit fugiat fugiat. Duis ut sit nisi aliqua ipsum aute incididunt nostrud.\r\n", "registered":"2014-11-06T05:37:35 -07:00", "latitude":-50.946265, "longitude":-175.619597, "tags":["elit", "ut", "consectetur", "minim", "consectetur", "tempor", "eiusmod"], "friends":[{"id":0, "name":"Wiggins Morrison"}, {"id":1, "name":"Harvey Baldwin"}, {"id":2, "name":"Castaneda Tillman"}], "greeting":"Hello, Gill Osborne! You have 5 unread messages.", "favoriteFruit":"strawberry"}