{"_id":"55ee5e44dbfd34f56bc053ad", "index":1271, "guid":"85c2ac17-420b-4d40-ae2d-d746aa260aba", "isActive":true, "balance":"$73,100.98", "picture":"http://placehold.it/32x32", "age":30, "eyeColor":"green", "name":"Erin Luna", "gender":"female", "company":"EVENTAGE", "email":"erinluna@eventage.com", "phone":"+1 (871) 484-3427", "address":"808 Furman Avenue, Gerton, Nevada, 2097", "about":"Lorem aute id officia sit veniam est labore enim eiusmod reprehenderit in magna tempor. Ut nostrud anim laboris pariatur irure ea incididunt anim. Sit exercitation pariatur reprehenderit irure id sit.\r\n", "registered":"2014-06-23T11:19:11 -07:00", "latitude":73.851597, "longitude":-37.566256, "tags":["nulla", "adipisicing", "sint", "cillum", "officia", "sint", "aliquip"], "friends":[{"id":0, "name":"Woods Turner"}, {"id":1, "name":"Linda Kirkland"}, {"id":2, "name":"Ferguson Noble"}], "greeting":"Hello, Erin Luna! You have 7 unread messages.", "favoriteFruit":"pear"}