{"_id":"55ee5e44f3282f4aaafc8308", "index":1023, "guid":"3c550628-5f3a-4120-9ab2-3c70976f66dd", "isActive":true, "balance":"$7,658.58", "picture":"http://placehold.it/32x32", "age":56, "eyeColor":"green", "name":"Shields Miller", "gender":"male", "company":"SLOFAST", "email":"shieldsmiller@slofast.com", "phone":"+1 (866) 575-3476", "address":"887 Ludlam Place, Dellview, New York, 2856", "about":"Sit voluptate consectetur deserunt nulla ullamco officia ea aliqua incididunt est commodo occaecat cupidatat reprehenderit. Ex cupidatat quis velit qui laborum id ad tempor sunt eiusmod aliquip sit id. Sit quis commodo enim elit dolore duis. Dolore laborum sit non sint qui aute amet pariatur consectetur labore ipsum excepteur. Officia in occaecat tempor magna nisi incididunt duis aliqua. Elit ea exercitation deserunt ex mollit nostrud est esse Lorem proident commodo exercitation nisi.\r\n", "registered":"2014-04-14T07:08:30 -07:00", "latitude":48.705491, "longitude":64.019325, "tags":["eu", "ad", "consequat", "irure", "amet", "ut", "labore"], "friends":[{"id":0, "name":"Guy Bowen"}, {"id":1, "name":"Shauna Black"}, {"id":2, "name":"Eula Oneil"}], "greeting":"Hello, Shields Miller! You have 2 unread messages.", "favoriteFruit":"strawberry"}