{"_id":"55ee5e4497e62d7153159f80", "index":1389, "guid":"b6a3456f-0f31-4125-9821-7fcc0af9c9f1", "isActive":true, "balance":"$68,851.80", "picture":"http://placehold.it/32x32", "age":35, "eyeColor":"brown", "name":"Kinney Kaufman", "gender":"male", "company":"MEDIOT", "email":"kinneykaufman@mediot.com", "phone":"+1 (867) 595-2310", "address":"163 Chester Avenue, Albrightsville, Texas, 8267", "about":"Eu pariatur reprehenderit ut ex irure. Veniam ut excepteur elit deserunt adipisicing veniam ex esse dolore est cillum qui. Commodo mollit qui irure ut amet veniam reprehenderit cupidatat mollit ad ad amet. Commodo ea incididunt occaecat quis irure dolore culpa dolor reprehenderit cupidatat incididunt.\r\n", "registered":"2014-02-05T02:15:13 -07:00", "latitude":86.214194, "longitude":47.074449, "tags":["nulla", "veniam", "labore", "esse", "fugiat", "mollit", "consectetur"], "friends":[{"id":0, "name":"Weaver Mcbride"}, {"id":1, "name":"Tabatha Molina"}, {"id":2, "name":"Chambers Johnston"}], "greeting":"Hello, Kinney Kaufman! You have 6 unread messages.", "favoriteFruit":"strawberry"}