{"_id":"55ee5e44a1f40f5191424d36", "index":1344, "guid":"9119ece0-c6bb-41c2-8664-d9d4021d0af5", "isActive":true, "balance":"$95,071.08", "picture":"http://placehold.it/32x32", "age":44, "eyeColor":"green", "name":"Sexton Hopkins", "gender":"male", "company":"PHARMACON", "email":"sextonhopkins@pharmacon.com", "phone":"+1 (988) 522-3788", "address":"400 Lorraine Street, Gila, Vermont, 3187", "about":"Qui labore esse incididunt consectetur. Non laborum ullamco aute duis. Dolore in qui consequat ex. Officia commodo qui quis sint qui consequat excepteur minim ut laborum adipisicing tempor tempor irure. Non consequat ad tempor ullamco. Consectetur culpa ad fugiat commodo. Dolor magna aliquip est exercitation sunt mollit enim anim nisi.\r\n", "registered":"2014-10-29T02:33:56 -07:00", "latitude":82.573329, "longitude":-100.436593, "tags":["aliqua", "aliqua", "id", "velit", "elit", "laborum", "mollit"], "friends":[{"id":0, "name":"Sharron Carpenter"}, {"id":1, "name":"Bass Mills"}, {"id":2, "name":"Paul Rich"}], "greeting":"Hello, Sexton Hopkins! You have 3 unread messages.", "favoriteFruit":"pear"}