{"_id":"55ee5e445da7972d213321f8", "index":1371, "guid":"e23fac71-20df-47c8-a6aa-0cde34b685cc", "isActive":true, "balance":"$31,866.79", "picture":"http://placehold.it/32x32", "age":55, "eyeColor":"green", "name":"Rollins Lopez", "gender":"male", "company":"UNI", "email":"rollinslopez@uni.com", "phone":"+1 (958) 584-3771", "address":"285 Junius Street, Lowell, New York, 4675", "about":"Magna occaecat officia deserunt ad eiusmod aute proident sint incididunt non consequat amet. Occaecat commodo dolore est excepteur velit ut. Est irure magna do do amet occaecat nulla sit exercitation eu aute sit voluptate est. Pariatur velit aliqua minim ullamco anim velit eu fugiat mollit cupidatat excepteur voluptate cillum.\r\n", "registered":"2015-04-14T09:00:10 -07:00", "latitude":70.34139, "longitude":154.537686, "tags":["qui", "ea", "laboris", "nulla", "dolor", "laboris", "nulla"], "friends":[{"id":0, "name":"Coleman Peterson"}, {"id":1, "name":"Virgie Simmons"}, {"id":2, "name":"Joyce Patterson"}], "greeting":"Hello, Rollins Lopez! You have 3 unread messages.", "favoriteFruit":"apple"}