{"_id":"55ee5e441d08f8bd56b04fb8", "index":1382, "guid":"71e9fa9a-86f0-4c3b-b256-8a75b8abd3ca", "isActive":true, "balance":"$64,212.48", "picture":"http://placehold.it/32x32", "age":40, "eyeColor":"green", "name":"Ware Richardson", "gender":"male", "company":"DIGIAL", "email":"warerichardson@digial.com", "phone":"+1 (977) 434-2281", "address":"721 Johnson Street, Bowmansville, North Dakota, 1192", "about":"Eiusmod elit non ea consequat ut magna ex consectetur duis sint est. Sit enim cillum cupidatat cillum fugiat anim proident amet sunt ad anim ut cupidatat ut. Velit consectetur anim ipsum magna proident duis aliquip. Culpa esse non non labore ea. Velit deserunt magna reprehenderit culpa ex consectetur enim tempor. Et ut minim eu duis. Commodo adipisicing ad qui dolor cupidatat ad.\r\n", "registered":"2015-05-23T09:31:21 -07:00", "latitude":83.909775, "longitude":-172.951968, "tags":["do", "sit", "non", "ut", "nulla", "veniam", "voluptate"], "friends":[{"id":0, "name":"Shawna Sears"}, {"id":1, "name":"Diane Montgomery"}, {"id":2, "name":"Mccormick Hinton"}], "greeting":"Hello, Ware Richardson! You have 5 unread messages.", "favoriteFruit":"pear"}