{"_id":"55ee5e44362433726bfd4eda", "index":1105, "guid":"812e6481-06f2-4c53-b329-623d4ad3419e", "isActive":true, "balance":"$94,790.39", "picture":"http://placehold.it/32x32", "age":34, "eyeColor":"blue", "name":"Finch Barker", "gender":"male", "company":"EQUICOM", "email":"finchbarker@equicom.com", "phone":"+1 (970) 416-3495", "address":"644 Stryker Court, Ellerslie, Northern Mariana Islands, 5582", "about":"Nulla amet nisi enim veniam. Tempor cillum elit id in sit. Voluptate et Lorem elit voluptate excepteur sint officia eiusmod aute veniam. Lorem in consequat culpa consequat pariatur cillum deserunt quis pariatur veniam cillum quis ad. Nisi proident mollit exercitation sit anim et laborum nulla eiusmod est duis.\r\n", "registered":"2015-07-03T03:57:09 -07:00", "latitude":-58.384826, "longitude":118.81194, "tags":["incididunt", "consequat", "cupidatat", "laborum", "proident", "tempor", "laborum"], "friends":[{"id":0, "name":"Bobbi Rosario"}, {"id":1, "name":"Lott English"}, {"id":2, "name":"Verna Beasley"}], "greeting":"Hello, Finch Barker! You have 3 unread messages.", "favoriteFruit":"pear"}