{"_id":"55ee5e44a968b0bc14ba38cc", "index":1240, "guid":"9d91ba44-5799-4f58-bdd2-a82d6dc31afd", "isActive":true, "balance":"$54,735.36", "picture":"http://placehold.it/32x32", "age":40, "eyeColor":"green", "name":"Shelby King", "gender":"female", "company":"TETAK", "email":"shelbyking@tetak.com", "phone":"+1 (941) 526-2093", "address":"844 Navy Street, Walker, Federated States Of Micronesia, 2792", "about":"Aute anim quis anim amet ea adipisicing labore. Ad irure incididunt voluptate laboris voluptate in enim sit et voluptate cupidatat laboris. Qui adipisicing deserunt ullamco est esse mollit quis cillum dolor proident veniam fugiat magna exercitation.\r\n", "registered":"2015-02-07T11:02:56 -07:00", "latitude":-50.446592, "longitude":125.941169, "tags":["esse", "ad", "ad", "pariatur", "elit", "dolore", "pariatur"], "friends":[{"id":0, "name":"Isabel Lane"}, {"id":1, "name":"Angela Cruz"}, {"id":2, "name":"Henrietta Burch"}], "greeting":"Hello, Shelby King! You have 10 unread messages.", "favoriteFruit":"strawberry"}