{"_id":"55ee5e445cb8f3ad33403594", "index":1329, "guid":"0da5193c-edab-4d91-9b64-63c9919161f8", "isActive":false, "balance":"$92,348.11", "picture":"http://placehold.it/32x32", "age":38, "eyeColor":"green", "name":"Krista Coffey", "gender":"female", "company":"ZOGAK", "email":"kristacoffey@zogak.com", "phone":"+1 (850) 471-2007", "address":"369 Tennis Court, Homestead, Nevada, 134", "about":"Labore incididunt anim ad culpa anim consectetur aute eu aliquip ullamco do velit duis. Velit est ex deserunt reprehenderit elit excepteur do do. Eu anim ullamco deserunt ex mollit incididunt proident sunt amet minim. Voluptate non sit culpa commodo labore. Sit exercitation sunt minim laboris nostrud Lorem consequat qui.\r\n", "registered":"2014-07-18T06:28:48 -07:00", "latitude":-5.073809, "longitude":62.75638, "tags":["aliquip", "irure", "irure", "qui", "mollit", "sunt", "voluptate"], "friends":[{"id":0, "name":"Lakisha Joyce"}, {"id":1, "name":"Moran Stevenson"}, {"id":2, "name":"Erna Estes"}], "greeting":"Hello, Krista Coffey! You have 1 unread messages.", "favoriteFruit":"banana"}