{"_id":"55ee5e44eabbc00bea9439f1", "index":113, "guid":"2e6b38d6-35a6-4ab0-a044-168499b70e95", "isActive":true, "balance":"$44,427.54", "picture":"http://placehold.it/32x32", "age":30, "eyeColor":"blue", "name":"Odom Livingston", "gender":"male", "company":"TECHTRIX", "email":"odomlivingston@techtrix.com", "phone":"+1 (965) 487-2405", "address":"422 Kingsway Place, Groton, Texas, 7548", "about":"Ea fugiat deserunt non sunt Lorem. Aliqua amet proident nulla tempor. Lorem Lorem consectetur ad sit deserunt laboris nisi et. Ipsum laboris aliquip dolor labore eiusmod sint. Veniam esse ut laboris id ut voluptate fugiat labore dolore occaecat adipisicing anim.\r\n", "registered":"2015-02-28T04:40:48 -07:00", "latitude":-35.930923, "longitude":124.911326, "tags":["ut", "duis", "ipsum", "in", "esse", "elit", "aliquip"], "friends":[{"id":0, "name":"Juana Sutton"}, {"id":1, "name":"Lucinda Wall"}, {"id":2, "name":"Chandra Odonnell"}], "greeting":"Hello, Odom Livingston! You have 1 unread messages.", "favoriteFruit":"pear"}