{"_id":"55ee5e440cad8f3b618b26a9", "index":1191, "guid":"d33e73c5-5985-4104-af09-9324594d4cbb", "isActive":false, "balance":"$71,040.75", "picture":"http://placehold.it/32x32", "age":61, "eyeColor":"green", "name":"Bernice Valenzuela", "gender":"female", "company":"GEEKULAR", "email":"bernicevalenzuela@geekular.com", "phone":"+1 (870) 419-3091", "address":"298 Everit Street, Martinez, Indiana, 398", "about":"Nostrud occaecat velit pariatur occaecat eiusmod culpa Lorem occaecat cupidatat. Exercitation culpa eu exercitation ipsum do. Dolore ut nisi irure duis. Aute adipisicing excepteur ipsum qui aute officia exercitation. Ex eiusmod velit ad proident sint ad velit. Sunt reprehenderit veniam officia enim culpa anim. Qui culpa velit sint mollit dolor qui anim cupidatat proident.\r\n", "registered":"2014-07-28T06:21:31 -07:00", "latitude":-55.465413, "longitude":-134.587599, "tags":["excepteur", "nulla", "magna", "mollit", "aute", "voluptate", "anim"], "friends":[{"id":0, "name":"Porter Rhodes"}, {"id":1, "name":"Warner Frost"}, {"id":2, "name":"Kari Aguilar"}], "greeting":"Hello, Bernice Valenzuela! You have 10 unread messages.", "favoriteFruit":"apple"}