{"_id":"55ee5e4442cf20c2301ef26b", "index":1409, "guid":"f9c1cd75-ae20-4bd3-a15e-1222d1548036", "isActive":false, "balance":"$67,841.76", "picture":"http://placehold.it/32x32", "age":23, "eyeColor":"brown", "name":"Christy Larsen", "gender":"female", "company":"ZEROLOGY", "email":"christylarsen@zerology.com", "phone":"+1 (816) 548-3654", "address":"334 Ocean Parkway, Tecolotito, West Virginia, 1946", "about":"Exercitation dolore consectetur consectetur enim anim anim nulla fugiat in reprehenderit magna voluptate enim magna. Nulla reprehenderit voluptate ullamco ea ipsum voluptate labore. Aliqua consequat consectetur amet laborum laborum ex incididunt quis deserunt duis pariatur.\r\n", "registered":"2014-06-18T12:30:06 -07:00", "latitude":70.990742, "longitude":80.136176, "tags":["magna", "deserunt", "cupidatat", "ipsum", "cillum", "in", "ut"], "friends":[{"id":0, "name":"Oneal Whitehead"}, {"id":1, "name":"Darcy Goff"}, {"id":2, "name":"Hubbard West"}], "greeting":"Hello, Christy Larsen! You have 1 unread messages.", "favoriteFruit":"orange"}