{"_id":"55ee5e44c4f077a89d9f7bc5", "index":112, "guid":"6e486357-90da-4889-87c6-348dc0b61ba4", "isActive":true, "balance":"$92,773.44", "picture":"http://placehold.it/32x32", "age":21, "eyeColor":"brown", "name":"Harvey Garrett", "gender":"male", "company":"NIKUDA", "email":"harveygarrett@nikuda.com", "phone":"+1 (804) 516-2615", "address":"928 Friel Place, Springdale, Maryland, 5862", "about":"Aliqua ullamco officia adipisicing excepteur consequat ea non id eu nostrud do veniam nostrud adipisicing. Ea laboris aliquip ea velit et. Ea ea id sint proident dolore duis consectetur id id exercitation excepteur qui et. Id ullamco culpa minim ad et consequat non reprehenderit tempor ipsum duis esse dolore. Ipsum sit laborum dolor sint sit duis ipsum quis anim. Laboris et fugiat duis Lorem minim eiusmod dolor laborum deserunt eiusmod est qui cillum.\r\n", "registered":"2014-10-14T03:03:10 -07:00", "latitude":12.873403, "longitude":34.795605, "tags":["nulla", "aute", "irure", "eiusmod", "veniam", "nulla", "dolor"], "friends":[{"id":0, "name":"Jeanne Leblanc"}, {"id":1, "name":"Lara Simon"}, {"id":2, "name":"Castaneda Alexander"}], "greeting":"Hello, Harvey Garrett! You have 6 unread messages.", "favoriteFruit":"pear"}