{"_id":"55ee5e44c0e3eb8e9713f03a", "index":1360, "guid":"331c0a6d-98bd-4123-8909-6d6e1c47d70e", "isActive":false, "balance":"$35,358.64", "picture":"http://placehold.it/32x32", "age":35, "eyeColor":"brown", "name":"Wood Mccullough", "gender":"male", "company":"BALOOBA", "email":"woodmccullough@balooba.com", "phone":"+1 (998) 490-2938", "address":"541 Tompkins Avenue, Dundee, Delaware, 7560", "about":"Tempor commodo officia aliquip sunt fugiat reprehenderit aliqua exercitation non cillum. Quis ullamco laborum officia ipsum proident culpa eu dolor. Cillum eiusmod ut reprehenderit eiusmod amet amet laboris ullamco minim id. Nostrud amet incididunt exercitation nostrud.\r\n", "registered":"2014-04-01T01:51:25 -07:00", "latitude":-15.367968, "longitude":-3.047064, "tags":["ex", "excepteur", "ut", "veniam", "fugiat", "proident", "ullamco"], "friends":[{"id":0, "name":"Vickie Mcleod"}, {"id":1, "name":"Bernadette Neal"}, {"id":2, "name":"Anna Garrett"}], "greeting":"Hello, Wood Mccullough! You have 10 unread messages.", "favoriteFruit":"apple"}