{"_id":"55ee5e4402eca124a591fdd5", "index":1027, "guid":"1fb27148-80c2-4d09-ba06-308b6624e62b", "isActive":false, "balance":"$96,711.75", "picture":"http://placehold.it/32x32", "age":28, "eyeColor":"green", "name":"Leanna Fox", "gender":"female", "company":"XPLOR", "email":"leannafox@xplor.com", "phone":"+1 (998) 405-2700", "address":"498 Forbell Street, Cecilia, Minnesota, 3178", "about":"Occaecat voluptate incididunt est ex non eiusmod occaecat mollit adipisicing ex do aute dolore. Sit reprehenderit pariatur aute qui ea anim ullamco cupidatat tempor aute magna aliqua occaecat pariatur. Exercitation ut sint irure exercitation in id veniam magna in magna esse aliquip. Consectetur nostrud anim mollit veniam anim non id esse duis. Dolor ad reprehenderit incididunt nulla est laborum labore aliquip consequat consectetur fugiat. Exercitation officia eiusmod proident anim cupidatat cupidatat ipsum minim non ad veniam occaecat exercitation.\r\n", "registered":"2015-02-03T06:16:39 -07:00", "latitude":84.620444, "longitude":-98.699749, "tags":["veniam", "consectetur", "velit", "sunt", "exercitation", "mollit", "duis"], "friends":[{"id":0, "name":"Kristin Holden"}, {"id":1, "name":"Marlene Cochran"}, {"id":2, "name":"Beck Hammond"}], "greeting":"Hello, Leanna Fox! You have 8 unread messages.", "favoriteFruit":"orange"}