{"_id":"55ee5e44183a4b45027b9e52", "index":12, "guid":"50391fbc-56b4-45c2-8a90-62950c553733", "isActive":false, "balance":"$30,095.33", "picture":"http://placehold.it/32x32", "age":59, "eyeColor":"blue", "name":"Riggs Kelley", "gender":"male", "company":"DIGIGEN", "email":"riggskelley@digigen.com", "phone":"+1 (977) 552-2700", "address":"141 Norman Avenue, Elwood, Oregon, 4238", "about":"Deserunt adipisicing ex velit minim amet nostrud veniam elit. Occaecat incididunt exercitation aliquip laborum cupidatat quis. Aliquip nostrud occaecat aute et. Laboris sint esse voluptate occaecat dolore. Dolor esse nulla amet officia incididunt dolore sint.\r\n", "registered":"2015-07-26T06:36:58 -07:00", "latitude":-18.563404, "longitude":88.837678, "tags":["duis", "et", "adipisicing", "velit", "cupidatat", "et", "mollit"], "friends":[{"id":0, "name":"Kim Guerrero"}, {"id":1, "name":"Sofia Davidson"}, {"id":2, "name":"Allison Chapman"}], "greeting":"Hello, Riggs Kelley! You have 1 unread messages.", "favoriteFruit":"banana"}