{"_id":"55ee5e4469530b7eb4a4f4b5", "index":1182, "guid":"cd48bbe8-e238-4131-9e08-edc374c85168", "isActive":false, "balance":"$37,997.74", "picture":"http://placehold.it/32x32", "age":69, "eyeColor":"green", "name":"Jessie Whitfield", "gender":"female", "company":"UNEEQ", "email":"jessiewhitfield@uneeq.com", "phone":"+1 (896) 429-2170", "address":"787 Ocean Avenue, Newcastle, Federated States Of Micronesia, 5130", "about":"Aute cupidatat adipisicing consequat irure sunt deserunt culpa exercitation exercitation exercitation nostrud ad. Exercitation laboris enim cillum velit ea nostrud sint voluptate duis cillum Lorem occaecat cillum sint. Commodo do velit voluptate pariatur. Lorem aliquip consequat aute aliquip. Qui magna dolore labore est laboris non eiusmod ea elit id dolor.\r\n", "registered":"2014-04-20T04:08:36 -07:00", "latitude":66.946564, "longitude":81.213165, "tags":["irure", "laborum", "occaecat", "veniam", "dolor", "in", "dolore"], "friends":[{"id":0, "name":"Rosalyn Collier"}, {"id":1, "name":"Johnnie Hood"}, {"id":2, "name":"Janine Cox"}], "greeting":"Hello, Jessie Whitfield! You have 4 unread messages.", "favoriteFruit":"strawberry"}