{"_id":"55ee5e44e403c9fee6e4c7b7", "index":1216, "guid":"7fe111b2-fd6c-493d-b04f-9572c993f0b3", "isActive":false, "balance":"$9,450.34", "picture":"http://placehold.it/32x32", "age":59, "eyeColor":"blue", "name":"Gillespie Pruitt", "gender":"male", "company":"UNDERTAP", "email":"gillespiepruitt@undertap.com", "phone":"+1 (865) 434-3931", "address":"961 Doscher Street, Cassel, Virgin Islands, 4961", "about":"Culpa eu consequat esse aute ullamco esse ut proident occaecat. Cupidatat velit incididunt eiusmod ipsum irure deserunt ad. Elit laborum ipsum aute cillum non. Culpa consectetur ad cillum id dolore consectetur et. Eiusmod ad veniam deserunt proident. Laborum voluptate deserunt ipsum cupidatat cillum reprehenderit.\r\n", "registered":"2014-08-04T05:30:54 -07:00", "latitude":75.968449, "longitude":10.421187, "tags":["consectetur", "elit", "nisi", "veniam", "excepteur", "nisi", "ullamco"], "friends":[{"id":0, "name":"Susie Patrick"}, {"id":1, "name":"Brianna Gonzales"}, {"id":2, "name":"Camille Floyd"}], "greeting":"Hello, Gillespie Pruitt! You have 7 unread messages.", "favoriteFruit":"orange"}