{"_id":"55ee5e444f7aa3e3bc683687", "index":1146, "guid":"aee0a298-2356-4da2-bc61-58b683271754", "isActive":true, "balance":"$92,303.02", "picture":"http://placehold.it/32x32", "age":34, "eyeColor":"green", "name":"Vaughn Buckner", "gender":"male", "company":"EARWAX", "email":"vaughnbuckner@earwax.com", "phone":"+1 (812) 457-3757", "address":"307 Herkimer Court, Dunlo, Mississippi, 4718", "about":"Proident esse consectetur veniam incididunt pariatur mollit non id velit labore. In commodo deserunt qui magna reprehenderit. Esse velit incididunt sunt ipsum ut dolore laborum adipisicing. Cupidatat culpa fugiat velit mollit elit fugiat aute ex Lorem. Enim irure quis laborum Lorem. Eu elit excepteur ullamco laborum est laborum consequat mollit commodo ea. Ipsum occaecat officia amet mollit cupidatat tempor elit nostrud ea irure.\r\n", "registered":"2014-09-03T07:51:14 -07:00", "latitude":-88.556961, "longitude":16.400488, "tags":["deserunt", "ea", "ullamco", "incididunt", "velit", "ex", "Lorem"], "friends":[{"id":0, "name":"Ruth Figueroa"}, {"id":1, "name":"Marsha Mercado"}, {"id":2, "name":"Sally Mclean"}], "greeting":"Hello, Vaughn Buckner! You have 10 unread messages.", "favoriteFruit":"strawberry"}