{"_id":"55ee5e446488ffff4c76b053", "index":1289, "guid":"ea8207b0-1912-4f50-89e7-66347205dd4f", "isActive":true, "balance":"$22,533.97", "picture":"http://placehold.it/32x32", "age":67, "eyeColor":"brown", "name":"Lula Baker", "gender":"female", "company":"EVENTIX", "email":"lulabaker@eventix.com", "phone":"+1 (919) 593-2915", "address":"250 Prospect Street, Bluetown, Georgia, 7013", "about":"Voluptate cupidatat cupidatat est eu duis id Lorem aliquip ad excepteur labore anim id. Cupidatat labore est amet cillum sunt. Ut officia fugiat aliquip sunt Lorem Lorem officia magna eiusmod laborum do. Eu eiusmod qui excepteur aliqua sit ex cillum nisi consectetur in culpa est esse esse. Aliqua cupidatat ut veniam magna aliquip ex anim elit. Anim enim labore voluptate in tempor eu deserunt ullamco do est. Duis est sit eu labore esse aute ad eiusmod exercitation.\r\n", "registered":"2015-04-30T12:29:03 -07:00", "latitude":-56.404199, "longitude":-122.404916, "tags":["esse", "laborum", "fugiat", "irure", "consectetur", "magna", "duis"], "friends":[{"id":0, "name":"Teri Webb"}, {"id":1, "name":"Adrienne Mullins"}, {"id":2, "name":"Augusta Crane"}], "greeting":"Hello, Lula Baker! You have 1 unread messages.", "favoriteFruit":"banana"}