{"_id":"55ee5e44d42b12eb1fa520c4", "index":1403, "guid":"4716714f-0821-4d1f-84e8-01703fa1f04e", "isActive":false, "balance":"$11,280.56", "picture":"http://placehold.it/32x32", "age":33, "eyeColor":"blue", "name":"David Moreno", "gender":"male", "company":"SENMEI", "email":"davidmoreno@senmei.com", "phone":"+1 (867) 465-2344", "address":"324 Dikeman Street, Bangor, California, 4739", "about":"Sit est aliquip consectetur consequat elit aute tempor esse dolor eu aliqua. Consectetur consectetur Lorem reprehenderit amet aliquip ex aliquip sint anim eiusmod veniam. Nulla consectetur veniam labore et ullamco irure enim dolor laborum est ex adipisicing et nostrud. Excepteur do do eu fugiat. Quis esse labore Lorem irure eiusmod deserunt reprehenderit exercitation aliquip. Voluptate amet cupidatat est fugiat aute excepteur tempor.\r\n", "registered":"2014-04-15T05:25:06 -07:00", "latitude":-77.799239, "longitude":-139.701233, "tags":["dolore", "ullamco", "culpa", "ea", "elit", "pariatur", "anim"], "friends":[{"id":0, "name":"Glenn Espinoza"}, {"id":1, "name":"Nelda Padilla"}, {"id":2, "name":"Bonita Haney"}], "greeting":"Hello, David Moreno! You have 4 unread messages.", "favoriteFruit":"banana"}