{"_id":"55ee5e44427603fec8044dfd", "index":1173, "guid":"b8a39bac-52d2-475d-9e4f-cb28a6f19f3c", "isActive":true, "balance":"$90,063.10", "picture":"http://placehold.it/32x32", "age":30, "eyeColor":"blue", "name":"Candy Beard", "gender":"female", "company":"FLYBOYZ", "email":"candybeard@flyboyz.com", "phone":"+1 (994) 507-3223", "address":"634 Dare Court, Gouglersville, Georgia, 1186", "about":"Labore nulla irure eu consequat cupidatat reprehenderit. Elit reprehenderit nostrud voluptate nulla reprehenderit ullamco nostrud dolore nostrud enim ad officia et. Quis exercitation labore minim Lorem ex aliquip excepteur tempor qui tempor in aliqua. Minim labore elit aliqua et amet incididunt consectetur sit sint.\r\n", "registered":"2015-01-09T06:07:26 -07:00", "latitude":-35.636523, "longitude":13.468131, "tags":["et", "minim", "aute", "qui", "laboris", "minim", "do"], "friends":[{"id":0, "name":"Renee Romero"}, {"id":1, "name":"Richmond Gutierrez"}, {"id":2, "name":"Priscilla Humphrey"}], "greeting":"Hello, Candy Beard! You have 8 unread messages.", "favoriteFruit":"pear"}