{"_id":"55ee5e447f0a9fd8b56a3a8f", "index":1309, "guid":"1d89bf1f-6a0f-455d-9d0d-ba6c6789606a", "isActive":false, "balance":"$2,019.44", "picture":"http://placehold.it/32x32", "age":48, "eyeColor":"green", "name":"Mercer Jefferson", "gender":"male", "company":"QUARX", "email":"mercerjefferson@quarx.com", "phone":"+1 (885) 531-2189", "address":"461 Batchelder Street, Fulford, Connecticut, 8787", "about":"Anim labore dolor eu non irure pariatur. Veniam commodo aliquip exercitation reprehenderit quis voluptate amet. Eiusmod commodo id aliqua do id culpa reprehenderit ullamco eu consequat cillum pariatur et.\r\n", "registered":"2015-06-08T03:22:47 -07:00", "latitude":-10.273854, "longitude":-170.996045, "tags":["aliqua", "pariatur", "adipisicing", "et", "anim", "non", "ad"], "friends":[{"id":0, "name":"Jeri Preston"}, {"id":1, "name":"Nikki Stephens"}, {"id":2, "name":"Buckner Maldonado"}], "greeting":"Hello, Mercer Jefferson! You have 2 unread messages.", "favoriteFruit":"strawberry"}