{"_id":"55ee5e44774c7bd395d39f33", "index":1194, "guid":"77696b8f-4fa8-44e3-b2f1-5427227fd41a", "isActive":true, "balance":"$1,440.80", "picture":"http://placehold.it/32x32", "age":34, "eyeColor":"brown", "name":"Mullins Harper", "gender":"male", "company":"CRUSTATIA", "email":"mullinsharper@crustatia.com", "phone":"+1 (818) 433-3633", "address":"213 Seigel Street, Greenfields, Idaho, 7071", "about":"Sint nostrud anim nisi ipsum ad fugiat sit ullamco. Quis est eu enim consequat ad occaecat sint fugiat. Dolor aute magna cupidatat nulla aute nulla amet esse. Eiusmod qui culpa anim commodo voluptate excepteur proident deserunt consectetur cupidatat aliquip. Ut fugiat et anim deserunt qui consequat mollit culpa elit.\r\n", "registered":"2014-06-05T01:39:06 -07:00", "latitude":55.127586, "longitude":151.877673, "tags":["Lorem", "adipisicing", "irure", "enim", "incididunt", "sit", "ipsum"], "friends":[{"id":0, "name":"Lauri Everett"}, {"id":1, "name":"Cecilia Calhoun"}, {"id":2, "name":"Ollie Hebert"}], "greeting":"Hello, Mullins Harper! You have 4 unread messages.", "favoriteFruit":"orange"}