{"_id":"55ee5e44e5a78022cc3be419", "index":122, "guid":"a6f88739-8c99-45ac-b504-a7492289563d", "isActive":false, "balance":"$57,659.39", "picture":"http://placehold.it/32x32", "age":65, "eyeColor":"brown", "name":"Fletcher Oneal", "gender":"male", "company":"RENOVIZE", "email":"fletcheroneal@renovize.com", "phone":"+1 (808) 596-2861", "address":"385 Debevoise Street, Kipp, Alabama, 4098", "about":"Pariatur est occaecat pariatur excepteur cupidatat fugiat consectetur quis est do aliqua voluptate duis exercitation. Velit consequat commodo qui dolore irure quis aute qui esse. Aliqua enim consectetur in occaecat id nulla ad consectetur mollit laborum dolor. Adipisicing eiusmod aliquip elit eu deserunt cupidatat ex amet enim minim ipsum.\r\n", "registered":"2014-11-07T12:46:52 -07:00", "latitude":-65.728737, "longitude":-157.13804, "tags":["proident", "do", "adipisicing", "tempor", "velit", "in", "cillum"], "friends":[{"id":0, "name":"Bishop Lopez"}, {"id":1, "name":"Bruce Peterson"}, {"id":2, "name":"Goldie Simmons"}], "greeting":"Hello, Fletcher Oneal! You have 4 unread messages.", "favoriteFruit":"orange"}