{"_id":"55ee5e44c1ca845e6603be91", "index":1353, "guid":"8f91554c-a525-48e1-833d-0074a248de6f", "isActive":false, "balance":"$45,537.03", "picture":"http://placehold.it/32x32", "age":21, "eyeColor":"brown", "name":"Pauline Russo", "gender":"female", "company":"ESSENSIA", "email":"paulinerusso@essensia.com", "phone":"+1 (860) 405-2603", "address":"279 Fulton Street, Jessie, Marshall Islands, 7721", "about":"Fugiat culpa anim officia voluptate laborum eiusmod qui id eiusmod officia quis Lorem consequat. Magna non ad nostrud irure. Dolore voluptate laboris aliqua veniam sunt ex ex duis esse nulla irure reprehenderit nisi laborum. Adipisicing fugiat Lorem do culpa.\r\n", "registered":"2014-03-11T04:48:08 -07:00", "latitude":-70.924242, "longitude":76.079092, "tags":["aute", "ipsum", "irure", "consequat", "nulla", "est", "aliquip"], "friends":[{"id":0, "name":"Mckee Blankenship"}, {"id":1, "name":"Singleton Craft"}, {"id":2, "name":"Roy Christian"}], "greeting":"Hello, Pauline Russo! You have 8 unread messages.", "favoriteFruit":"strawberry"}