{"_id":"55ee5e44a8372dae0e518975", "index":1131, "guid":"17a6107d-32bb-479b-81a4-0c0dc994ee73", "isActive":true, "balance":"$38,782.27", "picture":"http://placehold.it/32x32", "age":29, "eyeColor":"brown", "name":"Billie Kirby", "gender":"female", "company":"INTRADISK", "email":"billiekirby@intradisk.com", "phone":"+1 (857) 452-3126", "address":"256 Ovington Avenue, Devon, Montana, 368", "about":"Non tempor sit minim tempor esse. Eiusmod ut elit ullamco consequat ad sint cillum anim qui mollit. Nulla tempor fugiat qui aliqua eu fugiat enim aliqua dolor tempor mollit eiusmod. Ex voluptate dolore ea duis laboris pariatur velit culpa esse pariatur ipsum deserunt id sunt.\r\n", "registered":"2014-06-29T04:26:41 -07:00", "latitude":-7.214577, "longitude":-53.837437, "tags":["nostrud", "est", "aliqua", "Lorem", "nostrud", "aute", "nulla"], "friends":[{"id":0, "name":"Goodwin Huff"}, {"id":1, "name":"Francesca Carter"}, {"id":2, "name":"Marissa Harrison"}], "greeting":"Hello, Billie Kirby! You have 3 unread messages.", "favoriteFruit":"strawberry"}