{"_id":"55ee5e4471d739aed6811a1c", "index":1192, "guid":"655c3e78-bda2-4469-a777-493f51b9c01f", "isActive":false, "balance":"$42,640.18", "picture":"http://placehold.it/32x32", "age":41, "eyeColor":"green", "name":"Diana Nichols", "gender":"female", "company":"PARLEYNET", "email":"diananichols@parleynet.com", "phone":"+1 (895) 420-2633", "address":"897 Minna Street, Mulino, District Of Columbia, 9192", "about":"Officia est consequat esse dolore excepteur veniam. Eu elit exercitation labore commodo sunt nisi id exercitation voluptate do veniam. Qui enim duis officia do tempor cupidatat voluptate. Culpa sunt proident anim ullamco dolor adipisicing qui voluptate tempor.\r\n", "registered":"2015-02-16T03:21:13 -07:00", "latitude":9.275038, "longitude":171.104199, "tags":["exercitation", "incididunt", "deserunt", "commodo", "minim", "officia", "et"], "friends":[{"id":0, "name":"Beatrice Mcclain"}, {"id":1, "name":"Catherine Benjamin"}, {"id":2, "name":"Rosetta Casey"}], "greeting":"Hello, Diana Nichols! You have 9 unread messages.", "favoriteFruit":"pear"}