{"_id":"55ee5e447fce7baf53b64a8a", "index":1031, "guid":"5f092ebd-6729-46d1-ad86-22bff4cf90a7", "isActive":true, "balance":"$65,448.22", "picture":"http://placehold.it/32x32", "age":46, "eyeColor":"blue", "name":"Hendricks Holmes", "gender":"male", "company":"SYNTAC", "email":"hendricksholmes@syntac.com", "phone":"+1 (916) 402-3301", "address":"186 Tudor Terrace, Stagecoach, North Carolina, 1951", "about":"Ipsum deserunt excepteur nulla id sunt incididunt irure. Quis minim labore aliquip esse elit eiusmod incididunt duis voluptate cupidatat aliquip laborum fugiat. Magna commodo tempor esse sunt consectetur aute sint reprehenderit occaecat aliqua Lorem.\r\n", "registered":"2014-04-21T08:30:04 -07:00", "latitude":51.355291, "longitude":141.321238, "tags":["reprehenderit", "reprehenderit", "sunt", "magna", "et", "nisi", "officia"], "friends":[{"id":0, "name":"Franco Kline"}, {"id":1, "name":"Tina Jordan"}, {"id":2, "name":"Cooper Mathews"}], "greeting":"Hello, Hendricks Holmes! You have 9 unread messages.", "favoriteFruit":"apple"}