{"_id":"55ee5e441e8e7763a9b575ec", "index":1381, "guid":"ba8a83a1-bc8b-4365-9474-062f9fa61c98", "isActive":true, "balance":"$71,097.16", "picture":"http://placehold.it/32x32", "age":28, "eyeColor":"blue", "name":"Vinson Huff", "gender":"male", "company":"XURBAN", "email":"vinsonhuff@xurban.com", "phone":"+1 (887) 483-3118", "address":"336 Oxford Walk, Salvo, Michigan, 4339", "about":"Qui laborum veniam aute culpa est voluptate quis officia qui. Velit eu nisi aute commodo. Nisi pariatur eiusmod exercitation irure ullamco aute laborum est anim proident elit veniam.\r\n", "registered":"2014-11-21T10:18:31 -07:00", "latitude":-89.145418, "longitude":74.275216, "tags":["reprehenderit", "magna", "sint", "cupidatat", "magna", "et", "commodo"], "friends":[{"id":0, "name":"Jody Carter"}, {"id":1, "name":"Josefa Harrison"}, {"id":2, "name":"Vicky Maynard"}], "greeting":"Hello, Vinson Huff! You have 9 unread messages.", "favoriteFruit":"pear"}