{"_id":"55ee5e440a58d2771d0ae8dc", "index":1275, "guid":"30979943-5bfc-409b-926f-5d5fd89f35d3", "isActive":false, "balance":"$59,325.80", "picture":"http://placehold.it/32x32", "age":32, "eyeColor":"green", "name":"Matilda Lang", "gender":"female", "company":"KOG", "email":"matildalang@kog.com", "phone":"+1 (979) 593-3527", "address":"227 Harman Street, Bennett, Pennsylvania, 4448", "about":"Cillum culpa do ex mollit eiusmod excepteur cupidatat nostrud incididunt do nostrud. Reprehenderit exercitation cillum do ullamco nulla ad ullamco do voluptate sint tempor. Aliquip ex irure excepteur amet et elit pariatur excepteur duis. Tempor nostrud ipsum Lorem non.\r\n", "registered":"2015-06-15T03:49:53 -07:00", "latitude":71.464229, "longitude":-7.362881, "tags":["eiusmod", "exercitation", "culpa", "ad", "velit", "Lorem", "in"], "friends":[{"id":0, "name":"Rojas Vazquez"}, {"id":1, "name":"Stewart Fisher"}, {"id":2, "name":"Whitney Cherry"}], "greeting":"Hello, Matilda Lang! You have 3 unread messages.", "favoriteFruit":"apple"}