{"_id":"55ee5e4430980ef350a0790c", "index":1092, "guid":"bd423812-0ffd-4cb3-bbd8-4f9bc611ecaa", "isActive":true, "balance":"$43,844.48", "picture":"http://placehold.it/32x32", "age":70, "eyeColor":"brown", "name":"Doyle Goodman", "gender":"male", "company":"BEDLAM", "email":"doylegoodman@bedlam.com", "phone":"+1 (850) 525-3875", "address":"905 Division Avenue, Rote, North Dakota, 6123", "about":"Esse consectetur nisi incididunt sit incididunt elit ea adipisicing nostrud anim. Veniam magna non exercitation culpa fugiat reprehenderit nulla laboris deserunt aute. Irure ex cillum elit tempor eu labore Lorem amet.\r\n", "registered":"2014-11-25T05:17:15 -07:00", "latitude":72.488702, "longitude":-177.289418, "tags":["sit", "reprehenderit", "duis", "irure", "dolor", "ullamco", "eiusmod"], "friends":[{"id":0, "name":"Rachael Pate"}, {"id":1, "name":"Gwendolyn Day"}, {"id":2, "name":"Blankenship Parks"}], "greeting":"Hello, Doyle Goodman! You have 9 unread messages.", "favoriteFruit":"orange"}