{"_id":"55ee5e44e5947cd8ae5ed60e", "index":1301, "guid":"99a704d8-e8a8-4d81-9780-733c5f0f21d7", "isActive":false, "balance":"$3,115.25", "picture":"http://placehold.it/32x32", "age":31, "eyeColor":"blue", "name":"Brigitte Dorsey", "gender":"female", "company":"CALCULA", "email":"brigittedorsey@calcula.com", "phone":"+1 (915) 593-2478", "address":"894 Tillary Street, Alfarata, Wyoming, 6287", "about":"Tempor pariatur commodo quis sit ipsum quis occaecat incididunt ex adipisicing et. Irure in cillum laborum labore enim pariatur deserunt. Eu aliqua in exercitation reprehenderit. Adipisicing aute et eu nulla incididunt. Do aute ipsum veniam quis anim. Esse ex elit non exercitation sit.\r\n", "registered":"2015-08-07T07:44:32 -07:00", "latitude":-22.34333, "longitude":-110.668046, "tags":["enim", "pariatur", "consectetur", "cillum", "minim", "nulla", "culpa"], "friends":[{"id":0, "name":"Sherrie Pacheco"}, {"id":1, "name":"Malinda Barton"}, {"id":2, "name":"Hilda Reynolds"}], "greeting":"Hello, Brigitte Dorsey! You have 5 unread messages.", "favoriteFruit":"pear"}