{"_id":"55ee5e44f4e2c0b15c076322", "index":1008, "guid":"823dee39-8f57-4941-a356-c5abe733ed67", "isActive":false, "balance":"$56,384.49", "picture":"http://placehold.it/32x32", "age":55, "eyeColor":"green", "name":"Riggs Valentine", "gender":"male", "company":"CYCLONICA", "email":"riggsvalentine@cyclonica.com", "phone":"+1 (874) 558-3589", "address":"216 Will Place, Madaket, Federated States Of Micronesia, 7073", "about":"Occaecat Lorem pariatur est do ullamco. Esse anim et aliqua amet ad ex ullamco. Et veniam consectetur aliquip velit commodo officia magna cillum mollit esse laboris laboris sit incididunt. Cillum Lorem et ut occaecat magna.\r\n", "registered":"2014-08-02T09:36:37 -07:00", "latitude":24.5296, "longitude":137.149962, "tags":["voluptate", "sit", "minim", "deserunt", "incididunt", "consectetur", "fugiat"], "friends":[{"id":0, "name":"Kim Guy"}, {"id":1, "name":"Allison Hogan"}, {"id":2, "name":"Cristina Levine"}], "greeting":"Hello, Riggs Valentine! You have 7 unread messages.", "favoriteFruit":"pear"}