{"_id":"55ee5e4449d9fb6700f74ac2", "index":1143, "guid":"2640ec52-28d7-4307-aca0-ebc3e5d67bdc", "isActive":true, "balance":"$75,182.59", "picture":"http://placehold.it/32x32", "age":38, "eyeColor":"blue", "name":"Torres Jenkins", "gender":"male", "company":"DIGINETIC", "email":"torresjenkins@diginetic.com", "phone":"+1 (910) 543-2221", "address":"336 Arion Place, Frystown, Minnesota, 7785", "about":"Esse in officia amet ad nulla Lorem. Officia minim in deserunt elit consectetur nisi veniam incididunt irure ipsum veniam enim magna. Laborum elit pariatur anim et ut culpa eu exercitation.\r\n", "registered":"2014-12-10T11:56:30 -07:00", "latitude":-27.447255, "longitude":52.128829, "tags":["mollit", "et", "mollit", "mollit", "quis", "sit", "aliqua"], "friends":[{"id":0, "name":"Opal Macdonald"}, {"id":1, "name":"Morgan Huffman"}, {"id":2, "name":"Parker Wyatt"}], "greeting":"Hello, Torres Jenkins! You have 8 unread messages.", "favoriteFruit":"apple"}