{"_id":"55ee5e44072014da3a69fda8", "index":1129, "guid":"2c077f6a-f5f4-4572-8c81-1a79dfc6a858", "isActive":true, "balance":"$17,659.37", "picture":"http://placehold.it/32x32", "age":28, "eyeColor":"brown", "name":"Thompson Banks", "gender":"male", "company":"ZENSUS", "email":"thompsonbanks@zensus.com", "phone":"+1 (856) 461-3851", "address":"338 Quentin Road, Ironton, Hawaii, 4219", "about":"Laboris irure aliquip elit officia laborum id et fugiat laboris minim deserunt aliquip. Veniam do anim magna eiusmod do. Duis cupidatat elit commodo fugiat cillum nulla qui. Est nisi incididunt laboris magna. Adipisicing eu culpa mollit ex ullamco id est sint culpa qui magna. Excepteur cillum sint culpa nulla reprehenderit cupidatat minim cupidatat nisi do ex.\r\n", "registered":"2015-03-13T04:18:14 -07:00", "latitude":68.449898, "longitude":-50.407453, "tags":["in", "cupidatat", "ex", "magna", "sit", "reprehenderit", "magna"], "friends":[{"id":0, "name":"Holman Hatfield"}, {"id":1, "name":"Aguirre Cross"}, {"id":2, "name":"Norma Stokes"}], "greeting":"Hello, Thompson Banks! You have 6 unread messages.", "favoriteFruit":"banana"}