{"_id":"55ee5e44cd19ef65449b2870", "index":1348, "guid":"4f9cec77-2dff-4a3d-9474-37acbba1435c", "isActive":true, "balance":"$29,036.70", "picture":"http://placehold.it/32x32", "age":25, "eyeColor":"blue", "name":"Sheri Dunlap", "gender":"female", "company":"ZENTIX", "email":"sheridunlap@zentix.com", "phone":"+1 (830) 423-2024", "address":"188 Vandervoort Place, Brecon, New Mexico, 7573", "about":"Proident amet mollit laborum reprehenderit voluptate. Laborum est quis nulla commodo dolore tempor quis ea nulla occaecat cillum minim. Lorem sit do esse reprehenderit enim reprehenderit qui cillum amet irure irure. Occaecat qui do dolore est enim in in ipsum laboris aliqua. Nulla ad consectetur ullamco et veniam commodo fugiat magna cupidatat laboris sit officia labore. Reprehenderit officia ex minim ad consectetur adipisicing velit officia velit non eu aliquip.\r\n", "registered":"2015-09-02T06:53:54 -07:00", "latitude":12.99506, "longitude":124.636487, "tags":["dolore", "laboris", "sunt", "aliquip", "veniam", "laborum", "aute"], "friends":[{"id":0, "name":"Janette Golden"}, {"id":1, "name":"Flores Alvarez"}, {"id":2, "name":"Maryellen Ochoa"}], "greeting":"Hello, Sheri Dunlap! You have 10 unread messages.", "favoriteFruit":"pear"}