{"_id":"55ee5e44121dc7c14a876ca2", "index":138, "guid":"3c545299-fd96-4c46-8dad-673c03e21a1a", "isActive":false, "balance":"$7,488.30", "picture":"http://placehold.it/32x32", "age":56, "eyeColor":"brown", "name":"Elizabeth Holman", "gender":"female", "company":"HATOLOGY", "email":"elizabethholman@hatology.com", "phone":"+1 (899) 448-3896", "address":"928 Brooklyn Avenue, Weogufka, Federated States Of Micronesia, 7132", "about":"Sunt veniam nulla voluptate mollit velit qui anim in reprehenderit duis laboris laborum et. Irure anim reprehenderit adipisicing est ut anim fugiat est ut cupidatat et qui. Pariatur nostrud nisi et labore laboris ullamco ut aliquip adipisicing velit magna amet qui.\r\n", "registered":"2014-10-10T04:05:02 -07:00", "latitude":-25.821088, "longitude":-5.103767, "tags":["do", "irure", "magna", "eu", "Lorem", "deserunt", "ut"], "friends":[{"id":0, "name":"Heather Sampson"}, {"id":1, "name":"Ernestine Pickett"}, {"id":2, "name":"Celia Santos"}], "greeting":"Hello, Elizabeth Holman! You have 6 unread messages.", "favoriteFruit":"strawberry"}