{"_id":"55ee5e4495eda62228c908df", "index":1149, "guid":"47f91803-8232-46bf-9ca2-a623b154d5eb", "isActive":false, "balance":"$93,666.31", "picture":"http://placehold.it/32x32", "age":46, "eyeColor":"blue", "name":"Harrington Gill", "gender":"male", "company":"CORIANDER", "email":"harringtongill@coriander.com", "phone":"+1 (997) 429-3005", "address":"962 Dakota Place, Vincent, Michigan, 9455", "about":"Magna aliquip irure laborum sit. Non dolor esse dolor ad duis anim. Mollit irure officia culpa sint occaecat commodo ullamco occaecat duis ipsum dolor. Enim consequat aliqua officia aliquip aliquip deserunt magna occaecat.\r\n", "registered":"2014-09-14T05:17:03 -07:00", "latitude":-55.079196, "longitude":158.01864, "tags":["aliqua", "commodo", "ipsum", "velit", "ex", "officia", "nostrud"], "friends":[{"id":0, "name":"Elizabeth Kinney"}, {"id":1, "name":"Armstrong Church"}, {"id":2, "name":"Bentley Aguirre"}], "greeting":"Hello, Harrington Gill! You have 1 unread messages.", "favoriteFruit":"pear"}