{"_id":"55ee5e44684a293d52b181c3", "index":1244, "guid":"38451e81-bf05-4a71-b6b9-6f4bd47bd266", "isActive":false, "balance":"$20,906.08", "picture":"http://placehold.it/32x32", "age":34, "eyeColor":"green", "name":"Patterson Melton", "gender":"male", "company":"ANDERSHUN", "email":"pattersonmelton@andershun.com", "phone":"+1 (808) 463-2102", "address":"595 Clifton Place, Glendale, Delaware, 6254", "about":"Sit ex dolore tempor velit anim occaecat duis eu. Sunt id voluptate magna ea laboris excepteur id duis minim mollit duis minim enim. Veniam Lorem exercitation eiusmod occaecat. Amet ea cupidatat Lorem aliqua occaecat.\r\n", "registered":"2014-03-27T06:46:43 -07:00", "latitude":-69.341012, "longitude":-113.203977, "tags":["consequat", "aliqua", "et", "aliqua", "amet", "do", "Lorem"], "friends":[{"id":0, "name":"Kimberley Roth"}, {"id":1, "name":"Estes Guzman"}, {"id":2, "name":"Fern Mccormick"}], "greeting":"Hello, Patterson Melton! You have 7 unread messages.", "favoriteFruit":"strawberry"}