{"_id":"55ee5e4462c72c0a8439472b", "index":1212, "guid":"4f4f0c23-3b04-4299-921c-66cff11ea7e9", "isActive":false, "balance":"$9,629.78", "picture":"http://placehold.it/32x32", "age":49, "eyeColor":"blue", "name":"Winters Soto", "gender":"male", "company":"DEVILTOE", "email":"winterssoto@deviltoe.com", "phone":"+1 (832) 442-3808", "address":"506 Lafayette Walk, Beyerville, Utah, 5636", "about":"Fugiat eu qui nisi esse Lorem ex pariatur cillum dolor sit aute anim deserunt ad. Sit in deserunt pariatur amet. Aliquip officia tempor quis mollit incididunt enim proident nulla elit. Fugiat sunt aliquip veniam mollit reprehenderit. Ut deserunt veniam adipisicing minim mollit ea. Non aliqua culpa sunt consectetur quis exercitation consectetur qui commodo culpa minim.\r\n", "registered":"2015-02-15T09:56:40 -07:00", "latitude":-36.072676, "longitude":111.728913, "tags":["mollit", "eiusmod", "excepteur", "ea", "ad", "minim", "consequat"], "friends":[{"id":0, "name":"Gallagher Huber"}, {"id":1, "name":"Guadalupe Pitts"}, {"id":2, "name":"Santana Jones"}], "greeting":"Hello, Winters Soto! You have 7 unread messages.", "favoriteFruit":"banana"}