{"_id":"55ee5e44ffcac17e0df82844", "index":110, "guid":"b562ac4d-0d2e-4a27-93f3-c6ed2b30b829", "isActive":true, "balance":"$84,176.91", "picture":"http://placehold.it/32x32", "age":35, "eyeColor":"brown", "name":"Ellis Wheeler", "gender":"male", "company":"IMMUNICS", "email":"elliswheeler@immunics.com", "phone":"+1 (884) 424-2532", "address":"735 Henry Street, Whitewater, Utah, 9691", "about":"Lorem elit officia ullamco do cillum proident irure laborum est. Voluptate est ullamco sit cillum magna laborum veniam do quis officia exercitation et quis. Mollit aliquip aute enim anim anim reprehenderit eiusmod dolore cillum.\r\n", "registered":"2014-09-08T05:35:04 -07:00", "latitude":-75.934444, "longitude":173.139217, "tags":["et", "sit", "id", "ipsum", "non", "velit", "in"], "friends":[{"id":0, "name":"Finch Newton"}, {"id":1, "name":"Lott Howell"}, {"id":2, "name":"Lane Conway"}], "greeting":"Hello, Ellis Wheeler! You have 10 unread messages.", "favoriteFruit":"banana"}