{"_id":"55ee5e44440240f88ccc6adf", "index":1384, "guid":"1994f098-0ad2-4e3b-8986-81df7597efbf", "isActive":false, "balance":"$5,558.05", "picture":"http://placehold.it/32x32", "age":23, "eyeColor":"blue", "name":"Cortez Mcconnell", "gender":"male", "company":"DEMINIMUM", "email":"cortezmcconnell@deminimum.com", "phone":"+1 (961) 467-3907", "address":"471 Monaco Place, Hall, Tennessee, 8968", "about":"Irure cillum amet fugiat labore nostrud do esse aliqua ad cupidatat. Cupidatat eiusmod quis non sit cillum sit minim. Aute duis ad sit dolore exercitation do.\r\n", "registered":"2014-11-03T12:23:08 -07:00", "latitude":-36.007556, "longitude":-47.992564, "tags":["et", "minim", "velit", "esse", "voluptate", "consequat", "laboris"], "friends":[{"id":0, "name":"Addie Finch"}, {"id":1, "name":"Pruitt Ramos"}, {"id":2, "name":"Ora Sellers"}], "greeting":"Hello, Cortez Mcconnell! You have 4 unread messages.", "favoriteFruit":"strawberry"}