{"_id":"55ee5e444de7a5927b5d4fad", "index":1446, "guid":"677ff8ad-c675-4759-9711-8ec967f8dcb4", "isActive":true, "balance":"$31,460.54", "picture":"http://placehold.it/32x32", "age":54, "eyeColor":"blue", "name":"Kerri Foreman", "gender":"female", "company":"IDEALIS", "email":"kerriforeman@idealis.com", "phone":"+1 (818) 590-3463", "address":"364 Chase Court, Seymour, Maryland, 4167", "about":"Consequat aliquip amet sunt ad. Cillum est incididunt exercitation eiusmod aliquip cillum officia reprehenderit laborum ad enim excepteur nostrud. Ullamco elit adipisicing ex officia pariatur ipsum non nulla cillum ut elit occaecat qui. Nisi amet cupidatat elit labore labore.\r\n", "registered":"2014-04-16T04:32:30 -07:00", "latitude":-7.936998, "longitude":166.276553, "tags":["laborum", "labore", "duis", "ut", "consequat", "eu", "qui"], "friends":[{"id":0, "name":"Mara Francis"}, {"id":1, "name":"Fuentes Blackburn"}, {"id":2, "name":"Leach Contreras"}], "greeting":"Hello, Kerri Foreman! You have 1 unread messages.", "favoriteFruit":"apple"}