{"_id":"55ee5e440a739c633885a814", "index":1136, "guid":"33408f09-c725-44ce-a9b5-5f53fb34c1c6", "isActive":false, "balance":"$35,461.88", "picture":"http://placehold.it/32x32", "age":33, "eyeColor":"green", "name":"Collins Holt", "gender":"male", "company":"EQUITAX", "email":"collinsholt@equitax.com", "phone":"+1 (959) 426-3559", "address":"130 Matthews Court, Baden, Idaho, 7212", "about":"Irure dolore dolore fugiat qui sunt. Dolore reprehenderit sunt sunt commodo duis proident velit reprehenderit consequat elit nostrud. Nisi excepteur adipisicing aute anim.\r\n", "registered":"2015-05-08T11:34:06 -07:00", "latitude":-70.838699, "longitude":-25.513248, "tags":["cillum", "mollit", "exercitation", "consectetur", "dolore", "elit", "amet"], "friends":[{"id":0, "name":"Wilder Velazquez"}, {"id":1, "name":"Austin Mcfadden"}, {"id":2, "name":"Gamble Berg"}], "greeting":"Hello, Collins Holt! You have 7 unread messages.", "favoriteFruit":"orange"}