{"_id":"55ee5e44b0a429819d090a8f", "index":1101, "guid":"df52b9e1-6347-4ed4-b8af-adbdef16aeb7", "isActive":true, "balance":"$5,100.05", "picture":"http://placehold.it/32x32", "age":62, "eyeColor":"blue", "name":"Jaclyn Moses", "gender":"female", "company":"SULTRAX", "email":"jaclynmoses@sultrax.com", "phone":"+1 (986) 443-3484", "address":"211 Baycliff Terrace, Allamuchy, Pennsylvania, 2063", "about":"Duis id cupidatat dolor esse. Ea proident veniam exercitation do tempor eu. Qui qui adipisicing duis culpa. Cupidatat consectetur exercitation nostrud nostrud et nulla laborum tempor tempor do id occaecat consectetur. Ut duis proident eu aliquip aliquip ex. Nisi nisi anim ex esse adipisicing voluptate ipsum velit. Laboris culpa ad in fugiat minim ullamco occaecat velit exercitation.\r\n", "registered":"2014-03-07T11:44:39 -07:00", "latitude":1.984457, "longitude":58.680673, "tags":["ullamco", "cillum", "anim", "eu", "consequat", "veniam", "in"], "friends":[{"id":0, "name":"Mullen Dominguez"}, {"id":1, "name":"Cruz Collins"}, {"id":2, "name":"Felecia Gamble"}], "greeting":"Hello, Jaclyn Moses! You have 3 unread messages.", "favoriteFruit":"pear"}