{"_id":"55ee5e448c5a2eb6ce5c4537", "index":1355, "guid":"e0489d3f-f7aa-4a7a-85a2-129625543d14", "isActive":false, "balance":"$70,099.15", "picture":"http://placehold.it/32x32", "age":44, "eyeColor":"blue", "name":"Spence Rosario", "gender":"male", "company":"ACCIDENCY", "email":"spencerosario@accidency.com", "phone":"+1 (909) 539-2798", "address":"345 Seagate Avenue, Enetai, Guam, 8570", "about":"Occaecat elit amet reprehenderit eiusmod sint nisi mollit reprehenderit labore Lorem anim nostrud commodo. Quis Lorem excepteur qui voluptate quis qui aliquip incididunt deserunt qui fugiat. Sint magna aute eu laboris anim velit in sint deserunt id officia. Ullamco elit exercitation duis do ipsum labore minim. Ipsum nisi laborum adipisicing pariatur irure exercitation incididunt. Irure pariatur irure sunt do adipisicing aliquip ex Lorem. Exercitation reprehenderit aliquip ad minim minim amet Lorem laboris culpa esse irure.\r\n", "registered":"2015-01-26T01:52:41 -07:00", "latitude":-23.718911, "longitude":-81.763653, "tags":["ad", "irure", "magna", "minim", "dolor", "mollit", "Lorem"], "friends":[{"id":0, "name":"Maddox English"}, {"id":1, "name":"Barker Beasley"}, {"id":2, "name":"Horne Bell"}], "greeting":"Hello, Spence Rosario! You have 8 unread messages.", "favoriteFruit":"orange"}