{"_id":"55ee5e44e2781a31cbdce62e", "index":1049, "guid":"e4b12c96-43aa-472b-959b-7d3155a36944", "isActive":false, "balance":"$55,312.75", "picture":"http://placehold.it/32x32", "age":34, "eyeColor":"brown", "name":"Angelita Byrd", "gender":"female", "company":"NAMEGEN", "email":"angelitabyrd@namegen.com", "phone":"+1 (866) 540-3835", "address":"695 Hart Place, Brady, Ohio, 8066", "about":"Minim pariatur pariatur ea nostrud ea irure. Labore incididunt voluptate minim sunt velit. Occaecat pariatur et nulla laborum commodo ea nulla non. Sit aliqua sint ea excepteur eu commodo exercitation pariatur quis incididunt in ex. Laboris excepteur ea deserunt reprehenderit.\r\n", "registered":"2015-06-25T08:57:25 -07:00", "latitude":-16.750287, "longitude":-68.662068, "tags":["consequat", "laboris", "eu", "ea", "sit", "sit", "anim"], "friends":[{"id":0, "name":"Buchanan Barrera"}, {"id":1, "name":"Rosalind Michael"}, {"id":2, "name":"Marcella Hernandez"}], "greeting":"Hello, Angelita Byrd! You have 2 unread messages.", "favoriteFruit":"apple"}