{"_id":"55ee5e44bbe293ae4300c6a2", "index":1246, "guid":"dbf194aa-c715-47a4-8185-593588ffe7c2", "isActive":true, "balance":"$57,769.46", "picture":"http://placehold.it/32x32", "age":22, "eyeColor":"green", "name":"Keller Key", "gender":"male", "company":"BUZZWORKS", "email":"kellerkey@buzzworks.com", "phone":"+1 (958) 556-2850", "address":"250 Verona Street, Gibsonia, Colorado, 8393", "about":"Dolor ipsum occaecat adipisicing labore do. Culpa magna ut eiusmod proident laboris laboris aliquip exercitation id amet do exercitation. Et laborum culpa elit excepteur consectetur esse. Tempor in quis qui consectetur commodo ipsum. Excepteur enim qui laboris eu mollit cupidatat minim sit ex reprehenderit est do.\r\n", "registered":"2014-02-20T12:57:01 -07:00", "latitude":-6.908528, "longitude":119.091851, "tags":["magna", "aliquip", "ea", "est", "incididunt", "eiusmod", "eu"], "friends":[{"id":0, "name":"Juliana Slater"}, {"id":1, "name":"Beasley Armstrong"}, {"id":2, "name":"Suarez Hurley"}], "greeting":"Hello, Keller Key! You have 1 unread messages.", "favoriteFruit":"banana"}