{"_id":"55ee5e442b3dbb5c9bb18e40","index":1420,"guid":"ab5289a5-30af-41ba-998b-14470a6a862e","isActive":true,"balance":"$60,990.89","picture":"http://placehold.it/32x32","age":51,"eyeColor":"green","name":"Maryanne Compton","gender":"female","company":"ZILLACOM","email":"maryannecompton@zillacom.com","phone":"+1 (945) 524-3677","address":"856 Richmond Street, Coalmont, Colorado, 8728","about":"Incididunt ad mollit labore adipisicing. Duis ea aliqua aute magna. Aliqua consequat aute cillum do ad nisi quis magna eiusmod nisi nulla. Minim cupidatat dolore est ullamco do consequat ut velit sunt esse. Officia aliqua id minim sint dolore. Qui aliquip cillum aliquip ea adipisicing labore quis.\r\n","registered":"2015-09-07T11:08:59 -07:00","tags":["nisi","nisi","duis","anim","consequat","exercitation","quis"],"friends":[{"id":0,"name":"Margarita Wilkinson"},{"id":1,"name":"Simpson Warner"},{"id":2,"name":"Lela Dale"}],"greeting":"Hello, Maryanne Compton! You have 6 unread messages.","favoriteFruit":"apple","location":{"latitude":26.551662,"longitude":115.541957}}