{
  "_id": "55ee5e44980ad133a16fcdda",
  "index": 1346,
  "guid": "79c74538-62d7-42fd-8bcb-be3cef99f19c",
  "isActive": false,
  "balance": "$50,189.88",
  "picture": "http://placehold.it/32x32",
  "age": 43,
  "eyeColor": "green",
  "name": "Willa Evans",
  "gender": "female",
  "company": "GINK",
  "email": "willaevans@gink.com",
  "phone": "+1 (864) 561-2921",
  "address": "232 Russell Street, Morningside, Oregon, 8230",
  "about": "Consequat sint non et aliquip non in. Lorem incididunt cillum velit anim deserunt irure reprehenderit eiusmod eiusmod ut pariatur anim. Elit reprehenderit nisi aliquip nostrud cupidatat anim consectetur cillum amet laboris. Culpa non pariatur nisi excepteur proident consequat culpa minim ut ullamco id dolor ipsum deserunt. Incididunt nostrud reprehenderit voluptate ad et.\r\n",
  "registered": "2014-02-21T05:02:23-07:00",
  "tags": [
    "aute",
    "esse",
    "minim",
    "amet",
    "adipisicing",
    "laboris",
    "anim"
  ],
  "friends": [
    {
      "id": 0,
      "name": "Aline Duncan"
    },
    {
      "id": 1,
      "name": "Ruthie Strickland"
    },
    {
      "id": 2,
      "name": "Sonya Wilcox"
    }
  ],
  "greeting": "Hello, Willa Evans! You have 5 unread messages.",
  "favoriteFruit": "apple",
  "location": {
    "latitude": 71.198888,
    "longitude": 28.509541
  },
  "docFormat": "json",
  "triples": [
    {
      "triple": {
        "subject": "/sample-data/data-1346.json",
        "predicate": "http://www.w3.org/2000/01/rdf-schema#label",
        "object": "Willa Evans"
      }
    },
    {
      "triple": {
        "subject": "/sample-data/data-1346.json",
        "predicate": "http://www.w3.org/1999/02/22-rdf-syntax-ns#type",
        "object": "http://xmlns.com/foaf/0.1/Person"
      }
    },
    {
      "triple": {
        "subject": "/sample-data/data-1346.json",
        "predicate": "http://xmlns.com/foaf/0.1/knows",
        "object": "/sample-data/data-1629.json"
      }
    },
    {
      "triple": {
        "subject": "/sample-data/data-1346.json",
        "predicate": "http://xmlns.com/foaf/0.1/knows",
        "object": "/sample-data/data-574.json"
      }
    },
    {
      "triple": {
        "subject": "/sample-data/data-1346.json",
        "predicate": "http://xmlns.com/foaf/0.1/knows",
        "object": "/sample-data/data-2260.json"
      }
    }
  ]
}