{"_id":"55ee5e44c12f751ee530a50e","index":1339,"guid":"8c5e21d1-bf81-44f3-9356-e4f518aad222","isActive":false,"balance":"$6,610.20","picture":"http://placehold.it/32x32","age":49,"eyeColor":"brown","name":"Orr Booth","gender":"male","company":"EMTRAK","email":"orrbooth@emtrak.com","phone":"+1 (914) 550-2328","address":"599 Veranda Place, Titanic, Ohio, 962","about":"Pariatur fugiat irure culpa exercitation minim magna nulla nisi officia id deserunt. Nostrud dolore consectetur amet qui voluptate enim culpa. Velit consequat excepteur Lorem aliquip in cupidatat sit fugiat et. Sint sint tempor nostrud officia esse ipsum consequat nisi elit.\r\n","registered":"2015-07-02T07:51:00 -07:00","tags":["ea","magna","non","exercitation","pariatur","Lorem","consectetur"],"friends":[{"id":0,"name":"Chris Woodard"},{"id":1,"name":"Mitchell Fischer"},{"id":2,"name":"Justine Walter"}],"greeting":"Hello, Orr Booth! You have 2 unread messages.","favoriteFruit":"pear","location":{"latitude":36.646763,"longitude":123.158281}}