{"_id":"55ee5e44ebe4f0479940403c","index":1181,"guid":"fcd7bb36-6599-4dbf-b199-b96b5310966b","isActive":false,"balance":"$83,331.73","picture":"http://placehold.it/32x32","age":27,"eyeColor":"brown","name":"Richardson Rosa","gender":"male","company":"MATRIXITY","email":"richardsonrosa@matrixity.com","phone":"+1 (861) 438-3230","address":"146 Bleecker Street, Day, Guam, 6887","about":"Aute consectetur ea minim aliqua pariatur veniam commodo. Pariatur aute nulla dolore est duis culpa ad. Officia sint qui eu et Lorem enim dolore laborum. Elit pariatur aliquip dolore ut in et. Mollit Lorem culpa deserunt cillum aliquip nisi veniam. Quis ut irure deserunt ullamco labore nisi officia amet cupidatat anim nulla. Commodo duis mollit exercitation occaecat anim veniam id minim dolor ipsum est magna.\r\n","registered":"2014-02-13T01:34:12 -07:00","tags":["irure","reprehenderit","enim","occaecat","sunt","magna","incididunt"],"friends":[{"id":0,"name":"Marshall Weiss"},{"id":1,"name":"Cheryl Edwards"},{"id":2,"name":"Evangelina Donovan"}],"greeting":"Hello, Richardson Rosa! You have 5 unread messages.","favoriteFruit":"orange","location":{"latitude":-60.965187,"longitude":-82.66663},"docFormat":"json"}