{"_id":"55ee5e44f7e12b8411fca3e1","index":1011,"guid":"db2a4ffd-8d23-4342-8e4e-047a7c64cf77","isActive":false,"balance":"$98,076.25","picture":"http://placehold.it/32x32","age":48,"eyeColor":"green","name":"Natalie Kelley","gender":"female","company":"DIGIGEN","email":"nataliekelley@digigen.com","phone":"+1 (826) 553-3460","address":"286 Norman Avenue, Elwood, Wyoming, 2094","about":"Aliqua culpa reprehenderit pariatur incididunt id. Incididunt nulla culpa labore quis aute sunt anim voluptate. Excepteur labore mollit eu sit aliqua adipisicing esse quis elit ut. Enim incididunt id voluptate tempor elit qui anim culpa quis dolore. Dolor fugiat proident et pariatur eiusmod minim qui.\r\n","registered":"2014-10-31T07:04:13 -07:00","tags":["do","consequat","ad","minim","est","anim","irure"],"friends":[{"id":0,"name":"Conley Guerrero"},{"id":1,"name":"Abbott Davidson"},{"id":2,"name":"Key Chapman"}],"greeting":"Hello, Natalie Kelley! You have 10 unread messages.","favoriteFruit":"orange","location":{"latitude":-72.725837,"longitude":-57.636303},"docFormat":"json","triples":[{"triple":{"subject":"/sample-data/data-1011.json","predicate":"http://www.w3.org/2000/01/rdf-schema#label","object":"Natalie Kelley"}},{"triple":{"subject":"/sample-data/data-1011.json","predicate":"http://www.w3.org/1999/02/22-rdf-syntax-ns#type","object":"http://xmlns.com/foaf/0.1/Person"}},{"triple":{"subject":"/sample-data/data-1011.json","predicate":"http://xmlns.com/foaf/0.1/knows","object":"/sample-data/data-222.json"}},{"triple":{"subject":"/sample-data/data-1011.json","predicate":"http://xmlns.com/foaf/0.1/knows","object":"/sample-data/data-2315.json"}},{"triple":{"subject":"/sample-data/data-1011.json","predicate":"http://xmlns.com/foaf/0.1/knows","object":"/sample-data/data-1417.json"}}]}