{"_id":"55ee5e4493664b89dbadcaea","index":119,"guid":"b1c18014-dfcc-4333-8c12-0103a627d9db","isActive":true,"balance":"$63,532.41","picture":"http://placehold.it/32x32","age":48,"eyeColor":"brown","name":"Moody Nguyen","gender":"male","company":"EXTRAWEAR","email":"moodynguyen@extrawear.com","phone":"+1 (966) 548-3369","address":"195 Jay Street, Ezel, Northern Mariana Islands, 789","about":"Quis quis excepteur sunt mollit non est consequat deserunt aliquip est Lorem eiusmod. Deserunt reprehenderit incididunt in nostrud esse. Do dolore culpa Lorem aliqua nulla. Nisi anim aliquip aute velit incididunt esse ullamco.\r\n","registered":"2015-01-08T04:36:25 -07:00","tags":["reprehenderit","non","irure","adipisicing","aliquip","aliqua","excepteur"],"friends":[{"id":0,"name":"Louella Baird"},{"id":1,"name":"Claudette Blair"},{"id":2,"name":"Neal Harrell"}],"greeting":"Hello, Moody Nguyen! You have 10 unread messages.","favoriteFruit":"orange","location":{"latitude":27.564885,"longitude":-97.119812},"docFormat":"json"}