{"_id":"55ee5e44cd2632748fd032e0","index":1096,"guid":"bf82adb2-a0da-488f-b2c2-ad6f3e774bb0","isActive":false,"balance":"$42,231.84","picture":"http://placehold.it/32x32","age":21,"eyeColor":"brown","name":"Valentine Fulton","gender":"male","company":"CYTREX","email":"valentinefulton@cytrex.com","phone":"+1 (851) 464-3496","address":"255 Radde Place, Manitou, Utah, 6488","about":"Sunt proident fugiat irure duis elit dolore enim consectetur cupidatat excepteur duis cillum in. Labore voluptate irure sint est. Enim ipsum dolor laborum dolore occaecat consectetur labore officia laborum amet id est nisi dolor. Ex mollit fugiat consequat ea officia aliquip duis consectetur aliquip exercitation est. Incididunt officia aute aliquip pariatur Lorem elit laboris. Eiusmod labore velit occaecat nisi dolor et aliqua. Consectetur commodo ad et proident consequat Lorem dolore laborum velit consequat commodo aute ut.\r\n","registered":"2015-04-16T07:21:54 -07:00","tags":["labore","id","mollit","nulla","aute","pariatur","nostrud"],"friends":[{"id":0,"name":"Bailey Evans"},{"id":1,"name":"Elisabeth Duncan"},{"id":2,"name":"Faye Strickland"}],"greeting":"Hello, Valentine Fulton! You have 5 unread messages.","favoriteFruit":"orange","location":{"latitude":-22.896225,"longitude":24.713298},"docFormat":"json","triples":[{"triple":{"subject":"/sample-data/data-1096.json","predicate":"http://www.w3.org/2000/01/rdf-schema#label","object":"Valentine Fulton"}},{"triple":{"subject":"/sample-data/data-1096.json","predicate":"http://www.w3.org/1999/02/22-rdf-syntax-ns#type","object":"http://xmlns.com/foaf/0.1/Person"}},{"triple":{"subject":"/sample-data/data-1096.json","predicate":"http://xmlns.com/foaf/0.1/knows","object":"/sample-data/data-1750.json"}},{"triple":{"subject":"/sample-data/data-1096.json","predicate":"http://xmlns.com/foaf/0.1/knows","object":"/sample-data/data-1321.json"}},{"triple":{"subject":"/sample-data/data-1096.json","predicate":"http://xmlns.com/foaf/0.1/knows","object":"/sample-data/data-1663.json"}}]}