{"_id":"55ee5e44bb37d96977a3f952","index":1007,"guid":"cb3a6ccc-1b18-4e79-887f-6fe032e560cd","isActive":false,"balance":"$19,043.26","picture":"http://placehold.it/32x32","age":21,"eyeColor":"brown","name":"Barry Ortiz","gender":"male","company":"ESCENTA","email":"barryortiz@escenta.com","phone":"+1 (848) 496-2066","address":"334 Lawrence Street, Robinson, Guam, 5233","about":"Deserunt occaecat officia ea veniam est incididunt duis deserunt velit proident eu laborum esse nostrud. Velit nostrud pariatur veniam ad dolor ullamco adipisicing enim veniam. Labore anim veniam ullamco exercitation Lorem laboris pariatur proident sunt Lorem amet fugiat. Magna magna non sit nulla incididunt nisi laboris nisi et est id.\r\n","registered":"2014-11-01T08:49:40 -07:00","tags":["esse","proident","minim","ullamco","reprehenderit","sit","laboris"],"friends":[{"id":0,"name":"Daniels Merrill"},{"id":1,"name":"Wong Carrillo"},{"id":2,"name":"Williams Houston"}],"greeting":"Hello, Barry Ortiz! You have 1 unread messages.","favoriteFruit":"banana","location":{"latitude":-49.153169,"longitude":-41.104706}}