{
  "_id": "55ee5e4481d1fb9997e3baa2",
  "index": 1116,
  "guid": "179a7f54-2887-47f7-a7c8-ea658744678c",
  "isActive": true,
  "balance": "$23,525.26",
  "picture": "http://placehold.it/32x32",
  "age": 46,
  "eyeColor": "blue",
  "name": "Mildred Morse",
  "gender": "female",
  "company": "PYRAMIA",
  "email": "mildredmorse@pyramia.com",
  "phone": "+1 (940) 486-2505",
  "address": "382 Cambridge Place, Mappsville, New Mexico, 1609",
  "about": "Sunt ut sint deserunt enim id elit commodo ut pariatur excepteur cillum enim anim laborum. Ullamco minim aute voluptate sit nulla. Nostrud incididunt reprehenderit quis nulla ipsum quis. Sit laboris cillum Lorem elit. Consectetur proident ex non ex in occaecat fugiat. Consequat laborum deserunt mollit aliqua non velit non ea eiusmod nostrud labore adipisicing. Occaecat ad aliqua id ea.\r\n",
  "registered": "2014-07-29T01:18:49-07:00",
  "tags": [
    "irure",
    "adipisicing",
    "quis",
    "non",
    "et",
    "sunt",
    "proident"
  ],
  "friends": [
    {
      "id": 0,
      "name": "Ginger Fuentes"
    },
    {
      "id": 1,
      "name": "Robbins Estrada"
    },
    {
      "id": 2,
      "name": "Peggy Randall"
    }
  ],
  "greeting": "Hello, Mildred Morse! You have 7 unread messages.",
  "favoriteFruit": "strawberry",
  "location": {
    "latitude": 44.283062,
    "longitude": 4.780621
  },
  "docFormat": "json",
  "triples": [
    {
      "triple": {
        "subject": "/sample-data/data-1116.json",
        "predicate": "http://www.w3.org/2000/01/rdf-schema#label",
        "object": "Mildred Morse"
      }
    },
    {
      "triple": {
        "subject": "/sample-data/data-1116.json",
        "predicate": "http://www.w3.org/1999/02/22-rdf-syntax-ns#type",
        "object": "http://xmlns.com/foaf/0.1/Person"
      }
    },
    {
      "triple": {
        "subject": "/sample-data/data-1116.json",
        "predicate": "http://xmlns.com/foaf/0.1/knows",
        "object": "/sample-data/data-143.json"
      }
    },
    {
      "triple": {
        "subject": "/sample-data/data-1116.json",
        "predicate": "http://xmlns.com/foaf/0.1/knows",
        "object": "/sample-data/data-2860.json"
      }
    },
    {
      "triple": {
        "subject": "/sample-data/data-1116.json",
        "predicate": "http://xmlns.com/foaf/0.1/knows",
        "object": "/sample-data/data-2165.json"
      }
    }
  ]
}