{"_id":"55ee5e4468f564f0a14581da","index":13,"guid":"3ebbb01e-bbbb-43bb-b399-8b5694ce2537","isActive":false,"balance":"$60,709.55","picture":"http://placehold.it/32x32","age":37,"eyeColor":"blue","name":"Melba Meyers","gender":"female","company":"AQUAMATE","email":"melbameyers@aquamate.com","phone":"+1 (832) 421-3190","address":"168 Oceanview Avenue, Eureka, Georgia, 1539","about":"Laboris cupidatat adipisicing elit aute sint duis aliquip. Ut in consectetur voluptate pariatur esse. Consequat veniam pariatur proident non consectetur commodo eiusmod dolore quis Lorem Lorem aliqua est.\r\n","registered":"2015-07-11T09:45:32 -07:00","tags":["veniam","excepteur","sit","sunt","ut","ex","est"],"friends":[{"id":0,"name":"Kathie Rojas"},{"id":1,"name":"Myra Landry"},{"id":2,"name":"Holder Daniel"}],"greeting":"Hello, Melba Meyers! You have 9 unread messages.","favoriteFruit":"orange","location":{"latitude":71.910904,"longitude":-158.460702}}