{
  "_id": "55ee5e44be011207cb17a5fc",
  "index": 1310,
  "guid": "8fe50079-4d06-4fd3-8702-01dd3fa4d1f3",
  "isActive": true,
  "balance": "$92,015.64",
  "picture": "http://placehold.it/32x32",
  "age": 64,
  "eyeColor": "blue",
  "name": "Flowers Vincent",
  "gender": "male",
  "company": "MAGNEATO",
  "email": "flowersvincent@magneato.com",
  "phone": "+1 (953) 484-3207",
  "address": "528 Homecrest Avenue, Alden, Idaho, 4145",
  "about": "Minim veniam mollit consectetur tempor anim cupidatat sint veniam in elit. Labore excepteur elit dolor amet fugiat incididunt eu officia occaecat. Esse cupidatat ullamco labore ipsum velit ex occaecat fugiat consequat eiusmod tempor dolor dolore. Cillum sunt laboris aute magna dolore sit eu sit deserunt deserunt enim mollit. Dolore ipsum excepteur officia anim non. Lorem dolore aliquip proident et.\r\n",
  "registered": "2014-10-11T08:46:10-07:00",
  "tags": [
    "culpa",
    "voluptate",
    "ullamco",
    "magna",
    "laboris",
    "veniam",
    "anim"
  ],
  "friends": [
    {
      "id": 0,
      "name": "Lucile Dillard"
    },
    {
      "id": 1,
      "name": "Lancaster Lewis"
    },
    {
      "id": 2,
      "name": "Colleen Odom"
    }
  ],
  "greeting": "Hello, Flowers Vincent! You have 7 unread messages.",
  "favoriteFruit": "apple",
  "location": {
    "latitude": -56.86286,
    "longitude": -134.74766
  },
  "docFormat": "json",
  "triples": [
    {
      "triple": {
        "subject": "/sample-data/data-1310.json",
        "predicate": "http://www.w3.org/2000/01/rdf-schema#label",
        "object": "Flowers Vincent"
      }
    },
    {
      "triple": {
        "subject": "/sample-data/data-1310.json",
        "predicate": "http://www.w3.org/1999/02/22-rdf-syntax-ns#type",
        "object": "http://xmlns.com/foaf/0.1/Person"
      }
    },
    {
      "triple": {
        "subject": "/sample-data/data-1310.json",
        "predicate": "http://xmlns.com/foaf/0.1/knows",
        "object": "/sample-data/data-1657.json"
      }
    },
    {
      "triple": {
        "subject": "/sample-data/data-1310.json",
        "predicate": "http://xmlns.com/foaf/0.1/knows",
        "object": "/sample-data/data-1592.json"
      }
    },
    {
      "triple": {
        "subject": "/sample-data/data-1310.json",
        "predicate": "http://xmlns.com/foaf/0.1/knows",
        "object": "/sample-data/data-2685.json"
      }
    }
  ]
}