{"_id":"55ee5e44be634270973874a5","index":1413,"guid":"9e2641f8-4b15-45db-a731-6fcb62cd2555","isActive":false,"balance":"$24,460.43","picture":"http://placehold.it/32x32","age":55,"eyeColor":"brown","name":"Tasha Welch","gender":"female","company":"STROZEN","email":"tashawelch@strozen.com","phone":"+1 (833) 551-3698","address":"355 Apollo Street, Bourg, Guam, 4487","about":"Tempor anim magna et non. Laborum adipisicing laborum elit culpa proident. Reprehenderit voluptate aute culpa quis aliqua eiusmod. Adipisicing enim est qui nisi dolore. Tempor ut reprehenderit pariatur cillum dolor aute qui consectetur ipsum commodo ullamco dolore voluptate commodo. Laborum est culpa consectetur nisi amet et magna adipisicing laborum cillum anim quis cupidatat. Pariatur veniam eu consequat consectetur duis non proident aliquip proident.\r\n","registered":"2015-08-02T09:20:39 -07:00","tags":["cillum","ea","ullamco","esse","ad","enim","ad"],"friends":[{"id":0,"name":"Carey Dillon"},{"id":1,"name":"Darla Lyons"},{"id":2,"name":"Mary Morton"}],"greeting":"Hello, Tasha Welch! You have 3 unread messages.","favoriteFruit":"apple","location":{"latitude":-78.520497,"longitude":168.542361}}