{"_id":"55ee5e4497f1e963a0b91d6f","index":10,"guid":"7b492253-9c1e-4e1e-97f6-b9e3c849d6aa","isActive":false,"balance":"$12,885.57","picture":"http://placehold.it/32x32","age":55,"eyeColor":"blue","name":"Daniels Barron","gender":"male","company":"XANIDE","email":"danielsbarron@xanide.com","phone":"+1 (919) 589-3257","address":"986 Harden Street, Hamilton, Vermont, 3127","about":"Commodo sunt irure mollit fugiat ut eiusmod consequat excepteur minim enim magna sint aliquip. Adipisicing consequat exercitation labore Lorem ea velit commodo aute est et. Enim anim amet do enim est commodo. Nulla est cupidatat fugiat minim occaecat proident reprehenderit. Ipsum consectetur labore nisi culpa consectetur Lorem in ipsum amet.\r\n","registered":"2014-09-01T10:01:12 -07:00","tags":["id","id","eu","non","consectetur","deserunt","fugiat"],"friends":[{"id":0,"name":"Wong Shields"},{"id":1,"name":"Natalie Talley"},{"id":2,"name":"Williams Wilkerson"}],"greeting":"Hello, Daniels Barron! You have 3 unread messages.","favoriteFruit":"strawberry","location":{"latitude":19.391849,"longitude":-26.008492}}