{
  "_id": "55ee5e4447ad9e48b39aa354",
  "index": 1009,
  "guid": "d854c368-94ec-4674-88b1-5b77fd957d39",
  "isActive": false,
  "balance": "$51,619.96",
  "picture": "http://placehold.it/32x32",
  "age": 67,
  "eyeColor": "blue",
  "name": "Noemi Barron",
  "gender": "female",
  "company": "XANIDE",
  "email": "noemibarron@xanide.com",
  "phone": "+1 (892) 491-3709",
  "address": "253 Harden Street, Hamilton, Louisiana, 9793",
  "about": "Amet anim excepteur aliqua do aliquip consectetur cupidatat aute occaecat consequat. Do pariatur in exercitation fugiat sunt non anim eiusmod fugiat dolor laboris irure tempor id. Irure elit aliqua dolore fugiat deserunt. Laborum aliquip adipisicing eu reprehenderit cupidatat laboris cupidatat fugiat eu voluptate consectetur dolore.\r\n",
  "registered": "2015-07-14T11:37:53-07:00",
  "tags": [
    "consequat",
    "laborum",
    "minim",
    "pariatur",
    "voluptate",
    "magna",
    "qui"
  ],
  "friends": [
    {
      "id": 0,
      "name": "Mari Shields"
    },
    {
      "id": 1,
      "name": "Margery Talley"
    },
    {
      "id": 2,
      "name": "Cherry Wilkerson"
    }
  ],
  "greeting": "Hello, Noemi Barron! You have 5 unread messages.",
  "favoriteFruit": "orange",
  "location": {
    "latitude": 33.834943,
    "longitude": -133.635126
  },
  "docFormat": "json",
  "triples": [
    {
      "triple": {
        "subject": "/sample-data/data-1009.json",
        "predicate": "http://www.w3.org/2000/01/rdf-schema#label",
        "object": "Noemi Barron"
      }
    },
    {
      "triple": {
        "subject": "/sample-data/data-1009.json",
        "predicate": "http://www.w3.org/1999/02/22-rdf-syntax-ns#type",
        "object": "http://xmlns.com/foaf/0.1/Person"
      }
    },
    {
      "triple": {
        "subject": "/sample-data/data-1009.json",
        "predicate": "http://xmlns.com/foaf/0.1/knows",
        "object": "/sample-data/data-2503.json"
      }
    },
    {
      "triple": {
        "subject": "/sample-data/data-1009.json",
        "predicate": "http://xmlns.com/foaf/0.1/knows",
        "object": "/sample-data/data-1870.json"
      }
    },
    {
      "triple": {
        "subject": "/sample-data/data-1009.json",
        "predicate": "http://xmlns.com/foaf/0.1/knows",
        "object": "/sample-data/data-1027.json"
      }
    }
  ]
}