{"_id":"55ee5e443efc62ffb43d65ee","index":1364,"guid":"08b02aaf-5feb-48ab-a91c-d8a7beb3aaa4","isActive":true,"balance":"$17,720.27","picture":"http://placehold.it/32x32","age":30,"eyeColor":"brown","name":"Benita Robles","gender":"female","company":"RONELON","email":"benitarobles@ronelon.com","phone":"+1 (881) 578-3820","address":"806 Hazel Court, Turah, Iowa, 2235","about":"Ullamco aute in eiusmod voluptate adipisicing excepteur consectetur sit irure. Minim aute nulla ipsum eu aliquip nostrud est exercitation commodo sint. Commodo elit enim laboris in id consequat dolor sit mollit Lorem. Nulla dolor enim nulla commodo excepteur culpa laborum mollit velit pariatur veniam. Veniam excepteur anim qui ea pariatur minim Lorem mollit anim dolor officia. Elit dolor ullamco labore nisi.\r\n","registered":"2015-02-03T01:39:01 -07:00","tags":["sit","minim","ad","nulla","consequat","aute","excepteur"],"friends":[{"id":0,"name":"Laura Scott"},{"id":1,"name":"James Sweet"},{"id":2,"name":"Townsend Price"}],"greeting":"Hello, Benita Robles! You have 10 unread messages.","favoriteFruit":"banana","location":{"latitude":-70.13304,"longitude":-146.896115}}