{
  "_id": "55ee5e4438eeb2f0a91b6042",
  "index": 1054,
  "guid": "1b0dd21a-7c3c-4274-8ca8-2661e2d781b5",
  "isActive": false,
  "balance": "$10,472.73",
  "picture": "http://placehold.it/32x32",
  "age": 24,
  "eyeColor": "brown",
  "name": "Estrada Schwartz",
  "gender": "male",
  "company": "LYRIA",
  "email": "estradaschwartz@lyria.com",
  "phone": "+1 (942) 544-3329",
  "address": "796 Fane Court, Detroit, Vermont, 2683",
  "about": "Aliqua sunt eiusmod officia laborum laborum velit qui quis culpa minim magna elit ullamco eiusmod. Nisi laborum velit sunt non et laboris elit amet laboris commodo Lorem deserunt laborum pariatur. Deserunt aliqua laborum consequat do do aliqua enim in excepteur in ea. Voluptate dolor occaecat eiusmod ad exercitation est tempor duis proident dolor non dolor reprehenderit cillum. Incididunt tempor ut proident eu. Ullamco enim magna ad magna eiusmod incididunt officia cillum consequat reprehenderit fugiat tempor. Officia exercitation proident nulla Lorem dolor reprehenderit ut ea consequat adipisicing aute.\r\n",
  "registered": "2014-06-21T02:06:43-07:00",
  "tags": [
    "aliqua",
    "cillum",
    "anim",
    "elit",
    "consequat",
    "occaecat",
    "aute"
  ],
  "friends": [
    {
      "id": 0,
      "name": "Margo Sandoval"
    },
    {
      "id": 1,
      "name": "Snider Sheppard"
    },
    {
      "id": 2,
      "name": "Hilary Henson"
    }
  ],
  "greeting": "Hello, Estrada Schwartz! You have 4 unread messages.",
  "favoriteFruit": "apple",
  "location": {
    "latitude": 31.094964,
    "longitude": 59.243653
  },
  "docFormat": "json",
  "triples": [
    {
      "triple": {
        "subject": "/sample-data/data-1054.json",
        "predicate": "http://www.w3.org/2000/01/rdf-schema#label",
        "object": "Estrada Schwartz"
      }
    },
    {
      "triple": {
        "subject": "/sample-data/data-1054.json",
        "predicate": "http://www.w3.org/1999/02/22-rdf-syntax-ns#type",
        "object": "http://xmlns.com/foaf/0.1/Person"
      }
    },
    {
      "triple": {
        "subject": "/sample-data/data-1054.json",
        "predicate": "http://xmlns.com/foaf/0.1/knows",
        "object": "/sample-data/data-517.json"
      }
    },
    {
      "triple": {
        "subject": "/sample-data/data-1054.json",
        "predicate": "http://xmlns.com/foaf/0.1/knows",
        "object": "/sample-data/data-1579.json"
      }
    },
    {
      "triple": {
        "subject": "/sample-data/data-1054.json",
        "predicate": "http://xmlns.com/foaf/0.1/knows",
        "object": "/sample-data/data-88.json"
      }
    }
  ]
}