{"_id":"55ee5e445acdfd014dbb5e9f","index":1321,"guid":"d73005ef-cd80-4c09-ad8f-e1502b0b83fa","isActive":false,"balance":"$55,800.77","picture":"http://placehold.it/32x32","age":43,"eyeColor":"green","name":"Lourdes Moss","gender":"female","company":"DIGIRANG","email":"lourdesmoss@digirang.com","phone":"+1 (816) 556-2098","address":"202 Eldert Street, Accoville, North Carolina, 5792","about":"Aliquip amet tempor enim quis id mollit dolor excepteur est deserunt pariatur qui labore nostrud. Consectetur ipsum anim aliquip velit magna mollit labore pariatur occaecat ex non ex ullamco. Proident occaecat quis id eu consequat cillum commodo sint consectetur anim. Quis mollit proident tempor exercitation esse amet occaecat deserunt et exercitation. Fugiat velit nulla ea nostrud excepteur. Et laboris consectetur incididunt velit cupidatat ullamco pariatur quis ullamco eu incididunt nulla cupidatat proident.\r\n","registered":"2014-06-14T06:08:53 -07:00","tags":["fugiat","magna","enim","veniam","id","sunt","ipsum"],"friends":[{"id":0,"name":"Deborah Knapp"},{"id":1,"name":"Mcleod Bernard"},{"id":2,"name":"Maldonado Roy"}],"greeting":"Hello, Lourdes Moss! You have 2 unread messages.","favoriteFruit":"orange","location":{"latitude":14.532794,"longitude":76.401583}}