{"_id":"55ee5e4493ed84bce6a04e9e","index":1265,"guid":"987bf4c3-0bb8-4c11-b9d2-95d2beade4bb","isActive":false,"balance":"$60,765.54","picture":"http://placehold.it/32x32","age":43,"eyeColor":"blue","name":"Jillian Bright","gender":"female","company":"PRINTSPAN","email":"jillianbright@printspan.com","phone":"+1 (879) 415-2838","address":"196 Eldert Lane, Hoehne, Michigan, 4872","about":"Velit magna eu qui consequat eu amet deserunt aute. Elit id eu incididunt occaecat cillum. Fugiat anim ullamco laboris consequat.\r\n","registered":"2015-03-26T04:39:19 -07:00","tags":["non","culpa","ut","nostrud","labore","adipisicing","deserunt"],"friends":[{"id":0,"name":"Frost Long"},{"id":1,"name":"Heath Wilder"},{"id":2,"name":"Jensen Burgess"}],"greeting":"Hello, Jillian Bright! You have 4 unread messages.","favoriteFruit":"pear","location":{"latitude":-68.499357,"longitude":111.089043},"docFormat":"json","triples":[{"triple":{"subject":"/sample-data/data-1265.json","predicate":"http://www.w3.org/2000/01/rdf-schema#label","object":"Jillian Bright"}},{"triple":{"subject":"/sample-data/data-1265.json","predicate":"http://www.w3.org/1999/02/22-rdf-syntax-ns#type","object":"http://xmlns.com/foaf/0.1/Person"}},{"triple":{"subject":"/sample-data/data-1265.json","predicate":"http://xmlns.com/foaf/0.1/knows","object":"/sample-data/data-2406.json"}},{"triple":{"subject":"/sample-data/data-1265.json","predicate":"http://xmlns.com/foaf/0.1/knows","object":"/sample-data/data-2375.json"}},{"triple":{"subject":"/sample-data/data-1265.json","predicate":"http://xmlns.com/foaf/0.1/knows","object":"/sample-data/data-715.json"}}]}