{"_id":"55ee5e44797df94d732e667d","index":1057,"guid":"46241c80-d9d8-4092-9130-da98188af62a","isActive":true,"balance":"$55,977.57","picture":"http://placehold.it/32x32","age":56,"eyeColor":"green","name":"Anthony Martin","gender":"male","company":"CUIZINE","email":"anthonymartin@cuizine.com","phone":"+1 (979) 523-2053","address":"187 Wythe Place, Cliff, Georgia, 4537","about":"Aliquip anim ipsum commodo veniam nisi ut voluptate quis voluptate id dolore ea magna. Eiusmod veniam qui esse incididunt et fugiat anim ut consectetur. Eiusmod elit labore anim culpa anim. Aliquip veniam labore ex excepteur aliqua ipsum officia ea aute ullamco. Esse dolor in eiusmod sit pariatur consequat id et exercitation cillum et amet proident reprehenderit. Eu voluptate aliquip fugiat sit eu ipsum aliqua dolor.\r\n","registered":"2015-03-04T09:19:52 -07:00","tags":["excepteur","sint","non","et","do","mollit","aute"],"friends":[{"id":0,"name":"Donovan Cline"},{"id":1,"name":"Lindsey Lawson"},{"id":2,"name":"Keisha Monroe"}],"greeting":"Hello, Anthony Martin! You have 2 unread messages.","favoriteFruit":"pear","location":{"latitude":-32.423164,"longitude":-19.058544},"docFormat":"json"}