{"_id":"55ee5e44d7154869b8c915f1","index":1377,"guid":"a67d4c24-236e-4702-b900-0e0735a7f592","isActive":true,"balance":"$66,223.79","picture":"http://placehold.it/32x32","age":49,"eyeColor":"brown","name":"Brown Burton","gender":"male","company":"SECURIA","email":"brownburton@securia.com","phone":"+1 (978) 540-3088","address":"393 Etna Street, Berlin, New Jersey, 8768","about":"Qui nostrud fugiat nulla ullamco dolor et proident nulla eu tempor culpa pariatur. Cupidatat do id cupidatat tempor excepteur exercitation anim aute pariatur cillum adipisicing. Mollit aliqua tempor velit dolor mollit officia cillum ipsum mollit ipsum. Amet veniam veniam nisi anim enim incididunt aliqua id. Ullamco aute minim aliquip adipisicing quis aliqua velit eiusmod.\r\n","registered":"2014-07-21T01:15:47 -07:00","tags":["laboris","mollit","cillum","officia","est","mollit","tempor"],"friends":[{"id":0,"name":"Enid Solis"},{"id":1,"name":"Imogene Whitney"},{"id":2,"name":"Carter Forbes"}],"greeting":"Hello, Brown Burton! You have 3 unread messages.","favoriteFruit":"pear","location":{"latitude":-26.972162,"longitude":-116.574595},"docFormat":"json"}