{"_id":"55ee5e4413cb746201b3e4b6","index":118,"guid":"de1e9cd3-3361-4dad-817e-d2d7fc084a4b","isActive":true,"balance":"$40,456.53","picture":"http://placehold.it/32x32","age":65,"eyeColor":"blue","name":"Hallie Watson","gender":"female","company":"ZBOO","email":"halliewatson@zboo.com","phone":"+1 (841) 465-2953","address":"198 Auburn Place, Drytown, Maine, 9878","about":"Proident amet ullamco laboris laborum labore non exercitation nisi reprehenderit qui est. Quis veniam excepteur exercitation duis esse sint tempor nostrud anim est Lorem irure fugiat. Sint magna deserunt officia reprehenderit anim consectetur laboris ipsum dolore.\r\n","registered":"2015-01-07T03:23:27 -07:00","tags":["commodo","ipsum","pariatur","amet","id","pariatur","tempor"],"friends":[{"id":0,"name":"Simone Rodgers"},{"id":1,"name":"Miles Pugh"},{"id":2,"name":"Dillon Cole"}],"greeting":"Hello, Hallie Watson! You have 9 unread messages.","favoriteFruit":"apple","location":{"latitude":-47.223037,"longitude":115.990086}}