{"_id":"55ee5e44be768e62a3a441c3","index":1145,"guid":"e541dc97-f24c-4e23-9798-1bed03e8c43a","isActive":false,"balance":"$71,499.87","picture":"http://placehold.it/32x32","age":40,"eyeColor":"blue","name":"Estela Vaughan","gender":"female","company":"AVIT","email":"estelavaughan@avit.com","phone":"+1 (952) 419-3762","address":"319 Scholes Street, Garfield, New Jersey, 3011","about":"Lorem commodo reprehenderit fugiat excepteur tempor. Ex est incididunt in aliqua velit duis. Aliquip sint mollit velit sint eu aliqua reprehenderit ea dolor laborum excepteur exercitation officia. Enim commodo adipisicing minim qui velit eiusmod laborum laborum.\r\n","registered":"2014-03-17T01:32:19 -07:00","tags":["veniam","aliqua","fugiat","irure","duis","labore","magna"],"friends":[{"id":0,"name":"Molly Norton"},{"id":1,"name":"Jacklyn Noel"},{"id":2,"name":"Annmarie Chen"}],"greeting":"Hello, Estela Vaughan! You have 5 unread messages.","favoriteFruit":"apple","location":{"latitude":-59.816441,"longitude":-78.149669},"docFormat":"json"}