{"_id":"55ee5e44f2b1e8fa9f0c70d1","index":1035,"guid":"6a546c34-7b7f-4ec1-b65e-576f22654b5f","isActive":false,"balance":"$95,266.80","picture":"http://placehold.it/32x32","age":62,"eyeColor":"green","name":"Christina Douglas","gender":"female","company":"ENTALITY","email":"christinadouglas@entality.com","phone":"+1 (915) 505-2149","address":"267 Orient Avenue, Ruckersville, South Carolina, 8388","about":"Cupidatat esse ut aliquip sint. Irure mollit adipisicing proident dolor aliquip est pariatur voluptate nostrud cupidatat eiusmod non ipsum officia. Velit Lorem laboris quis consequat fugiat ex duis aute reprehenderit ad sunt pariatur laboris. Proident anim ipsum laboris do.\r\n","registered":"2014-10-29T12:06:19 -07:00","tags":["magna","adipisicing","ea","dolore","quis","sunt","cupidatat"],"friends":[{"id":0,"name":"Rowena Robbins"},{"id":1,"name":"Alford Park"},{"id":2,"name":"Alfreda Olsen"}],"greeting":"Hello, Christina Douglas! You have 7 unread messages.","favoriteFruit":"apple","location":{"latitude":29.584087,"longitude":-32.813071}}