{"_id":"55ee5e44731223026b6c9943","index":1317,"guid":"5bfccea3-9bf0-469e-819c-03ca9788b805","isActive":false,"balance":"$59,120.37","picture":"http://placehold.it/32x32","age":65,"eyeColor":"green","name":"Alana Bryant","gender":"female","company":"COMTOUR","email":"alanabryant@comtour.com","phone":"+1 (823) 469-2076","address":"110 Bokee Court, Lund, Minnesota, 3326","about":"Magna minim quis labore laborum ex irure mollit laboris ut. Adipisicing do voluptate officia ea voluptate. Ut qui eu excepteur Lorem dolore aliquip eiusmod laboris nisi esse ullamco elit. Ut qui commodo ut proident aute proident culpa veniam culpa. Nostrud ut dolor laboris proident ipsum nostrud culpa do consequat irure velit. Qui labore occaecat irure ex deserunt ad deserunt. Nostrud duis irure consectetur anim nulla elit nostrud do.\r\n","registered":"2015-08-14T02:53:14 -07:00","tags":["in","eu","sit","officia","non","nostrud","excepteur"],"friends":[{"id":0,"name":"Jewell Clements"},{"id":1,"name":"Kent Rodriguez"},{"id":2,"name":"Tonia Madden"}],"greeting":"Hello, Alana Bryant! You have 9 unread messages.","favoriteFruit":"banana","location":{"latitude":4.645521,"longitude":-5.442433}}