{
  "_id": "55ee5e44d6157ee191a4e76d",
  "index": 1442,
  "guid": "4abbefa9-b004-41a4-a3cd-733785b45657",
  "isActive": true,
  "balance": "$16,165.01",
  "picture": "http://placehold.it/32x32",
  "age": 58,
  "eyeColor": "brown",
  "name": "Eliza Mcclain",
  "gender": "female",
  "company": "COFINE",
  "email": "elizamcclain@cofine.com",
  "phone": "+1 (898) 441-3838",
  "address": "901 Brigham Street, Maxville, Tennessee, 8689",
  "about": "Proident et anim voluptate voluptate tempor nisi eiusmod proident anim sint dolor anim. Adipisicing laboris in est aliquip cupidatat aliquip. Ad et labore nostrud reprehenderit irure pariatur qui ipsum Lorem. Est incididunt culpa laborum id reprehenderit nostrud veniam nulla consequat pariatur in. Exercitation magna consectetur irure eiusmod quis adipisicing aute irure nostrud minim in.\r\n",
  "registered": "2014-07-07T11:52:47-07:00",
  "tags": [
    "sint",
    "deserunt",
    "Lorem",
    "laborum",
    "occaecat",
    "Lorem",
    "ut"
  ],
  "friends": [
    {
      "id": 0,
      "name": "Jenny Benjamin"
    },
    {
      "id": 1,
      "name": "Morton Casey"
    },
    {
      "id": 2,
      "name": "Holt Gentry"
    }
  ],
  "greeting": "Hello, Eliza Mcclain! You have 10 unread messages.",
  "favoriteFruit": "apple",
  "location": {
    "latitude": -15.880763,
    "longitude": -148.174749
  },
  "docFormat": "json",
  "triples": [
    {
      "triple": {
        "subject": "/sample-data/data-1442.json",
        "predicate": "http://www.w3.org/2000/01/rdf-schema#label",
        "object": "Eliza Mcclain"
      }
    },
    {
      "triple": {
        "subject": "/sample-data/data-1442.json",
        "predicate": "http://www.w3.org/1999/02/22-rdf-syntax-ns#type",
        "object": "http://xmlns.com/foaf/0.1/Person"
      }
    },
    {
      "triple": {
        "subject": "/sample-data/data-1442.json",
        "predicate": "http://xmlns.com/foaf/0.1/knows",
        "object": "/sample-data/data-1776.json"
      }
    },
    {
      "triple": {
        "subject": "/sample-data/data-1442.json",
        "predicate": "http://xmlns.com/foaf/0.1/knows",
        "object": "/sample-data/data-653.json"
      }
    },
    {
      "triple": {
        "subject": "/sample-data/data-1442.json",
        "predicate": "http://xmlns.com/foaf/0.1/knows",
        "object": "/sample-data/data-2064.json"
      }
    }
  ]
}