{
  "_id": "55ee5e44e0de02c6f508c468",
  "index": 1307,
  "guid": "285fe0aa-648b-4398-bb40-061f77becb46",
  "isActive": false,
  "balance": "$93,392.84",
  "picture": "http://placehold.it/32x32",
  "age": 56,
  "eyeColor": "blue",
  "name": "Daisy Cline",
  "gender": "female",
  "company": "PAPRICUT",
  "email": "daisycline@papricut.com",
  "phone": "+1 (896) 568-2190",
  "address": "125 Locust Avenue, Conestoga, Indiana, 3466",
  "about": "Ex quis ex enim veniam magna mollit ullamco esse. Non veniam culpa ea in. Non nisi ipsum excepteur incididunt nisi ea cillum esse sint officia ut irure deserunt minim. Laboris duis elit cupidatat occaecat nisi qui ex. Eu Lorem nostrud est aliqua enim sint quis consequat do ipsum commodo Lorem id.\r\n",
  "registered": "2014-08-24T05:00:09-07:00",
  "tags": [
    "incididunt",
    "esse",
    "duis",
    "in",
    "exercitation",
    "exercitation",
    "ipsum"
  ],
  "friends": [
    {
      "id": 0,
      "name": "Nieves Lawson"
    },
    {
      "id": 1,
      "name": "Haynes Monroe"
    },
    {
      "id": 2,
      "name": "Kay Bailey"
    }
  ],
  "greeting": "Hello, Daisy Cline! You have 4 unread messages.",
  "favoriteFruit": "orange",
  "location": {
    "latitude": 89.580396,
    "longitude": -175.461652
  },
  "docFormat": "json",
  "triples": [
    {
      "triple": {
        "subject": "/sample-data/data-1307.json",
        "predicate": "http://www.w3.org/2000/01/rdf-schema#label",
        "object": "Daisy Cline"
      }
    },
    {
      "triple": {
        "subject": "/sample-data/data-1307.json",
        "predicate": "http://www.w3.org/1999/02/22-rdf-syntax-ns#type",
        "object": "http://xmlns.com/foaf/0.1/Person"
      }
    },
    {
      "triple": {
        "subject": "/sample-data/data-1307.json",
        "predicate": "http://xmlns.com/foaf/0.1/knows",
        "object": "/sample-data/data-517.json"
      }
    },
    {
      "triple": {
        "subject": "/sample-data/data-1307.json",
        "predicate": "http://xmlns.com/foaf/0.1/knows",
        "object": "/sample-data/data-756.json"
      }
    },
    {
      "triple": {
        "subject": "/sample-data/data-1307.json",
        "predicate": "http://xmlns.com/foaf/0.1/knows",
        "object": "/sample-data/data-799.json"
      }
    }
  ]
}