{"_id":"55ee5e44917e17f3f1db0c5b","index":1072,"guid":"d021fb5c-5a96-4914-b7d2-160283aeb90a","isActive":true,"balance":"$89,162.32","picture":"http://placehold.it/32x32","age":30,"eyeColor":"brown","name":"Josephine Roy","gender":"female","company":"PAWNAGRA","email":"josephineroy@pawnagra.com","phone":"+1 (853) 579-2538","address":"542 Celeste Court, Lavalette, Colorado, 1445","about":"Lorem irure deserunt et exercitation irure elit cupidatat voluptate velit. Et ut eu tempor elit ea ut nisi voluptate minim ex eu aliquip proident pariatur. Ut aliquip duis do nisi duis ea consequat amet occaecat nostrud eiusmod do ea.\r\n","registered":"2014-08-09T02:53:35 -07:00","tags":["eiusmod","aute","aliqua","cupidatat","tempor","proident","ea"],"friends":[{"id":0,"name":"Selena Sanford"},{"id":1,"name":"Potter Wooten"},{"id":2,"name":"Lou Hudson"}],"greeting":"Hello, Josephine Roy! You have 1 unread messages.","favoriteFruit":"banana","location":{"latitude":4.210055,"longitude":27.38285},"docFormat":"json"}