{"_id":"55ee5e4442150ab465ec9007","index":100,"guid":"a892be1c-3e57-4ac8-a719-b357e991a73f","isActive":true,"balance":"$81,375.63","picture":"http://placehold.it/32x32","age":33,"eyeColor":"blue","name":"Dawn Ochoa","gender":"female","company":"PROTODYNE","email":"dawnochoa@protodyne.com","phone":"+1 (927) 411-3487","address":"180 Hanson Place, Mayfair, Massachusetts, 1178","about":"Culpa exercitation amet sint officia exercitation deserunt officia dolor Lorem reprehenderit quis fugiat. Fugiat consequat pariatur Lorem irure exercitation. Sint in esse id cupidatat incididunt consectetur commodo elit sit adipisicing culpa nostrud sit ipsum. Pariatur cupidatat ad consectetur in tempor ex laboris non. Enim adipisicing non mollit non enim ad incididunt sint et in ipsum ut ea adipisicing. Non deserunt anim voluptate ullamco pariatur dolor voluptate. Eiusmod cillum amet nisi eiusmod minim.\r\n","registered":"2014-02-05T07:11:39 -07:00","tags":["non","aute","cillum","proident","nisi","enim","eu"],"friends":[{"id":0,"name":"Blankenship Cunningham"},{"id":1,"name":"Walsh Gillespie"},{"id":2,"name":"Gwen Fowler"}],"greeting":"Hello, Dawn Ochoa! You have 4 unread messages.","favoriteFruit":"orange","location":{"latitude":-78.152165,"longitude":32.741549}}