{"_id":"55ee5e44a3e9581464b7ab84","index":1126,"guid":"02e5f39d-9ef9-408d-85bf-f17bab5363e3","isActive":true,"balance":"$20,843.75","picture":"http://placehold.it/32x32","age":25,"eyeColor":"green","name":"Woodard Nolan","gender":"male","company":"COMTEST","email":"woodardnolan@comtest.com","phone":"+1 (874) 517-3871","address":"950 Anthony Street, Trucksville, Virginia, 8889","about":"Sit ea Lorem enim anim ea aliquip est irure ipsum consectetur pariatur. Eu sunt dolor aute adipisicing ipsum cillum quis cupidatat occaecat dolore duis quis. Consequat consequat culpa voluptate in Lorem et excepteur. Cillum id laboris ut anim.\r\n","registered":"2015-07-28T03:01:31 -07:00","tags":["ad","incididunt","tempor","eiusmod","excepteur","qui","officia"],"friends":[{"id":0,"name":"Simone Raymond"},{"id":1,"name":"Terrell Hancock"},{"id":2,"name":"Louella Blanchard"}],"greeting":"Hello, Woodard Nolan! You have 9 unread messages.","favoriteFruit":"apple","location":{"latitude":-20.795439,"longitude":-151.808916},"docFormat":"json","triples":[{"triple":{"subject":"/sample-data/data-1126.json","predicate":"http://www.w3.org/2000/01/rdf-schema#label","object":"Woodard Nolan"}},{"triple":{"subject":"/sample-data/data-1126.json","predicate":"http://www.w3.org/1999/02/22-rdf-syntax-ns#type","object":"http://xmlns.com/foaf/0.1/Person"}},{"triple":{"subject":"/sample-data/data-1126.json","predicate":"http://xmlns.com/foaf/0.1/knows","object":"/sample-data/data-1239.json"}},{"triple":{"subject":"/sample-data/data-1126.json","predicate":"http://xmlns.com/foaf/0.1/knows","object":"/sample-data/data-518.json"}},{"triple":{"subject":"/sample-data/data-1126.json","predicate":"http://xmlns.com/foaf/0.1/knows","object":"/sample-data/data-1145.json"}}]}