{"_id":"55ee5e44b6590e1c5d1b9393","index":0,"guid":"db34ca9f-5989-4f87-913f-5c7f950593c3","isActive":true,"balance":"$75,073.25","picture":"http://placehold.it/32x32","age":35,"eyeColor":"green","name":"Vang Schultz","gender":"male","company":"ECLIPSENT","email":"vangschultz@eclipsent.com","phone":"+1 (816) 459-2744","address":"829 Harwood Place, Southmont, Arizona, 8147","about":"Magna ipsum duis adipisicing et exercitation duis et nostrud do. Commodo excepteur anim officia est. Laboris deserunt est voluptate qui dolor Lorem nisi enim nulla laboris esse irure enim. Aliquip qui veniam minim elit consequat consectetur nulla. Mollit id non consectetur nostrud mollit. Et ea velit adipisicing ex labore officia reprehenderit quis duis nulla consectetur ullamco. Eiusmod ipsum nulla est sit minim mollit ea nulla quis consectetur labore excepteur.\r\n","registered":"2015-07-30T08:34:57 -07:00","tags":["dolor","do","pariatur","do","ullamco","ad","ea"],"friends":[{"id":0,"name":"Buck Rutledge"},{"id":1,"name":"Lilian Mccall"},{"id":2,"name":"Garcia Jacobs"}],"greeting":"Hello, Vang Schultz! You have 6 unread messages.","favoriteFruit":"pear","location":{"latitude":32.796459,"longitude":-128.859252}}