{"_id":"55ee5e44caa1715e17d512c1","index":1316,"guid":"81ac772f-b1e5-4b2f-a535-efc2956217fa","isActive":false,"balance":"$29,787.78","picture":"http://placehold.it/32x32","age":55,"eyeColor":"brown","name":"Juliette Bennett","gender":"female","company":"STUCCO","email":"juliettebennett@stucco.com","phone":"+1 (872) 578-3420","address":"856 Furman Street, Williston, American Samoa, 7599","about":"Deserunt excepteur velit laboris occaecat minim aute quis ad. Nisi sit sit veniam duis enim nulla eu commodo. Quis aliquip enim enim culpa nisi minim laborum ex. Id quis reprehenderit magna dolor anim fugiat ullamco tempor velit. Duis eiusmod esse velit aliqua occaecat qui sunt velit nostrud aliquip enim quis Lorem incididunt.\r\n","registered":"2014-09-01T10:50:37 -07:00","tags":["nulla","veniam","cupidatat","aliqua","fugiat","non","id"],"friends":[{"id":0,"name":"Mcpherson Benson"},{"id":1,"name":"Meagan Davenport"},{"id":2,"name":"Lilia Suarez"}],"greeting":"Hello, Juliette Bennett! You have 1 unread messages.","favoriteFruit":"orange","location":{"latitude":9.804376,"longitude":179.255006}}