{"_id":"55ee5e44787d634da0e49dea","index":1418,"guid":"2a48e166-1f3f-4099-83e5-68837efae7ee","isActive":true,"balance":"$48,634.76","picture":"http://placehold.it/32x32","age":43,"eyeColor":"brown","name":"Maureen Ramirez","gender":"female","company":"JUNIPOOR","email":"maureenramirez@junipoor.com","phone":"+1 (958) 528-2364","address":"244 Stuart Street, Manila, Delaware, 4243","about":"Id pariatur duis sunt est aliquip fugiat. Veniam aute cupidatat aute sint veniam consectetur consequat veniam magna. Ullamco amet dolore labore amet consectetur aliquip nostrud ut non ipsum deserunt proident et sunt. Velit consequat veniam cupidatat ipsum consectetur nisi sunt velit laborum occaecat.\r\n","registered":"2014-12-01T01:40:29 -07:00","tags":["duis","qui","est","ex","ad","veniam","exercitation"],"friends":[{"id":0,"name":"Baker Peters"},{"id":1,"name":"Cochran Foster"},{"id":2,"name":"Jimmie Rowe"}],"greeting":"Hello, Maureen Ramirez! You have 1 unread messages.","favoriteFruit":"apple","location":{"latitude":23.834573,"longitude":-60.991782}}