{"_id":"55ee5e444d87a27a02ff6772","index":102,"guid":"a909366b-b8a7-45d8-8d99-e83886da9f77","isActive":true,"balance":"$32,299.28","picture":"http://placehold.it/32x32","age":33,"eyeColor":"blue","name":"Contreras Moses","gender":"male","company":"SULTRAX","email":"contrerasmoses@sultrax.com","phone":"+1 (911) 584-3571","address":"410 Baycliff Terrace, Allamuchy, Mississippi, 213","about":"Nulla veniam deserunt laborum et reprehenderit eu fugiat do. Dolore velit ad et reprehenderit. Incididunt id sunt esse consectetur aliqua tempor ullamco sint amet dolore excepteur nisi eiusmod elit. Pariatur non voluptate commodo non reprehenderit sunt dolore deserunt sit veniam proident dolor et. Laborum ipsum non veniam cupidatat est fugiat quis eiusmod id do eiusmod fugiat aute qui.\r\n","registered":"2014-02-03T06:24:35 -07:00","tags":["minim","veniam","dolore","excepteur","Lorem","duis","amet"],"friends":[{"id":0,"name":"Miranda Dominguez"},{"id":1,"name":"Susanna Collins"},{"id":2,"name":"Solomon Gamble"}],"greeting":"Hello, Contreras Moses! You have 4 unread messages.","favoriteFruit":"apple","location":{"latitude":33.176186,"longitude":-129.371333}}