{"_id":"55ee5e44c2ce19d73e7f9660","index":1335,"guid":"7e4d0a88-4608-481f-8894-c7ed03695a5b","isActive":true,"balance":"$1,346.09","picture":"http://placehold.it/32x32","age":33,"eyeColor":"brown","name":"Tamara Wiley","gender":"female","company":"RECRITUBE","email":"tamarawiley@recritube.com","phone":"+1 (847) 508-2164","address":"863 Cypress Court, Cawood, Missouri, 2293","about":"Veniam sunt veniam ex deserunt deserunt sint nulla. Qui ut veniam tempor nulla duis quis tempor aliqua sint eiusmod mollit sint. Nostrud reprehenderit est magna deserunt minim sint cillum nostrud sunt ea. Esse magna quis aute officia adipisicing excepteur mollit anim amet proident in ex. Ipsum ipsum reprehenderit eu esse magna velit nulla nisi. Commodo esse amet officia est nostrud Lorem ad aliquip occaecat amet voluptate eu nulla sunt.\r\n","registered":"2014-03-26T04:14:00 -07:00","tags":["aliqua","aliquip","cillum","consequat","nisi","fugiat","irure"],"friends":[{"id":0,"name":"Rosanne William"},{"id":1,"name":"Bates Pennington"},{"id":2,"name":"Amy Hanson"}],"greeting":"Hello, Tamara Wiley! You have 7 unread messages.","favoriteFruit":"strawberry","location":{"latitude":34.411605,"longitude":68.645213},"docFormat":"json"}