{"_id":"55ee5e444101d4b81eb9c696","index":1305,"guid":"94148df8-3cd0-442f-9634-d5bb9b7f2d30","isActive":true,"balance":"$95,017.91","picture":"http://placehold.it/32x32","age":52,"eyeColor":"green","name":"Queen Travis","gender":"female","company":"ENERVATE","email":"queentravis@enervate.com","phone":"+1 (884) 510-3080","address":"578 Miller Avenue, Cleary, Montana, 6163","about":"Magna ad aute laborum sunt et labore ipsum ut id enim voluptate. Esse ex quis tempor cillum. Cillum eiusmod quis occaecat non consequat. Ad Lorem amet dolore esse cupidatat voluptate.\r\n","registered":"2014-08-22T04:14:47 -07:00","tags":["quis","irure","sit","officia","in","pariatur","reprehenderit"],"friends":[{"id":0,"name":"Dorothy Mays"},{"id":1,"name":"Janna Vance"},{"id":2,"name":"Merritt Myers"}],"greeting":"Hello, Queen Travis! You have 9 unread messages.","favoriteFruit":"pear","location":{"latitude":37.407724,"longitude":147.170389}}