{
  "_id": "55ee5e44a413b8513aa32224",
  "index": 1179,
  "guid": "03060c8a-bfa0-4e84-a1f8-a3185b97ffa0",
  "isActive": true,
  "balance": "$36,942.27",
  "picture": "http://placehold.it/32x32",
  "age": 23,
  "eyeColor": "brown",
  "name": "Barbara Bauer",
  "gender": "female",
  "company": "ZEAM",
  "email": "barbarabauer@zeam.com",
  "phone": "+1 (874) 533-2868",
  "address": "780 Duffield Street, Elrama, Marshall Islands, 1504",
  "about": "Est voluptate aliquip laborum nisi aliquip sunt excepteur occaecat. Exercitation laboris ex mollit aliquip reprehenderit anim. Elit tempor nostrud duis velit consectetur duis excepteur labore.\r\n",
  "registered": "2014-07-31T08:17:53-07:00",
  "tags": [
    "esse",
    "nisi",
    "culpa",
    "dolor",
    "minim",
    "ex",
    "et"
  ],
  "friends": [
    {
      "id": 0,
      "name": "Wilcox Curtis"
    },
    {
      "id": 1,
      "name": "Mia Short"
    },
    {
      "id": 2,
      "name": "Small Hodges"
    }
  ],
  "greeting": "Hello, Barbara Bauer! You have 8 unread messages.",
  "favoriteFruit": "orange",
  "location": {
    "latitude": -23.76798,
    "longitude": -93.276684
  },
  "docFormat": "json",
  "triples": [
    {
      "triple": {
        "subject": "/sample-data/data-1179.json",
        "predicate": "http://www.w3.org/2000/01/rdf-schema#label",
        "object": "Barbara Bauer"
      }
    },
    {
      "triple": {
        "subject": "/sample-data/data-1179.json",
        "predicate": "http://www.w3.org/1999/02/22-rdf-syntax-ns#type",
        "object": "http://xmlns.com/foaf/0.1/Person"
      }
    },
    {
      "triple": {
        "subject": "/sample-data/data-1179.json",
        "predicate": "http://xmlns.com/foaf/0.1/knows",
        "object": "/sample-data/data-255.json"
      }
    },
    {
      "triple": {
        "subject": "/sample-data/data-1179.json",
        "predicate": "http://xmlns.com/foaf/0.1/knows",
        "object": "/sample-data/data-1439.json"
      }
    },
    {
      "triple": {
        "subject": "/sample-data/data-1179.json",
        "predicate": "http://xmlns.com/foaf/0.1/knows",
        "object": "/sample-data/data-108.json"
      }
    }
  ]
}