{
  "_id": "55ee5e44652990aa264f7279",
  "index": 1308,
  "guid": "e338e9fe-a850-47f9-aa9f-7734e82dd579",
  "isActive": false,
  "balance": "$74,827.47",
  "picture": "http://placehold.it/32x32",
  "age": 45,
  "eyeColor": "brown",
  "name": "Tania Ward",
  "gender": "female",
  "company": "BIOLIVE",
  "email": "taniaward@biolive.com",
  "phone": "+1 (895) 420-3787",
  "address": "790 Coyle Street, Advance, District Of Columbia, 4056",
  "about": "Pariatur excepteur et in aute do veniam excepteur sit duis irure laboris consequat. Mollit sint qui pariatur sint duis aliquip Lorem in mollit sint do consectetur occaecat. Ex officia anim irure exercitation ullamco reprehenderit in ullamco. Minim sunt ipsum adipisicing duis do qui nisi ad anim.\r\n",
  "registered": "2015-07-29T12:28:53-07:00",
  "tags": [
    "pariatur",
    "eiusmod",
    "exercitation",
    "ad",
    "proident",
    "mollit",
    "esse"
  ],
  "friends": [
    {
      "id": 0,
      "name": "Kristy Bond"
    },
    {
      "id": 1,
      "name": "Abby Stevens"
    },
    {
      "id": 2,
      "name": "Oneill Barnes"
    }
  ],
  "greeting": "Hello, Tania Ward! You have 7 unread messages.",
  "favoriteFruit": "apple",
  "location": {
    "latitude": 78.643977,
    "longitude": 54.741974
  },
  "docFormat": "json",
  "triples": [
    {
      "triple": {
        "subject": "/sample-data/data-1308.json",
        "predicate": "http://www.w3.org/2000/01/rdf-schema#label",
        "object": "Tania Ward"
      }
    },
    {
      "triple": {
        "subject": "/sample-data/data-1308.json",
        "predicate": "http://www.w3.org/1999/02/22-rdf-syntax-ns#type",
        "object": "http://xmlns.com/foaf/0.1/Person"
      }
    },
    {
      "triple": {
        "subject": "/sample-data/data-1308.json",
        "predicate": "http://xmlns.com/foaf/0.1/knows",
        "object": "/sample-data/data-1539.json"
      }
    },
    {
      "triple": {
        "subject": "/sample-data/data-1308.json",
        "predicate": "http://xmlns.com/foaf/0.1/knows",
        "object": "/sample-data/data-2030.json"
      }
    },
    {
      "triple": {
        "subject": "/sample-data/data-1308.json",
        "predicate": "http://xmlns.com/foaf/0.1/knows",
        "object": "/sample-data/data-2874.json"
      }
    }
  ]
}