{"_id":"55ee5e442cd52b446f943c8b","index":1447,"guid":"360227f4-72bd-4fb2-9234-9ffce08cace2","isActive":true,"balance":"$28,851.22","picture":"http://placehold.it/32x32","age":30,"eyeColor":"green","name":"Carrie Owens","gender":"female","company":"KATAKANA","email":"carrieowens@katakana.com","phone":"+1 (925) 439-2275","address":"121 Terrace Place, Walland, Texas, 8922","about":"Culpa do duis laborum cupidatat id amet ad labore. Proident sint nostrud officia elit cupidatat qui ut magna irure ipsum minim cupidatat labore nostrud. Lorem officia nulla veniam magna aute culpa irure officia nulla duis. Commodo et dolore consequat occaecat voluptate laborum sit voluptate tempor mollit eiusmod in reprehenderit cillum. Ipsum elit consectetur ea velit excepteur consequat excepteur irure exercitation non. Officia velit adipisicing esse aliqua mollit occaecat nulla aliquip.\r\n","registered":"2014-07-29T10:30:59 -07:00","tags":["anim","esse","sint","sint","sunt","nostrud","irure"],"friends":[{"id":0,"name":"Cummings Patel"},{"id":1,"name":"Cantrell Hooper"},{"id":2,"name":"Herminia Berger"}],"greeting":"Hello, Carrie Owens! You have 4 unread messages.","favoriteFruit":"pear","location":{"latitude":82.653799,"longitude":-122.89475},"docFormat":"json","triples":[{"triple":{"subject":"/sample-data/data-1447.json","predicate":"http://www.w3.org/2000/01/rdf-schema#label","object":"Carrie Owens"}},{"triple":{"subject":"/sample-data/data-1447.json","predicate":"http://www.w3.org/1999/02/22-rdf-syntax-ns#type","object":"http://xmlns.com/foaf/0.1/Person"}},{"triple":{"subject":"/sample-data/data-1447.json","predicate":"http://xmlns.com/foaf/0.1/knows","object":"/sample-data/data-2385.json"}},{"triple":{"subject":"/sample-data/data-1447.json","predicate":"http://xmlns.com/foaf/0.1/knows","object":"/sample-data/data-1496.json"}},{"triple":{"subject":"/sample-data/data-1447.json","predicate":"http://xmlns.com/foaf/0.1/knows","object":"/sample-data/data-648.json"}}]}