{"_id":"55ee5e44640f788368062f74","index":1108,"guid":"49ba6c72-0a1a-489b-8b6f-6867a78277f1","isActive":true,"balance":"$23,502.57","picture":"http://placehold.it/32x32","age":37,"eyeColor":"brown","name":"Odom Cortez","gender":"male","company":"ROOFORIA","email":"odomcortez@rooforia.com","phone":"+1 (943) 405-3554","address":"469 Clinton Avenue, Bloomington, Alabama, 5105","about":"Occaecat duis occaecat magna eiusmod dolor veniam proident eiusmod. Non tempor excepteur labore occaecat id ipsum est adipisicing sunt fugiat voluptate aute. Ullamco pariatur sint occaecat id ullamco irure consequat consequat deserunt duis quis officia cupidatat. Ex id cupidatat anim occaecat proident reprehenderit do pariatur sint id reprehenderit in irure fugiat. Amet magna anim cillum minim enim exercitation voluptate velit ut irure laboris.\r\n","registered":"2015-01-12T11:41:36 -07:00","tags":["consectetur","do","veniam","tempor","eiusmod","cillum","et"],"friends":[{"id":0,"name":"Rosanna Briggs"},{"id":1,"name":"Johnson Roach"},{"id":2,"name":"Barlow Woodward"}],"greeting":"Hello, Odom Cortez! You have 4 unread messages.","favoriteFruit":"orange","location":{"latitude":-38.636116,"longitude":-139.682369}}