{"_id":"55ee5e444255076fe7c772b4","index":121,"guid":"62a94acb-de51-4dc2-8c57-d9554d87c307","isActive":false,"balance":"$9,026.43","picture":"http://placehold.it/32x32","age":60,"eyeColor":"green","name":"Francesca Munoz","gender":"female","company":"ZIPAK","email":"francescamunoz@zipak.com","phone":"+1 (846) 485-2373","address":"987 Monroe Place, Barclay, Ohio, 5734","about":"Qui nulla enim culpa consequat aute aute mollit ea do id ad Lorem velit. Incididunt dolor ad elit deserunt irure eu voluptate do aliquip esse velit consectetur. Fugiat reprehenderit dolore nisi do. Do ut in anim velit quis. Laborum nulla minim nisi cillum esse dolor sit quis excepteur amet eiusmod velit duis. Fugiat magna laborum ipsum ullamco dolor anim esse. Nostrud consequat excepteur ut aliquip enim dolor elit.\r\n","registered":"2014-10-30T09:24:28 -07:00","tags":["deserunt","consequat","ut","ad","nisi","exercitation","dolor"],"friends":[{"id":0,"name":"Rasmussen Farley"},{"id":1,"name":"Marissa Marks"},{"id":2,"name":"Diann Salinas"}],"greeting":"Hello, Francesca Munoz! You have 5 unread messages.","favoriteFruit":"orange","location":{"latitude":8.888084,"longitude":-32.240585}}