{
  "_id": "55ee5e44e877f308d99e5344",
  "index": 1361,
  "guid": "50174dd7-323c-484d-bc8d-e281a138d070",
  "isActive": false,
  "balance": "$15,175.98",
  "picture": "http://placehold.it/32x32",
  "age": 58,
  "eyeColor": "brown",
  "name": "Alice Leblanc",
  "gender": "female",
  "company": "HAWKSTER",
  "email": "aliceleblanc@hawkster.com",
  "phone": "+1 (965) 584-3490",
  "address": "743 Poplar Avenue, Herlong, Hawaii, 5196",
  "about": "Dolore ullamco occaecat et ex incididunt proident. Eu pariatur non nostrud consectetur exercitation et laborum aute dolore consequat. Consequat cillum magna sint culpa dolore tempor excepteur. Nostrud laborum cupidatat pariatur aute nostrud Lorem minim ut cupidatat deserunt voluptate laborum ex laborum. Culpa sit id sint dolor ex qui aliqua esse irure.\r\n",
  "registered": "2015-03-01T04:00:11-07:00",
  "tags": [
    "exercitation",
    "labore",
    "dolore",
    "irure",
    "incididunt",
    "nostrud",
    "amet"
  ],
  "friends": [
    {
      "id": 0,
      "name": "Booth Simon"
    },
    {
      "id": 1,
      "name": "Clark Alexander"
    },
    {
      "id": 2,
      "name": "Riddle Livingston"
    }
  ],
  "greeting": "Hello, Alice Leblanc! You have 7 unread messages.",
  "favoriteFruit": "orange",
  "location": {
    "latitude": -82.408623,
    "longitude": -59.387776
  },
  "docFormat": "json",
  "triples": [
    {
      "triple": {
        "subject": "/sample-data/data-1361.json",
        "predicate": "http://www.w3.org/2000/01/rdf-schema#label",
        "object": "Alice Leblanc"
      }
    },
    {
      "triple": {
        "subject": "/sample-data/data-1361.json",
        "predicate": "http://www.w3.org/1999/02/22-rdf-syntax-ns#type",
        "object": "http://xmlns.com/foaf/0.1/Person"
      }
    },
    {
      "triple": {
        "subject": "/sample-data/data-1361.json",
        "predicate": "http://xmlns.com/foaf/0.1/knows",
        "object": "/sample-data/data-382.json"
      }
    },
    {
      "triple": {
        "subject": "/sample-data/data-1361.json",
        "predicate": "http://xmlns.com/foaf/0.1/knows",
        "object": "/sample-data/data-1795.json"
      }
    },
    {
      "triple": {
        "subject": "/sample-data/data-1361.json",
        "predicate": "http://xmlns.com/foaf/0.1/knows",
        "object": "/sample-data/data-2268.json"
      }
    }
  ]
}