{"_id":"55ee5e44aad15fcbbaf56730","index":1163,"guid":"0e44be9c-9c81-402a-bb17-8ca3933a0946","isActive":true,"balance":"$75,375.97","picture":"http://placehold.it/32x32","age":47,"eyeColor":"brown","name":"Greta Shelton","gender":"female","company":"JOVIOLD","email":"gretashelton@joviold.com","phone":"+1 (884) 415-2555","address":"128 Fountain Avenue, Derwood, Northern Mariana Islands, 1729","about":"Dolor amet elit voluptate aliqua deserunt mollit. In velit magna ipsum consectetur. Lorem exercitation amet magna culpa qui voluptate. Exercitation commodo amet in esse aliquip sunt dolor. Aute sit excepteur nisi cupidatat adipisicing minim mollit nostrud aliqua.\r\n","registered":"2015-04-29T11:10:11 -07:00","tags":["eu","officia","ad","laboris","qui","ullamco","dolor"],"friends":[{"id":0,"name":"Martinez Welch"},{"id":1,"name":"Trina Dillon"},{"id":2,"name":"Chaney Lyons"}],"greeting":"Hello, Greta Shelton! You have 1 unread messages.","favoriteFruit":"apple","location":{"latitude":11.257911,"longitude":50.961788},"docFormat":"json"}