{"_id":"55ee5e4429aaa057fd46dfe3","index":1215,"guid":"b8f3029f-b3cc-459b-a0fb-a6aa9d5373b0","isActive":true,"balance":"$9,813.10","picture":"http://placehold.it/32x32","age":29,"eyeColor":"blue","name":"Saunders Austin","gender":"male","company":"INSURETY","email":"saundersaustin@insurety.com","phone":"+1 (971) 598-2022","address":"400 Centre Street, Collins, Texas, 217","about":"Reprehenderit Lorem minim cillum excepteur sit duis nulla Lorem minim aliquip. Fugiat minim excepteur consectetur dolor fugiat esse officia. Exercitation voluptate consectetur velit commodo adipisicing amet laborum labore. Veniam anim tempor id adipisicing nulla tempor elit commodo. Est labore qui dolor minim nostrud officia consequat anim esse ad consequat. Mollit deserunt laboris minim enim nulla fugiat occaecat.\r\n","registered":"2015-08-17T02:37:11 -07:00","tags":["ut","nostrud","labore","consectetur","deserunt","eiusmod","excepteur"],"friends":[{"id":0,"name":"Alvarado Justice"},{"id":1,"name":"Cox Velasquez"},{"id":2,"name":"Ochoa Cote"}],"greeting":"Hello, Saunders Austin! You have 2 unread messages.","favoriteFruit":"strawberry","location":{"latitude":-62.187647,"longitude":-147.811307}}