{"_id":"55ee5e44e4e5c45b48c68766","index":1006,"guid":"607bcaee-a271-4008-a301-ac8b473f0cbd","isActive":true,"balance":"$76,767.95","picture":"http://placehold.it/32x32","age":69,"eyeColor":"green","name":"Marcia Hill","gender":"female","company":"APEXTRI","email":"marciahill@apextri.com","phone":"+1 (952) 411-3389","address":"879 Crescent Street, Hollymead, Oklahoma, 104","about":"Proident ullamco reprehenderit consequat velit officia culpa culpa eu dolor. Non id nisi laborum adipisicing sunt mollit commodo Lorem enim est. Consectetur nulla velit id nisi in voluptate aliqua proident fugiat sit proident consequat. Culpa minim reprehenderit excepteur do cillum ex ea qui officia consequat eiusmod deserunt.\r\n","registered":"2014-08-05T04:39:20 -07:00","tags":["enim","adipisicing","aliqua","ex","dolore","eiusmod","qui"],"friends":[{"id":0,"name":"Garrison Shaffer"},{"id":1,"name":"Whitehead Ball"},{"id":2,"name":"Banks Foley"}],"greeting":"Hello, Marcia Hill! You have 8 unread messages.","favoriteFruit":"orange","location":{"latitude":-74.512848,"longitude":-107.748703}}