{"_id":"55ee5e44250838b11c8f76a8","index":14,"guid":"d35c3efe-1352-4d29-9e16-0fc3f518c27f","isActive":false,"balance":"$28,437.99","picture":"http://placehold.it/32x32","age":23,"eyeColor":"green","name":"Twila Parrish","gender":"female","company":"ARCHITAX","email":"twilaparrish@architax.com","phone":"+1 (904) 428-2956","address":"256 Coffey Street, Flintville, New Mexico, 9518","about":"Sit cupidatat occaecat minim nostrud sint commodo Lorem mollit sunt quis. Exercitation aliquip in do consequat aliquip exercitation magna irure. Commodo laborum aliqua excepteur dolor anim magna id dolore velit. Proident do minim tempor pariatur nulla id laboris aliquip sit id enim enim eiusmod.\r\n","registered":"2015-03-17T03:33:41 -07:00","tags":["aute","commodo","dolore","dolore","do","exercitation","ex"],"friends":[{"id":0,"name":"Olga Fitzgerald"},{"id":1,"name":"Ella Boone"},{"id":2,"name":"Pickett Hart"}],"greeting":"Hello, Twila Parrish! You have 4 unread messages.","favoriteFruit":"banana","location":{"latitude":54.225685,"longitude":13.098341},"docFormat":"json"}