{"_id":"55ee5e44cc2d36be4dcffb05","index":1024,"guid":"75ff28da-3add-4f45-904a-9176b74301f4","isActive":true,"balance":"$98,822.43","picture":"http://placehold.it/32x32","age":54,"eyeColor":"brown","name":"Hines Mcgowan","gender":"male","company":"SENMAO","email":"hinesmcgowan@senmao.com","phone":"+1 (847) 565-2470","address":"539 Creamer Street, Kent, Wisconsin, 2806","about":"Dolore nostrud proident aute non. Aliquip reprehenderit elit officia irure aliquip culpa quis. Ipsum voluptate eu incididunt tempor laborum. Officia deserunt minim officia amet elit amet fugiat excepteur qui eu ex aute dolor pariatur. Nostrud veniam laborum ad ad Lorem cupidatat fugiat. Labore est qui amet pariatur pariatur consectetur.\r\n","registered":"2015-02-27T08:34:06 -07:00","tags":["deserunt","reprehenderit","voluptate","ea","esse","anim","dolor"],"friends":[{"id":0,"name":"Parsons Conner"},{"id":1,"name":"Rice Payne"},{"id":2,"name":"Emerson Cooper"}],"greeting":"Hello, Hines Mcgowan! You have 7 unread messages.","favoriteFruit":"strawberry","location":{"latitude":59.892281,"longitude":-47.67956}}