{"_id":"55ee5e44291829aa3a93a34a","index":109,"guid":"c5d98460-4da5-4318-a84f-4779f23b527e","isActive":false,"balance":"$51,502.95","picture":"http://placehold.it/32x32","age":47,"eyeColor":"blue","name":"Hughes Cortez","gender":"male","company":"ROOFORIA","email":"hughescortez@rooforia.com","phone":"+1 (846) 525-3845","address":"781 Clinton Avenue, Bloomington, Palau, 5604","about":"Aliqua magna ad cillum velit consectetur cupidatat tempor elit. Exercitation consequat excepteur anim elit aliqua veniam pariatur magna fugiat nulla culpa quis. Amet sint pariatur veniam reprehenderit.\r\n","registered":"2015-05-23T05:45:37 -07:00","tags":["dolore","amet","nulla","sit","velit","elit","elit"],"friends":[{"id":0,"name":"Shannon Briggs"},{"id":1,"name":"Vazquez Roach"},{"id":2,"name":"Dennis Woodward"}],"greeting":"Hello, Hughes Cortez! You have 6 unread messages.","favoriteFruit":"orange","location":{"latitude":-22.041414,"longitude":-127.360714}}