{"_id":"55ee5e4466dfe858d4ed61bf","index":1386,"guid":"cb31421d-9fc4-47ee-9609-9fa973770a69","isActive":false,"balance":"$24,956.98","picture":"http://placehold.it/32x32","age":26,"eyeColor":"brown","name":"Sheree Velazquez","gender":"female","company":"ZIGGLES","email":"shereevelazquez@ziggles.com","phone":"+1 (818) 449-3014","address":"568 Woodbine Street, Maybell, Utah, 4297","about":"In ut reprehenderit qui et commodo nisi laboris nulla sint incididunt nulla. Culpa laborum nulla commodo aliquip. Ullamco labore sint amet magna. Adipisicing tempor Lorem cupidatat ad reprehenderit in laborum. Qui sint minim enim eu.\r\n","registered":"2014-11-18T11:49:08 -07:00","tags":["cillum","enim","enim","sunt","pariatur","nostrud","dolore"],"friends":[{"id":0,"name":"Bird Mcfadden"},{"id":1,"name":"Minerva Berg"},{"id":2,"name":"Sosa Holman"}],"greeting":"Hello, Sheree Velazquez! You have 3 unread messages.","favoriteFruit":"apple","location":{"latitude":43.068082,"longitude":166.424327}}