{"_id":"55ee5e44fa2e8fac73b596a8","index":1251,"guid":"5ccfa9a9-da30-4775-a070-8502ce67f5d3","isActive":false,"balance":"$94,493.94","picture":"http://placehold.it/32x32","age":31,"eyeColor":"blue","name":"Harmon Higgins","gender":"male","company":"ANIMALIA","email":"harmonhiggins@animalia.com","phone":"+1 (919) 496-2947","address":"262 Flatbush Avenue, Snyderville, Connecticut, 1885","about":"Consequat qui pariatur aute deserunt excepteur nostrud exercitation elit commodo elit esse. Exercitation in dolore dolor tempor duis. Laborum veniam officia quis dolor aute labore et excepteur consequat eu reprehenderit ad culpa id.\r\n","registered":"2014-10-28T10:39:03 -07:00","tags":["ipsum","pariatur","excepteur","anim","Lorem","ut","proident"],"friends":[{"id":0,"name":"Olson Lester"},{"id":1,"name":"Marci Rowland"},{"id":2,"name":"Liza Thompson"}],"greeting":"Hello, Harmon Higgins! You have 4 unread messages.","favoriteFruit":"strawberry","location":{"latitude":26.469672,"longitude":-26.326443}}