{"_id":"55ee5e449fb6af102d18fa5c","index":1340,"guid":"96e5b8ec-8bc1-46bc-a2e4-3ae1871385fc","isActive":false,"balance":"$47,501.62","picture":"http://placehold.it/32x32","age":69,"eyeColor":"green","name":"Pam Eaton","gender":"female","company":"VICON","email":"pameaton@vicon.com","phone":"+1 (834) 548-2578","address":"214 Bills Place, Orason, Alabama, 7717","about":"Reprehenderit in voluptate qui fugiat pariatur laborum. Lorem duis adipisicing ad sunt sunt cupidatat minim ad commodo officia tempor eu elit. Et magna labore commodo tempor voluptate cillum commodo nostrud dolore eiusmod tempor. Ea consectetur irure cillum qui laborum magna quis eu sint sit voluptate fugiat id exercitation. Cupidatat Lorem laborum minim minim duis non anim Lorem culpa et eu ut. Elit ad veniam officia sit adipisicing ipsum culpa culpa esse non esse et excepteur. Eiusmod aliqua consequat cillum anim cillum.\r\n","registered":"2015-08-30T03:43:27 -07:00","tags":["dolore","adipisicing","incididunt","laborum","nulla","aliquip","quis"],"friends":[{"id":0,"name":"Katheryn Browning"},{"id":1,"name":"Kaitlin Sharp"},{"id":2,"name":"Leigh Yates"}],"greeting":"Hello, Pam Eaton! You have 3 unread messages.","favoriteFruit":"pear","location":{"latitude":85.359724,"longitude":-62.933496},"docFormat":"json","triples":[{"triple":{"subject":"/sample-data/data-1340.json","predicate":"http://www.w3.org/2000/01/rdf-schema#label","object":"Pam Eaton"}},{"triple":{"subject":"/sample-data/data-1340.json","predicate":"http://www.w3.org/1999/02/22-rdf-syntax-ns#type","object":"http://xmlns.com/foaf/0.1/Person"}},{"triple":{"subject":"/sample-data/data-1340.json","predicate":"http://xmlns.com/foaf/0.1/knows","object":"/sample-data/data-2249.json"}},{"triple":{"subject":"/sample-data/data-1340.json","predicate":"http://xmlns.com/foaf/0.1/knows","object":"/sample-data/data-207.json"}},{"triple":{"subject":"/sample-data/data-1340.json","predicate":"http://xmlns.com/foaf/0.1/knows","object":"/sample-data/data-723.json"}}]}