{
  "_id": "55ee5e44f107f9abb20ac995",
  "index": 1188,
  "guid": "9444ee3c-d1cf-43d3-a8e4-b3918fa854ff",
  "isActive": false,
  "balance": "$10,383.04",
  "picture": "http://placehold.it/32x32",
  "age": 62,
  "eyeColor": "brown",
  "name": "Frazier Sawyer",
  "gender": "male",
  "company": "ZENTILITY",
  "email": "fraziersawyer@zentility.com",
  "phone": "+1 (805) 412-3302",
  "address": "608 Seaview Court, Saranap, Colorado, 9205",
  "about": "In esse consectetur fugiat adipisicing ea sit veniam eu nisi nulla quis non aute anim. Quis et anim eiusmod velit fugiat ex. Lorem ad culpa ad consectetur.\r\n",
  "registered": "2014-05-02T07:38:24-07:00",
  "tags": [
    "veniam",
    "duis",
    "fugiat",
    "non",
    "nostrud",
    "incididunt",
    "id"
  ],
  "friends": [
    {
      "id": 0,
      "name": "Cara Witt"
    },
    {
      "id": 1,
      "name": "Merle Cohen"
    },
    {
      "id": 2,
      "name": "Elnora Cook"
    }
  ],
  "greeting": "Hello, Frazier Sawyer! You have 4 unread messages.",
  "favoriteFruit": "orange",
  "location": {
    "latitude": 13.05502,
    "longitude": 65.032004
  },
  "docFormat": "json",
  "triples": [
    {
      "triple": {
        "subject": "/sample-data/data-1188.json",
        "predicate": "http://www.w3.org/2000/01/rdf-schema#label",
        "object": "Frazier Sawyer"
      }
    },
    {
      "triple": {
        "subject": "/sample-data/data-1188.json",
        "predicate": "http://www.w3.org/1999/02/22-rdf-syntax-ns#type",
        "object": "http://xmlns.com/foaf/0.1/Person"
      }
    },
    {
      "triple": {
        "subject": "/sample-data/data-1188.json",
        "predicate": "http://xmlns.com/foaf/0.1/knows",
        "object": "/sample-data/data-2710.json"
      }
    },
    {
      "triple": {
        "subject": "/sample-data/data-1188.json",
        "predicate": "http://xmlns.com/foaf/0.1/knows",
        "object": "/sample-data/data-1536.json"
      }
    },
    {
      "triple": {
        "subject": "/sample-data/data-1188.json",
        "predicate": "http://xmlns.com/foaf/0.1/knows",
        "object": "/sample-data/data-2922.json"
      }
    }
  ]
}