{
  "_id": "55ee5e4465ed6b3656522269",
  "index": 1052,
  "guid": "b6c2f91b-ef8b-4eb7-9ad3-d1b890873c6c",
  "isActive": true,
  "balance": "$48,546.81",
  "picture": "http://placehold.it/32x32",
  "age": 45,
  "eyeColor": "green",
  "name": "Latonya Reynolds",
  "gender": "female",
  "company": "ICOLOGY",
  "email": "latonyareynolds@icology.com",
  "phone": "+1 (993) 403-3431",
  "address": "116 Dunham Place, Ryderwood, Kansas, 8140",
  "about": "Cillum deserunt sit id dolore ut ad in qui sint non Lorem nisi reprehenderit ut. Proident excepteur in duis magna esse. Deserunt nulla sit ullamco sint mollit in cillum anim dolore pariatur nisi sint. Minim elit elit velit est. Magna et laboris labore proident consequat laboris eu consectetur minim adipisicing deserunt.\r\n",
  "registered": "2015-08-16T04:55:38-07:00",
  "tags": [
    "officia",
    "ad",
    "pariatur",
    "minim",
    "irure",
    "aliqua",
    "in"
  ],
  "friends": [
    {
      "id": 0,
      "name": "Francis Dotson"
    },
    {
      "id": 1,
      "name": "Connie Boyle"
    },
    {
      "id": 2,
      "name": "Leah Singleton"
    }
  ],
  "greeting": "Hello, Latonya Reynolds! You have 7 unread messages.",
  "favoriteFruit": "orange",
  "location": {
    "latitude": -57.657432,
    "longitude": 91.96538
  },
  "docFormat": "json",
  "triples": [
    {
      "triple": {
        "subject": "/sample-data/data-1052.json",
        "predicate": "http://www.w3.org/2000/01/rdf-schema#label",
        "object": "Latonya Reynolds"
      }
    },
    {
      "triple": {
        "subject": "/sample-data/data-1052.json",
        "predicate": "http://www.w3.org/1999/02/22-rdf-syntax-ns#type",
        "object": "http://xmlns.com/foaf/0.1/Person"
      }
    },
    {
      "triple": {
        "subject": "/sample-data/data-1052.json",
        "predicate": "http://xmlns.com/foaf/0.1/knows",
        "object": "/sample-data/data-2966.json"
      }
    },
    {
      "triple": {
        "subject": "/sample-data/data-1052.json",
        "predicate": "http://xmlns.com/foaf/0.1/knows",
        "object": "/sample-data/data-2173.json"
      }
    },
    {
      "triple": {
        "subject": "/sample-data/data-1052.json",
        "predicate": "http://xmlns.com/foaf/0.1/knows",
        "object": "/sample-data/data-2174.json"
      }
    }
  ]
}