{"_id":"55ee5e44debc85eddbe9f268","index":1411,"guid":"3d77632c-9e75-4bee-a2e8-2d0b59ebd31b","isActive":true,"balance":"$50,581.48","picture":"http://placehold.it/32x32","age":60,"eyeColor":"brown","name":"Andrews Hamilton","gender":"male","company":"ORBAXTER","email":"andrewshamilton@orbaxter.com","phone":"+1 (835) 468-2349","address":"592 Ross Street, Gorham, Marshall Islands, 5887","about":"Enim in consequat do fugiat aute ipsum fugiat fugiat fugiat nisi voluptate sit id sit. Id ullamco esse deserunt fugiat ea eiusmod Lorem aliqua proident labore ex. Amet in incididunt ea est magna dolor. Ut ea excepteur qui incididunt incididunt pariatur dolore amet consectetur adipisicing. Sit magna esse ipsum laborum aliqua quis sint.\r\n","registered":"2015-05-03T09:28:53 -07:00","tags":["dolor","reprehenderit","duis","consectetur","eiusmod","enim","amet"],"friends":[{"id":0,"name":"Rae Howard"},{"id":1,"name":"Erica Hester"},{"id":2,"name":"Tran Swanson"}],"greeting":"Hello, Andrews Hamilton! You have 10 unread messages.","favoriteFruit":"strawberry","location":{"latitude":-3.391536,"longitude":-18.126713}}