{
  "_id": "55ee5e44bf1d3fff905d687c",
  "index": 1315,
  "guid": "2e0d604a-8342-4a5c-8ac7-34209a1bec01",
  "isActive": false,
  "balance": "$10,444.64",
  "picture": "http://placehold.it/32x32",
  "age": 26,
  "eyeColor": "brown",
  "name": "Cannon Terrell",
  "gender": "male",
  "company": "CHORIZON",
  "email": "cannonterrell@chorizon.com",
  "phone": "+1 (942) 461-2872",
  "address": "975 Plymouth Street, Roland, Puerto Rico, 3413",
  "about": "Laborum velit laboris non et. Nisi cillum voluptate exercitation consequat amet sunt dolore eu ullamco excepteur. Officia aliquip eiusmod laborum duis consectetur enim. Aliqua laborum sit ullamco est ipsum dolore adipisicing anim sit labore proident laboris Lorem voluptate. Non proident non mollit ex Lorem sunt exercitation voluptate ullamco velit. Adipisicing exercitation pariatur consequat non consequat.\r\n",
  "registered": "2014-10-22T10:20:57-07:00",
  "tags": [
    "sit",
    "labore",
    "in",
    "mollit",
    "in",
    "velit",
    "minim"
  ],
  "friends": [
    {
      "id": 0,
      "name": "Lawrence Juarez"
    },
    {
      "id": 1,
      "name": "Clay Bradford"
    },
    {
      "id": 2,
      "name": "Jenkins Head"
    }
  ],
  "greeting": "Hello, Cannon Terrell! You have 3 unread messages.",
  "favoriteFruit": "banana",
  "location": {
    "latitude": -78.404431,
    "longitude": -37.317609
  },
  "docFormat": "json",
  "triples": [
    {
      "triple": {
        "subject": "/sample-data/data-1315.json",
        "predicate": "http://www.w3.org/2000/01/rdf-schema#label",
        "object": "Cannon Terrell"
      }
    },
    {
      "triple": {
        "subject": "/sample-data/data-1315.json",
        "predicate": "http://www.w3.org/1999/02/22-rdf-syntax-ns#type",
        "object": "http://xmlns.com/foaf/0.1/Person"
      }
    },
    {
      "triple": {
        "subject": "/sample-data/data-1315.json",
        "predicate": "http://xmlns.com/foaf/0.1/knows",
        "object": "/sample-data/data-1192.json"
      }
    },
    {
      "triple": {
        "subject": "/sample-data/data-1315.json",
        "predicate": "http://xmlns.com/foaf/0.1/knows",
        "object": "/sample-data/data-1694.json"
      }
    },
    {
      "triple": {
        "subject": "/sample-data/data-1315.json",
        "predicate": "http://xmlns.com/foaf/0.1/knows",
        "object": "/sample-data/data-2115.json"
      }
    }
  ]
}