{"_id":"55ee5e448a601f2b1bdd362d","index":1074,"guid":"44761234-a1b4-4b25-8156-0ed3d17b14b8","isActive":false,"balance":"$85,346.65","picture":"http://placehold.it/32x32","age":25,"eyeColor":"green","name":"Margret Leonard","gender":"female","company":"PURIA","email":"margretleonard@puria.com","phone":"+1 (875) 506-2785","address":"577 Applegate Court, Rodman, Iowa, 1997","about":"Anim est amet duis ea aliqua laboris culpa dolor enim id fugiat sint. Est irure ex anim elit. Dolor ad do nulla dolore veniam in sunt culpa sunt nisi voluptate esse do minim. Lorem ex ad est labore et cillum enim laborum. Veniam pariatur irure et laboris et Lorem cillum eu id magna dolor tempor.\r\n","registered":"2015-08-14T04:25:54 -07:00","tags":["anim","magna","exercitation","cillum","quis","elit","cillum"],"friends":[{"id":0,"name":"Carpenter Franks"},{"id":1,"name":"Best Harding"},{"id":2,"name":"Martha Bryan"}],"greeting":"Hello, Margret Leonard! You have 8 unread messages.","favoriteFruit":"strawberry","location":{"latitude":-50.18505,"longitude":-55.765554},"docFormat":"json"}