{"_id":"55ee5e44782ae082b674f923","index":103,"guid":"d70967be-167d-4061-8dde-5d1342071bb9","isActive":true,"balance":"$79,018.62","picture":"http://placehold.it/32x32","age":63,"eyeColor":"blue","name":"Caldwell Nicholson","gender":"male","company":"EXTREMO","email":"caldwellnicholson@extremo.com","phone":"+1 (914) 462-3454","address":"715 Emmons Avenue, Knowlton, North Carolina, 6002","about":"Consequat consequat deserunt est nisi id consequat incididunt sint. Amet Lorem quis cupidatat cillum ex deserunt consequat deserunt culpa incididunt est ipsum sint. Proident dolore tempor deserunt aliquip dolore laboris laborum aliquip fugiat velit voluptate proident irure cillum. Amet cupidatat laborum do ut ea aliqua et commodo velit commodo velit anim occaecat. Nisi incididunt sint magna cupidatat excepteur incididunt culpa veniam.\r\n","registered":"2014-06-21T06:22:06 -07:00","tags":["nulla","laboris","esse","aliquip","est","et","do"],"friends":[{"id":0,"name":"Valentine Mccarty"},{"id":1,"name":"Rosanna Byers"},{"id":2,"name":"Rene Greer"}],"greeting":"Hello, Caldwell Nicholson! You have 7 unread messages.","favoriteFruit":"apple","location":{"latitude":-64.655237,"longitude":25.853814},"docFormat":"json"}