{
  "_id": "55ee5e444d05801fcbd24fd8",
  "index": 1421,
  "guid": "56b7ff15-6553-4986-859d-ef6d1a56c420",
  "isActive": true,
  "balance": "$32,769.07",
  "picture": "http://placehold.it/32x32",
  "age": 64,
  "eyeColor": "green",
  "name": "Neva Moody",
  "gender": "female",
  "company": "YOGASM",
  "email": "nevamoody@yogasm.com",
  "phone": "+1 (964) 478-3333",
  "address": "951 Dean Street, Dargan, Montana, 5738",
  "about": "Fugiat magna et dolore sint. Aliquip est sint ex adipisicing nulla pariatur. Nulla cupidatat sit ex incididunt mollit voluptate veniam quis. Qui do labore nisi labore ipsum aliquip aliqua tempor laboris proident duis magna qui culpa. Fugiat amet nostrud ex in occaecat laborum fugiat dolore ad quis deserunt qui irure proident.\r\n",
  "registered": "2014-12-28T06:13:57-07:00",
  "tags": [
    "deserunt",
    "ullamco",
    "sint",
    "excepteur",
    "eu",
    "dolore",
    "aliqua"
  ],
  "friends": [
    {
      "id": 0,
      "name": "Dorthy Bird"
    },
    {
      "id": 1,
      "name": "Bradshaw Morin"
    },
    {
      "id": 2,
      "name": "Frankie Morgan"
    }
  ],
  "greeting": "Hello, Neva Moody! You have 2 unread messages.",
  "favoriteFruit": "orange",
  "location": {
    "latitude": 82.923366,
    "longitude": -112.368731
  },
  "docFormat": "json",
  "triples": [
    {
      "triple": {
        "subject": "/sample-data/data-1421.json",
        "predicate": "http://www.w3.org/2000/01/rdf-schema#label",
        "object": "Neva Moody"
      }
    },
    {
      "triple": {
        "subject": "/sample-data/data-1421.json",
        "predicate": "http://www.w3.org/1999/02/22-rdf-syntax-ns#type",
        "object": "http://xmlns.com/foaf/0.1/Person"
      }
    },
    {
      "triple": {
        "subject": "/sample-data/data-1421.json",
        "predicate": "http://xmlns.com/foaf/0.1/knows",
        "object": "/sample-data/data-958.json"
      }
    },
    {
      "triple": {
        "subject": "/sample-data/data-1421.json",
        "predicate": "http://xmlns.com/foaf/0.1/knows",
        "object": "/sample-data/data-1752.json"
      }
    },
    {
      "triple": {
        "subject": "/sample-data/data-1421.json",
        "predicate": "http://xmlns.com/foaf/0.1/knows",
        "object": "/sample-data/data-872.json"
      }
    }
  ]
}