{"_id":"55ee5e44b97f9b71279f63b6","index":1407,"guid":"e80456f0-2aca-40d8-8b1d-49f9d415c900","isActive":false,"balance":"$13,035.86","picture":"http://placehold.it/32x32","age":70,"eyeColor":"brown","name":"Harper Weeks","gender":"male","company":"ENTHAZE","email":"harperweeks@enthaze.com","phone":"+1 (969) 437-3864","address":"940 Kiely Place, Edenburg, South Dakota, 9048","about":"Ex nostrud in et adipisicing aliquip pariatur exercitation ipsum. Duis ut aliqua ex sint irure excepteur excepteur cillum reprehenderit deserunt. Irure cupidatat dolor irure magna est ut.\r\n","registered":"2014-03-23T04:54:55 -07:00","tags":["velit","culpa","esse","consequat","velit","irure","sunt"],"friends":[{"id":0,"name":"Sylvia Mcdonald"},{"id":1,"name":"Alyson Flores"},{"id":2,"name":"Mariana House"}],"greeting":"Hello, Harper Weeks! You have 2 unread messages.","favoriteFruit":"banana","location":{"latitude":48.058418,"longitude":86.614771}}