{"_id":"55ee5e44b454e0d1f0da0a0d","index":1005,"guid":"7408d600-8d18-4d6e-9630-5fb38e30a5a1","isActive":false,"balance":"$39,543.49","picture":"http://placehold.it/32x32","age":51,"eyeColor":"brown","name":"Mendoza Galloway","gender":"male","company":"ZOLAREX","email":"mendozagalloway@zolarex.com","phone":"+1 (990) 598-2110","address":"857 Central Avenue, Nogal, Marshall Islands, 5173","about":"Nostrud dolore eiusmod minim ullamco exercitation non anim enim. In ea elit ipsum non cillum tempor. Excepteur fugiat ipsum laboris est. Laborum excepteur tempor ad nisi et anim cupidatat aliqua amet esse culpa aute deserunt. Commodo mollit aliqua voluptate dolor culpa eiusmod incididunt est do culpa adipisicing commodo velit velit. Minim laboris elit non officia. Nostrud et ut cupidatat laborum elit qui in sunt velit cupidatat amet eiusmod ullamco.\r\n","registered":"2014-06-10T05:34:44 -07:00","tags":["commodo","consectetur","cupidatat","id","consectetur","cillum","consequat"],"friends":[{"id":0,"name":"Johanna Lambert"},{"id":1,"name":"Viola Thomas"},{"id":2,"name":"Gay Richards"}],"greeting":"Hello, Mendoza Galloway! You have 2 unread messages.","favoriteFruit":"strawberry","location":{"latitude":-88.760796,"longitude":-126.385797}}