{
  "_id": "55ee5e44944d711898a72099",
  "index": 1298,
  "guid": "fbe8b6b1-d38c-4933-a32c-1520eb28b119",
  "isActive": true,
  "balance": "$75,064.95",
  "picture": "http://placehold.it/32x32",
  "age": 65,
  "eyeColor": "brown",
  "name": "Mcfarland Wise",
  "gender": "male",
  "company": "FILODYNE",
  "email": "mcfarlandwise@filodyne.com",
  "phone": "+1 (850) 550-2115",
  "address": "972 Canton Court, Clarksburg, Federated States Of Micronesia, 2674",
  "about": "Dolore aliqua eu non in velit eu nostrud anim ullamco anim. Veniam adipisicing aliquip in nostrud. Fugiat laboris commodo aliquip aliqua ipsum cupidatat dolor incididunt deserunt qui. Sunt commodo Lorem sint dolore aliquip aute incididunt dolore amet sint ex non incididunt. Laborum nostrud ut duis commodo ea labore quis proident Lorem et fugiat enim. Duis ex consectetur eu esse labore excepteur elit eu labore exercitation officia et.\r\n",
  "registered": "2015-08-25T07:02:07-07:00",
  "tags": [
    "laboris",
    "sit",
    "excepteur",
    "eu",
    "irure",
    "velit",
    "incididunt"
  ],
  "friends": [
    {
      "id": 0,
      "name": "Corrine Morales"
    },
    {
      "id": 1,
      "name": "Lelia Jennings"
    },
    {
      "id": 2,
      "name": "Raymond Byrd"
    }
  ],
  "greeting": "Hello, Mcfarland Wise! You have 9 unread messages.",
  "favoriteFruit": "apple",
  "location": {
    "latitude": 7.433436,
    "longitude": 83.811621
  },
  "docFormat": "json",
  "triples": [
    {
      "triple": {
        "subject": "/sample-data/data-1298.json",
        "predicate": "http://www.w3.org/2000/01/rdf-schema#label",
        "object": "Mcfarland Wise"
      }
    },
    {
      "triple": {
        "subject": "/sample-data/data-1298.json",
        "predicate": "http://www.w3.org/1999/02/22-rdf-syntax-ns#type",
        "object": "http://xmlns.com/foaf/0.1/Person"
      }
    },
    {
      "triple": {
        "subject": "/sample-data/data-1298.json",
        "predicate": "http://xmlns.com/foaf/0.1/knows",
        "object": "/sample-data/data-2217.json"
      }
    },
    {
      "triple": {
        "subject": "/sample-data/data-1298.json",
        "predicate": "http://xmlns.com/foaf/0.1/knows",
        "object": "/sample-data/data-1223.json"
      }
    },
    {
      "triple": {
        "subject": "/sample-data/data-1298.json",
        "predicate": "http://xmlns.com/foaf/0.1/knows",
        "object": "/sample-data/data-908.json"
      }
    }
  ]
}