{
  "_id": "55ee5e44b0f0c4495f280891",
  "index": 1189,
  "guid": "9f34f387-f5d3-46e3-a128-de2d0c857837",
  "isActive": false,
  "balance": "$59,030.76",
  "picture": "http://placehold.it/32x32",
  "age": 55,
  "eyeColor": "blue",
  "name": "Ashley Charles",
  "gender": "male",
  "company": "FANGOLD",
  "email": "ashleycharles@fangold.com",
  "phone": "+1 (802) 416-2570",
  "address": "698 Lorimer Street, Herbster, Montana, 9344",
  "about": "Velit qui tempor velit irure adipisicing aute elit ea nisi do. Ut commodo et fugiat nulla. Velit laborum amet occaecat minim fugiat excepteur nisi id ea dolore sint in ad proident. Tempor minim nulla duis cupidatat.\r\n",
  "registered": "2015-08-12T02:21:41-07:00",
  "tags": [
    "ex",
    "esse",
    "proident",
    "labore",
    "pariatur",
    "consequat",
    "reprehenderit"
  ],
  "friends": [
    {
      "id": 0,
      "name": "Marjorie Delgado"
    },
    {
      "id": 1,
      "name": "Maynard Clark"
    },
    {
      "id": 2,
      "name": "Candace Stein"
    }
  ],
  "greeting": "Hello, Ashley Charles! You have 9 unread messages.",
  "favoriteFruit": "banana",
  "location": {
    "latitude": 80.401485,
    "longitude": 83.805968
  },
  "docFormat": "json",
  "triples": [
    {
      "triple": {
        "subject": "/sample-data/data-1189.json",
        "predicate": "http://www.w3.org/2000/01/rdf-schema#label",
        "object": "Ashley Charles"
      }
    },
    {
      "triple": {
        "subject": "/sample-data/data-1189.json",
        "predicate": "http://www.w3.org/1999/02/22-rdf-syntax-ns#type",
        "object": "http://xmlns.com/foaf/0.1/Person"
      }
    },
    {
      "triple": {
        "subject": "/sample-data/data-1189.json",
        "predicate": "http://xmlns.com/foaf/0.1/knows",
        "object": "/sample-data/data-957.json"
      }
    },
    {
      "triple": {
        "subject": "/sample-data/data-1189.json",
        "predicate": "http://xmlns.com/foaf/0.1/knows",
        "object": "/sample-data/data-2541.json"
      }
    },
    {
      "triple": {
        "subject": "/sample-data/data-1189.json",
        "predicate": "http://xmlns.com/foaf/0.1/knows",
        "object": "/sample-data/data-113.json"
      }
    }
  ]
}