{"_id":"55ee5e44ae3292fb3586519e","index":1239,"guid":"ac54b60f-155a-4912-adad-e6523335fad4","isActive":true,"balance":"$18,132.80","picture":"http://placehold.it/32x32","age":35,"eyeColor":"green","name":"Pearl Blake","gender":"female","company":"KIDGREASE","email":"pearlblake@kidgrease.com","phone":"+1 (895) 572-3954","address":"196 Hopkins Street, Retsof, Guam, 2197","about":"Duis tempor labore ex sit ad cupidatat velit sint enim laboris consequat adipisicing nulla. Magna pariatur occaecat excepteur eu. Velit consequat culpa minim nisi veniam voluptate sunt dolor. Fugiat fugiat ipsum fugiat minim nostrud nulla nisi minim consequat sint tempor ullamco ipsum. Cupidatat Lorem nulla nulla aliquip esse sint irure ipsum ullamco. Nulla nisi non est nisi Lorem veniam mollit est amet nisi proident labore ullamco voluptate. Qui dolore ipsum non ex laboris ea eu.\r\n","registered":"2014-05-22T12:39:43 -07:00","tags":["exercitation","exercitation","tempor","aliqua","ullamco","nisi","tempor"],"friends":[{"id":0,"name":"Lilly Britt"},{"id":1,"name":"Landry Doyle"},{"id":2,"name":"Patton Wells"}],"greeting":"Hello, Pearl Blake! You have 3 unread messages.","favoriteFruit":"orange","location":{"latitude":5.631665,"longitude":-161.721484}}