{"_id":"55ee5e443397beb27c354dab","index":1158,"guid":"c1c80d1b-48e1-4176-a3bf-d393d4dda452","isActive":false,"balance":"$7,771.19","picture":"http://placehold.it/32x32","age":25,"eyeColor":"blue","name":"Jasmine House","gender":"female","company":"COMTOURS","email":"jasminehouse@comtours.com","phone":"+1 (821) 533-2012","address":"239 Clymer Street, Gerber, Virgin Islands, 2876","about":"Magna mollit officia laboris sit labore commodo incididunt. Cupidatat Lorem eu consequat esse consectetur aliqua voluptate tempor. Reprehenderit adipisicing laboris do qui dolor et nostrud Lorem ullamco laborum. Mollit adipisicing amet cupidatat mollit duis dolor id irure incididunt minim sint eiusmod aute. Sunt fugiat anim laboris minim veniam.\r\n","registered":"2014-05-07T03:22:01 -07:00","tags":["ea","laborum","irure","Lorem","nostrud","do","labore"],"friends":[{"id":0,"name":"Chase Lloyd"},{"id":1,"name":"Kirk Gordon"},{"id":2,"name":"Elva Mckee"}],"greeting":"Hello, Jasmine House! You have 4 unread messages.","favoriteFruit":"strawberry","location":{"latitude":-26.44564,"longitude":167.309289},"docFormat":"json","triples":[{"triple":{"subject":"/sample-data/data-1158.json","predicate":"http://www.w3.org/2000/01/rdf-schema#label","object":"Jasmine House"}},{"triple":{"subject":"/sample-data/data-1158.json","predicate":"http://www.w3.org/1999/02/22-rdf-syntax-ns#type","object":"http://xmlns.com/foaf/0.1/Person"}},{"triple":{"subject":"/sample-data/data-1158.json","predicate":"http://xmlns.com/foaf/0.1/knows","object":"/sample-data/data-2363.json"}},{"triple":{"subject":"/sample-data/data-1158.json","predicate":"http://xmlns.com/foaf/0.1/knows","object":"/sample-data/data-340.json"}},{"triple":{"subject":"/sample-data/data-1158.json","predicate":"http://xmlns.com/foaf/0.1/knows","object":"/sample-data/data-1794.json"}}]}