{"_id":"55ee5e4432208d3fdabbbc30","index":1272,"guid":"d83a07b7-7292-4beb-b648-9d310deb898f","isActive":true,"balance":"$9,836.59","picture":"http://placehold.it/32x32","age":39,"eyeColor":"brown","name":"Davidson Franklin","gender":"male","company":"EXOZENT","email":"davidsonfranklin@exozent.com","phone":"+1 (868) 410-2742","address":"918 Ridgecrest Terrace, Shindler, Maryland, 1444","about":"Lorem tempor consequat deserunt in incididunt proident laboris. Dolore excepteur velit dolor enim nisi consequat nisi ullamco dolore esse nulla officia do. Ex proident ea nostrud voluptate amet id pariatur ipsum. Nulla aute laboris occaecat adipisicing amet velit.\r\n","registered":"2015-03-11T08:57:44 -07:00","tags":["adipisicing","do","reprehenderit","ad","nulla","cupidatat","elit"],"friends":[{"id":0,"name":"Cherry Blevins"},{"id":1,"name":"Guthrie Langley"},{"id":2,"name":"Effie Miller"}],"greeting":"Hello, Davidson Franklin! You have 10 unread messages.","favoriteFruit":"orange","location":{"latitude":-53.69263,"longitude":162.772414},"docFormat":"json","triples":[{"triple":{"subject":"/sample-data/data-1272.json","predicate":"http://www.w3.org/2000/01/rdf-schema#label","object":"Davidson Franklin"}},{"triple":{"subject":"/sample-data/data-1272.json","predicate":"http://www.w3.org/1999/02/22-rdf-syntax-ns#type","object":"http://xmlns.com/foaf/0.1/Person"}},{"triple":{"subject":"/sample-data/data-1272.json","predicate":"http://xmlns.com/foaf/0.1/knows","object":"/sample-data/data-417.json"}},{"triple":{"subject":"/sample-data/data-1272.json","predicate":"http://xmlns.com/foaf/0.1/knows","object":"/sample-data/data-677.json"}},{"triple":{"subject":"/sample-data/data-1272.json","predicate":"http://xmlns.com/foaf/0.1/knows","object":"/sample-data/data-2618.json"}}]}