{
  "_id": "55ee5e44e71cf8f3ef860f11",
  "index": 1058,
  "guid": "4f416d70-90a4-49da-ab68-2737ba284a05",
  "isActive": false,
  "balance": "$22,595.08",
  "picture": "http://placehold.it/32x32",
  "age": 66,
  "eyeColor": "green",
  "name": "Rosalinda Bailey",
  "gender": "female",
  "company": "OPPORTECH",
  "email": "rosalindabailey@opportech.com",
  "phone": "+1 (922) 518-3395",
  "address": "898 Willmohr Street, Saddlebrooke, New Mexico, 9632",
  "about": "Ipsum magna eiusmod aliqua minim id laborum. Occaecat occaecat consectetur incididunt velit nulla culpa incididunt incididunt est qui pariatur amet aliqua. Est aute et quis aliquip incididunt commodo. Exercitation elit id quis nisi est excepteur cupidatat consectetur. Consequat irure id eu pariatur in anim nostrud in eu labore cupidatat. Ullamco commodo elit incididunt elit. Magna aliqua do velit esse proident aute minim ipsum esse.\r\n",
  "registered": "2014-07-23T09:36:16-07:00",
  "tags": [
    "culpa",
    "consequat",
    "velit",
    "est",
    "tempor",
    "enim",
    "consequat"
  ],
  "friends": [
    {
      "id": 0,
      "name": "Jennings Ward"
    },
    {
      "id": 1,
      "name": "Dianna Bond"
    },
    {
      "id": 2,
      "name": "Isabella Stevens"
    }
  ],
  "greeting": "Hello, Rosalinda Bailey! You have 2 unread messages.",
  "favoriteFruit": "strawberry",
  "location": {
    "latitude": -64.328619,
    "longitude": -63.011384
  },
  "docFormat": "json",
  "triples": [
    {
      "triple": {
        "subject": "/sample-data/data-1058.json",
        "predicate": "http://www.w3.org/2000/01/rdf-schema#label",
        "object": "Rosalinda Bailey"
      }
    },
    {
      "triple": {
        "subject": "/sample-data/data-1058.json",
        "predicate": "http://www.w3.org/1999/02/22-rdf-syntax-ns#type",
        "object": "http://xmlns.com/foaf/0.1/Person"
      }
    },
    {
      "triple": {
        "subject": "/sample-data/data-1058.json",
        "predicate": "http://xmlns.com/foaf/0.1/knows",
        "object": "/sample-data/data-576.json"
      }
    },
    {
      "triple": {
        "subject": "/sample-data/data-1058.json",
        "predicate": "http://xmlns.com/foaf/0.1/knows",
        "object": "/sample-data/data-2870.json"
      }
    },
    {
      "triple": {
        "subject": "/sample-data/data-1058.json",
        "predicate": "http://xmlns.com/foaf/0.1/knows",
        "object": "/sample-data/data-123.json"
      }
    }
  ]
}