{"_id":"55ee5e449bbedd646c55dd17","index":139,"guid":"f53c18d2-b27c-4654-a67e-12c89ceb1bc1","isActive":false,"balance":"$22,207.11","picture":"http://placehold.it/32x32","age":28,"eyeColor":"blue","name":"Rosie Dodson","gender":"female","company":"IZZBY","email":"rosiedodson@izzby.com","phone":"+1 (817) 427-2292","address":"798 River Street, Craig, Louisiana, 4654","about":"Nisi dolor occaecat quis ea tempor velit. Magna officia occaecat ullamco irure proident Lorem nisi. Ullamco veniam esse eu adipisicing non eiusmod id cillum eiusmod reprehenderit officia. Commodo consequat quis veniam magna deserunt dolore esse. Adipisicing culpa Lorem mollit ut duis commodo.\r\n","registered":"2014-09-29T12:36:28 -07:00","tags":["ex","laboris","consequat","excepteur","nostrud","ea","sint"],"friends":[{"id":0,"name":"Eileen Richard"},{"id":1,"name":"Nell Craig"},{"id":2,"name":"Romero Simpson"}],"greeting":"Hello, Rosie Dodson! You have 3 unread messages.","favoriteFruit":"orange","location":{"latitude":-55.874693,"longitude":-121.62809},"docFormat":"json"}