{"_id":"55ee5e44681bc5678af533a8","index":1328,"guid":"4bd54466-4da9-4299-be89-a72d7de63967","isActive":false,"balance":"$2,653.28","picture":"http://placehold.it/32x32","age":22,"eyeColor":"brown","name":"Rhodes Stark","gender":"male","company":"EZENTIA","email":"rhodesstark@ezentia.com","phone":"+1 (865) 400-2566","address":"170 Hemlock Street, Mooresburg, Utah, 614","about":"Excepteur incididunt commodo laboris veniam culpa dolore cillum amet occaecat cillum. Quis nulla Lorem proident aliqua sit do qui fugiat velit proident aute consectetur veniam. Enim ipsum reprehenderit reprehenderit sit officia dolore ad Lorem ad eiusmod nostrud commodo anim est. Quis non reprehenderit non eu commodo. Velit ex Lorem velit mollit nisi esse dolor aliqua cillum magna est magna cillum. Ex minim ullamco eu commodo nostrud culpa incididunt aute elit. Fugiat enim cillum nulla ad enim dolore consectetur enim aliqua aute.\r\n","registered":"2015-05-22T06:54:08 -07:00","tags":["exercitation","quis","aliquip","esse","minim","labore","irure"],"friends":[{"id":0,"name":"Mae Dennis"},{"id":1,"name":"Howell Savage"},{"id":2,"name":"Sabrina Murray"}],"greeting":"Hello, Rhodes Stark! You have 7 unread messages.","favoriteFruit":"pear","location":{"latitude":5.118606,"longitude":96.248228},"docFormat":"json"}