{
  "_id": "55ee5e447aafb373ad7f0548",
  "index": 1070,
  "guid": "e831500f-e78e-44c5-9370-fa45292ddab3",
  "isActive": false,
  "balance": "$93,606.61",
  "picture": "http://placehold.it/32x32",
  "age": 44,
  "eyeColor": "blue",
  "name": "Mallory Ayala",
  "gender": "female",
  "company": "VIDTO",
  "email": "malloryayala@vidto.com",
  "phone": "+1 (953) 532-3262",
  "address": "641 Nostrand Avenue, Dupuyer, Delaware, 8968",
  "about": "Elit ullamco excepteur ea aliqua consequat fugiat. Veniam occaecat deserunt reprehenderit culpa officia fugiat ut dolore aliqua velit duis. Dolore occaecat tempor reprehenderit eiusmod do ea. Proident fugiat occaecat commodo do. Incididunt sit amet voluptate incididunt et nulla esse pariatur. In officia anim non est cillum veniam commodo laboris excepteur.\r\n",
  "registered": "2014-10-06T08:43:04-07:00",
  "tags": [
    "pariatur",
    "cupidatat",
    "dolor",
    "nisi",
    "nostrud",
    "duis",
    "Lorem"
  ],
  "friends": [
    {
      "id": 0,
      "name": "Lidia Clemons"
    },
    {
      "id": 1,
      "name": "Francine Nieves"
    },
    {
      "id": 2,
      "name": "Phyllis Castro"
    }
  ],
  "greeting": "Hello, Mallory Ayala! You have 1 unread messages.",
  "favoriteFruit": "apple",
  "location": {
    "latitude": 10.310522,
    "longitude": 48.472854
  },
  "docFormat": "json",
  "triples": [
    {
      "triple": {
        "subject": "/sample-data/data-1070.json",
        "predicate": "http://www.w3.org/2000/01/rdf-schema#label",
        "object": "Mallory Ayala"
      }
    },
    {
      "triple": {
        "subject": "/sample-data/data-1070.json",
        "predicate": "http://www.w3.org/1999/02/22-rdf-syntax-ns#type",
        "object": "http://xmlns.com/foaf/0.1/Person"
      }
    },
    {
      "triple": {
        "subject": "/sample-data/data-1070.json",
        "predicate": "http://xmlns.com/foaf/0.1/knows",
        "object": "/sample-data/data-1415.json"
      }
    },
    {
      "triple": {
        "subject": "/sample-data/data-1070.json",
        "predicate": "http://xmlns.com/foaf/0.1/knows",
        "object": "/sample-data/data-397.json"
      }
    },
    {
      "triple": {
        "subject": "/sample-data/data-1070.json",
        "predicate": "http://xmlns.com/foaf/0.1/knows",
        "object": "/sample-data/data-743.json"
      }
    }
  ]
}