{
  "_id": "55ee5e447f563d8902b5d491",
  "index": 1354,
  "guid": "ba4930f8-dc3d-4599-aaf0-b49b7496e541",
  "isActive": true,
  "balance": "$86,451.07",
  "picture": "http://placehold.it/32x32",
  "age": 38,
  "eyeColor": "green",
  "name": "Hobbs Mayer",
  "gender": "male",
  "company": "EQUITOX",
  "email": "hobbsmayer@equitox.com",
  "phone": "+1 (958) 447-3543",
  "address": "844 Jackson Place, Epworth, Oklahoma, 8011",
  "about": "Minim commodo duis et consectetur dolore aliqua. Nostrud laboris minim veniam elit nulla eu dolore qui elit ut nulla dolor anim deserunt. Tempor nulla nostrud aliqua occaecat velit Lorem fugiat eiusmod. Aute ullamco est consequat culpa eiusmod tempor culpa. Velit laboris ea aute occaecat exercitation.\r\n",
  "registered": "2014-01-06T11:44:49-07:00",
  "tags": [
    "magna",
    "labore",
    "deserunt",
    "minim",
    "pariatur",
    "mollit",
    "do"
  ],
  "friends": [
    {
      "id": 0,
      "name": "Mccall Walls"
    },
    {
      "id": 1,
      "name": "Becker Bradley"
    },
    {
      "id": 2,
      "name": "Berg Barker"
    }
  ],
  "greeting": "Hello, Hobbs Mayer! You have 7 unread messages.",
  "favoriteFruit": "orange",
  "location": {
    "latitude": -22.056238,
    "longitude": 16.687311
  },
  "docFormat": "json",
  "triples": [
    {
      "triple": {
        "subject": "/sample-data/data-1354.json",
        "predicate": "http://www.w3.org/2000/01/rdf-schema#label",
        "object": "Hobbs Mayer"
      }
    },
    {
      "triple": {
        "subject": "/sample-data/data-1354.json",
        "predicate": "http://www.w3.org/1999/02/22-rdf-syntax-ns#type",
        "object": "http://xmlns.com/foaf/0.1/Person"
      }
    },
    {
      "triple": {
        "subject": "/sample-data/data-1354.json",
        "predicate": "http://xmlns.com/foaf/0.1/knows",
        "object": "/sample-data/data-2869.json"
      }
    },
    {
      "triple": {
        "subject": "/sample-data/data-1354.json",
        "predicate": "http://xmlns.com/foaf/0.1/knows",
        "object": "/sample-data/data-2058.json"
      }
    },
    {
      "triple": {
        "subject": "/sample-data/data-1354.json",
        "predicate": "http://xmlns.com/foaf/0.1/knows",
        "object": "/sample-data/data-2564.json"
      }
    }
  ]
}