{"_id":"55ee5e44b583f2a0f789f3b8","index":1041,"guid":"e28135fa-b4a3-41b7-bf0d-426d9e60b410","isActive":false,"balance":"$93,636.18","picture":"http://placehold.it/32x32","age":23,"eyeColor":"brown","name":"Kline Giles","gender":"male","company":"MITROC","email":"klinegiles@mitroc.com","phone":"+1 (854) 553-2568","address":"768 Lott Street, Ticonderoga, Texas, 8256","about":"Nostrud do ipsum eiusmod voluptate. Deserunt tempor esse pariatur do non sunt laborum enim ad excepteur aliqua enim exercitation qui. Laborum occaecat magna reprehenderit minim nulla. Tempor ut sunt culpa minim ea qui veniam. Excepteur sit ex enim Lorem esse enim pariatur exercitation tempor quis ipsum sunt enim esse. Qui fugiat nostrud aliqua id dolor laboris minim.\r\n","registered":"2014-07-16T04:29:56 -07:00","tags":["irure","aute","incididunt","magna","pariatur","velit","enim"],"friends":[{"id":0,"name":"Mckenzie Albert"},{"id":1,"name":"Valarie Lancaster"},{"id":2,"name":"Marisa Stanton"}],"greeting":"Hello, Kline Giles! You have 10 unread messages.","favoriteFruit":"apple","location":{"latitude":77.637424,"longitude":5.699091},"docFormat":"json","triples":[{"triple":{"subject":"/sample-data/data-1041.json","predicate":"http://www.w3.org/2000/01/rdf-schema#label","object":"Kline Giles"}},{"triple":{"subject":"/sample-data/data-1041.json","predicate":"http://www.w3.org/1999/02/22-rdf-syntax-ns#type","object":"http://xmlns.com/foaf/0.1/Person"}},{"triple":{"subject":"/sample-data/data-1041.json","predicate":"http://xmlns.com/foaf/0.1/knows","object":"/sample-data/data-863.json"}},{"triple":{"subject":"/sample-data/data-1041.json","predicate":"http://xmlns.com/foaf/0.1/knows","object":"/sample-data/data-1390.json"}},{"triple":{"subject":"/sample-data/data-1041.json","predicate":"http://xmlns.com/foaf/0.1/knows","object":"/sample-data/data-12.json"}}]}