{"_id":"55ee5e44e83a056f9dd126c6","index":1422,"guid":"6f1dda92-58b2-45a9-823f-ffd53082c776","isActive":true,"balance":"$39,364.95","picture":"http://placehold.it/32x32","age":70,"eyeColor":"green","name":"Gabriela Sparks","gender":"female","company":"ZILPHUR","email":"gabrielasparks@zilphur.com","phone":"+1 (977) 528-3634","address":"738 Jamison Lane, Finzel, Iowa, 5974","about":"Officia aliqua voluptate cupidatat id duis duis eiusmod cupidatat minim ipsum cupidatat officia. Consequat officia ad officia exercitation. Reprehenderit non laborum deserunt excepteur cillum. Esse exercitation quis anim nostrud ex. Lorem voluptate aliqua ipsum ad dolore et ad consectetur magna culpa. Labore laborum ipsum tempor deserunt sit dolor consequat ut.\r\n","registered":"2014-01-26T03:12:54 -07:00","tags":["aute","cupidatat","id","nisi","deserunt","do","fugiat"],"friends":[{"id":0,"name":"Branch Hartman"},{"id":1,"name":"Silva Horton"},{"id":2,"name":"Allie Beard"}],"greeting":"Hello, Gabriela Sparks! You have 5 unread messages.","favoriteFruit":"banana","location":{"latitude":-80.487775,"longitude":85.701296}}