{
  "_id": "55ee5e442fe60d045cbf95fa",
  "index": 1238,
  "guid": "cab994bc-2333-4630-843a-74da750b892c",
  "isActive": true,
  "balance": "$63,698.80",
  "picture": "http://placehold.it/32x32",
  "age": 68,
  "eyeColor": "brown",
  "name": "Solis David",
  "gender": "male",
  "company": "MAINELAND",
  "email": "solisdavid@maineland.com",
  "phone": "+1 (996) 588-2509",
  "address": "453 Alice Court, Courtland, Oklahoma, 8059",
  "about": "Irure adipisicing fugiat occaecat ex commodo. Ullamco elit dolor consequat voluptate quis ipsum dolore aute in id ullamco aliqua. Aliquip commodo ipsum exercitation nisi Lorem laborum tempor adipisicing fugiat Lorem est pariatur mollit.\r\n",
  "registered": "2014-04-10T12:13:40-07:00",
  "tags": [
    "proident",
    "laboris",
    "aute",
    "ea",
    "duis",
    "ut",
    "aliquip"
  ],
  "friends": [
    {
      "id": 0,
      "name": "Beth Rush"
    },
    {
      "id": 1,
      "name": "Bethany Hewitt"
    },
    {
      "id": 2,
      "name": "Burgess Knight"
    }
  ],
  "greeting": "Hello, Solis David! You have 9 unread messages.",
  "favoriteFruit": "apple",
  "location": {
    "latitude": -33.44522,
    "longitude": 65.606825
  },
  "docFormat": "json",
  "triples": [
    {
      "triple": {
        "subject": "/sample-data/data-1238.json",
        "predicate": "http://www.w3.org/2000/01/rdf-schema#label",
        "object": "Solis David"
      }
    },
    {
      "triple": {
        "subject": "/sample-data/data-1238.json",
        "predicate": "http://www.w3.org/1999/02/22-rdf-syntax-ns#type",
        "object": "http://xmlns.com/foaf/0.1/Person"
      }
    },
    {
      "triple": {
        "subject": "/sample-data/data-1238.json",
        "predicate": "http://xmlns.com/foaf/0.1/knows",
        "object": "/sample-data/data-2019.json"
      }
    },
    {
      "triple": {
        "subject": "/sample-data/data-1238.json",
        "predicate": "http://xmlns.com/foaf/0.1/knows",
        "object": "/sample-data/data-1930.json"
      }
    },
    {
      "triple": {
        "subject": "/sample-data/data-1238.json",
        "predicate": "http://xmlns.com/foaf/0.1/knows",
        "object": "/sample-data/data-80.json"
      }
    }
  ]
}