{"_id":"55ee5e444e43a54b1f33661c","index":1247,"guid":"c5efba1e-33ea-4820-9e0e-3ceba334ffbe","isActive":false,"balance":"$26,206.29","picture":"http://placehold.it/32x32","age":55,"eyeColor":"brown","name":"Monique Dunn","gender":"female","company":"XIIX","email":"moniquedunn@xiix.com","phone":"+1 (840) 535-2770","address":"514 Covert Street, Thermal, Montana, 5646","about":"In minim magna do deserunt anim commodo aliqua. Cillum exercitation fugiat velit enim dolor occaecat laboris dolor enim nostrud dolore quis nostrud consequat. Id cillum nulla proident cupidatat duis ex veniam qui cupidatat et et tempor proident consectetur. Quis excepteur eiusmod Lorem magna eu commodo excepteur aute irure dolore ad cillum. Amet tempor laborum aliquip ad esse ullamco adipisicing ut labore nulla proident reprehenderit. Veniam fugiat cillum incididunt laborum aliqua non duis proident incididunt laborum adipisicing velit.\r\n","registered":"2014-02-27T05:50:19 -07:00","tags":["sit","aliqua","ullamco","eu","irure","velit","culpa"],"friends":[{"id":0,"name":"Kellie Bishop"},{"id":1,"name":"Whitfield Cummings"},{"id":2,"name":"Cathleen Mcdaniel"}],"greeting":"Hello, Monique Dunn! You have 4 unread messages.","favoriteFruit":"banana","location":{"latitude":-72.478778,"longitude":176.526768},"docFormat":"json"}