{
  "_id": "55ee5e448dc5f241aaf9044c",
  "index": 1224,
  "guid": "db62a40b-b476-45ee-a1d3-63f2e4a58939",
  "isActive": true,
  "balance": "$82,253.75",
  "picture": "http://placehold.it/32x32",
  "age": 24,
  "eyeColor": "blue",
  "name": "Case Avery",
  "gender": "male",
  "company": "EVENTEX",
  "email": "caseavery@eventex.com",
  "phone": "+1 (912) 489-3763",
  "address": "905 Vermont Street, Benson, Alabama, 5710",
  "about": "Officia laborum commodo nulla ipsum quis dolor est occaecat. Nostrud velit est ea consectetur ut fugiat magna reprehenderit minim qui veniam. Tempor et incididunt consequat excepteur ad quis elit tempor quis. Velit culpa commodo nisi Lorem enim ad. Amet nisi do quis aliqua amet reprehenderit incididunt aliqua mollit reprehenderit veniam.\r\n",
  "registered": "2014-02-10T06:52:27-07:00",
  "tags": [
    "elit",
    "mollit",
    "sint",
    "eiusmod",
    "elit",
    "consectetur",
    "exercitation"
  ],
  "friends": [
    {
      "id": 0,
      "name": "Morris Guerra"
    },
    {
      "id": 1,
      "name": "Clemons Lynch"
    },
    {
      "id": 2,
      "name": "Stark Buck"
    }
  ],
  "greeting": "Hello, Case Avery! You have 2 unread messages.",
  "favoriteFruit": "apple",
  "location": {
    "latitude": -46.709229,
    "longitude": -136.527087
  },
  "docFormat": "json",
  "triples": [
    {
      "triple": {
        "subject": "/sample-data/data-1224.json",
        "predicate": "http://www.w3.org/2000/01/rdf-schema#label",
        "object": "Case Avery"
      }
    },
    {
      "triple": {
        "subject": "/sample-data/data-1224.json",
        "predicate": "http://www.w3.org/1999/02/22-rdf-syntax-ns#type",
        "object": "http://xmlns.com/foaf/0.1/Person"
      }
    },
    {
      "triple": {
        "subject": "/sample-data/data-1224.json",
        "predicate": "http://xmlns.com/foaf/0.1/knows",
        "object": "/sample-data/data-1777.json"
      }
    },
    {
      "triple": {
        "subject": "/sample-data/data-1224.json",
        "predicate": "http://xmlns.com/foaf/0.1/knows",
        "object": "/sample-data/data-2895.json"
      }
    },
    {
      "triple": {
        "subject": "/sample-data/data-1224.json",
        "predicate": "http://xmlns.com/foaf/0.1/knows",
        "object": "/sample-data/data-2725.json"
      }
    }
  ]
}