{
  "_id": "55ee5e448b16fdee06525bb3",
  "index": 1071,
  "guid": "53106cd8-1d55-4d4a-875b-36d29a244ded",
  "isActive": false,
  "balance": "$35,000.05",
  "picture": "http://placehold.it/32x32",
  "age": 27,
  "eyeColor": "green",
  "name": "Serena Elliott",
  "gender": "female",
  "company": "AQUOAVO",
  "email": "serenaelliott@aquoavo.com",
  "phone": "+1 (955) 565-2690",
  "address": "300 College Place, Lloyd, Hawaii, 7167",
  "about": "Ex amet tempor sunt aliqua magna deserunt sint nisi. Sunt nostrud excepteur ullamco ut duis in consectetur excepteur aliqua eu irure eiusmod enim. Minim ut irure quis excepteur mollit voluptate duis consequat eu. Aliquip aliqua aliqua sint reprehenderit Lorem consectetur laborum ex ad.\r\n",
  "registered": "2014-01-20T06:38:57-07:00",
  "tags": [
    "aute",
    "fugiat",
    "cillum",
    "voluptate",
    "commodo",
    "aliqua",
    "exercitation"
  ],
  "friends": [
    {
      "id": 0,
      "name": "Miller Moss"
    },
    {
      "id": 1,
      "name": "Michael Knapp"
    },
    {
      "id": 2,
      "name": "Rochelle Bernard"
    }
  ],
  "greeting": "Hello, Serena Elliott! You have 6 unread messages.",
  "favoriteFruit": "pear",
  "location": {
    "latitude": -68.125374,
    "longitude": -168.335646
  },
  "docFormat": "json",
  "triples": [
    {
      "triple": {
        "subject": "/sample-data/data-1071.json",
        "predicate": "http://www.w3.org/2000/01/rdf-schema#label",
        "object": "Serena Elliott"
      }
    },
    {
      "triple": {
        "subject": "/sample-data/data-1071.json",
        "predicate": "http://www.w3.org/1999/02/22-rdf-syntax-ns#type",
        "object": "http://xmlns.com/foaf/0.1/Person"
      }
    },
    {
      "triple": {
        "subject": "/sample-data/data-1071.json",
        "predicate": "http://xmlns.com/foaf/0.1/knows",
        "object": "/sample-data/data-930.json"
      }
    },
    {
      "triple": {
        "subject": "/sample-data/data-1071.json",
        "predicate": "http://xmlns.com/foaf/0.1/knows",
        "object": "/sample-data/data-1115.json"
      }
    },
    {
      "triple": {
        "subject": "/sample-data/data-1071.json",
        "predicate": "http://xmlns.com/foaf/0.1/knows",
        "object": "/sample-data/data-689.json"
      }
    }
  ]
}