{
  "_id": "55ee5e4464bc7c9dd58ffa93",
  "index": 1162,
  "guid": "042f5383-e1c2-4387-8b02-e9844ebb5d18",
  "isActive": true,
  "balance": "$4,616.37",
  "picture": "http://placehold.it/32x32",
  "age": 46,
  "eyeColor": "green",
  "name": "Selma Swanson",
  "gender": "female",
  "company": "ANOCHA",
  "email": "selmaswanson@anocha.com",
  "phone": "+1 (915) 438-3196",
  "address": "458 Gelston Avenue, Kaka, Maine, 7418",
  "about": "Veniam amet officia ea duis consectetur. Exercitation do do amet ad labore adipisicing. Est officia nulla non ipsum veniam ea reprehenderit duis nisi consequat pariatur occaecat ullamco. Consectetur proident commodo adipisicing mollit non aliqua et aliqua.\r\n",
  "registered": "2015-05-17T07:50:58-07:00",
  "tags": [
    "cillum",
    "officia",
    "nostrud",
    "amet",
    "ex",
    "cupidatat",
    "eu"
  ],
  "friends": [
    {
      "id": 0,
      "name": "Alexandra Hutchinson"
    },
    {
      "id": 1,
      "name": "Rhoda Barber"
    },
    {
      "id": 2,
      "name": "Whitaker Salazar"
    }
  ],
  "greeting": "Hello, Selma Swanson! You have 6 unread messages.",
  "favoriteFruit": "pear",
  "location": {
    "latitude": -44.381946,
    "longitude": 45.068694
  },
  "docFormat": "json",
  "triples": [
    {
      "triple": {
        "subject": "/sample-data/data-1162.json",
        "predicate": "http://www.w3.org/2000/01/rdf-schema#label",
        "object": "Selma Swanson"
      }
    },
    {
      "triple": {
        "subject": "/sample-data/data-1162.json",
        "predicate": "http://www.w3.org/1999/02/22-rdf-syntax-ns#type",
        "object": "http://xmlns.com/foaf/0.1/Person"
      }
    },
    {
      "triple": {
        "subject": "/sample-data/data-1162.json",
        "predicate": "http://xmlns.com/foaf/0.1/knows",
        "object": "/sample-data/data-173.json"
      }
    },
    {
      "triple": {
        "subject": "/sample-data/data-1162.json",
        "predicate": "http://xmlns.com/foaf/0.1/knows",
        "object": "/sample-data/data-2733.json"
      }
    },
    {
      "triple": {
        "subject": "/sample-data/data-1162.json",
        "predicate": "http://xmlns.com/foaf/0.1/knows",
        "object": "/sample-data/data-2089.json"
      }
    }
  ]
}