{
  "_id": "55ee5e44f5accf4fb6628394",
  "index": 1077,
  "guid": "fa1e3eb4-47c4-4291-be08-db9ceb16611d",
  "isActive": false,
  "balance": "$30,639.24",
  "picture": "http://placehold.it/32x32",
  "age": 59,
  "eyeColor": "brown",
  "name": "Haley Vaughn",
  "gender": "female",
  "company": "ZENOLUX",
  "email": "haleyvaughn@zenolux.com",
  "phone": "+1 (881) 452-2291",
  "address": "914 Calder Place, Bordelonville, Connecticut, 9461",
  "about": "Excepteur qui ullamco cupidatat sint cupidatat. Ipsum excepteur dolor adipisicing et duis elit consectetur voluptate cupidatat eu eu. Nostrud tempor eiusmod reprehenderit dolor ut duis dolore ipsum ullamco incididunt enim. Commodo magna est eu amet consectetur eu ea esse adipisicing nulla adipisicing.\r\n",
  "registered": "2015-03-20T02:00:07-07:00",
  "tags": [
    "cillum",
    "aliquip",
    "dolore",
    "consequat",
    "adipisicing",
    "exercitation",
    "irure"
  ],
  "friends": [
    {
      "id": 0,
      "name": "Janelle Malone"
    },
    {
      "id": 1,
      "name": "Robert Dixon"
    },
    {
      "id": 2,
      "name": "Nannie Crawford"
    }
  ],
  "greeting": "Hello, Haley Vaughn! You have 10 unread messages.",
  "favoriteFruit": "pear",
  "location": {
    "latitude": 86.408685,
    "longitude": -55.30594
  },
  "docFormat": "json",
  "triples": [
    {
      "triple": {
        "subject": "/sample-data/data-1077.json",
        "predicate": "http://www.w3.org/2000/01/rdf-schema#label",
        "object": "Haley Vaughn"
      }
    },
    {
      "triple": {
        "subject": "/sample-data/data-1077.json",
        "predicate": "http://www.w3.org/1999/02/22-rdf-syntax-ns#type",
        "object": "http://xmlns.com/foaf/0.1/Person"
      }
    },
    {
      "triple": {
        "subject": "/sample-data/data-1077.json",
        "predicate": "http://xmlns.com/foaf/0.1/knows",
        "object": "/sample-data/data-336.json"
      }
    },
    {
      "triple": {
        "subject": "/sample-data/data-1077.json",
        "predicate": "http://xmlns.com/foaf/0.1/knows",
        "object": "/sample-data/data-532.json"
      }
    },
    {
      "triple": {
        "subject": "/sample-data/data-1077.json",
        "predicate": "http://xmlns.com/foaf/0.1/knows",
        "object": "/sample-data/data-213.json"
      }
    }
  ]
}