{"_id":"55ee5e44208d45dc68c57904","index":1229,"guid":"ba82edee-a2b2-4ed1-ac1f-86303fee07cc","isActive":true,"balance":"$99,033.35","picture":"http://placehold.it/32x32","age":24,"eyeColor":"brown","name":"Ester Cameron","gender":"female","company":"EYERIS","email":"estercameron@eyeris.com","phone":"+1 (841) 459-2666","address":"110 Fayette Street, Floris, California, 8796","about":"Exercitation tempor fugiat voluptate esse nostrud quis aliqua quis. Dolore eiusmod culpa ea excepteur ex incididunt cillum adipisicing esse duis labore do. Sunt excepteur fugiat commodo velit mollit adipisicing elit. Dolor qui culpa labore laboris Lorem dolor ad sunt enim exercitation sunt velit minim nostrud.\r\n","registered":"2014-07-08T06:07:55 -07:00","tags":["laboris","aliqua","eu","consequat","duis","incididunt","anim"],"friends":[{"id":0,"name":"Guzman Gates"},{"id":1,"name":"Payne Anderson"},{"id":2,"name":"Schultz Salas"}],"greeting":"Hello, Ester Cameron! You have 8 unread messages.","favoriteFruit":"banana","location":{"latitude":71.449145,"longitude":63.284524},"docFormat":"json"}