{"_id":"55ee5e44f09139a2d3ed8961","index":1233,"guid":"21a617f5-22af-4e42-b715-f71dd3731409","isActive":true,"balance":"$29,974.82","picture":"http://placehold.it/32x32","age":69,"eyeColor":"blue","name":"Kate Mathis","gender":"female","company":"BUGSALL","email":"katemathis@bugsall.com","phone":"+1 (978) 513-3404","address":"968 Schenck Court, Leyner, South Dakota, 8821","about":"Id ea cillum labore est ex consequat enim eu pariatur reprehenderit. Magna ipsum sunt veniam consectetur. Officia voluptate proident deserunt nostrud nostrud adipisicing in excepteur et duis veniam nulla velit. Cillum id eiusmod dolor ut fugiat laboris.\r\n","registered":"2014-10-05T08:46:19 -07:00","tags":["occaecat","quis","nostrud","non","labore","enim","ad"],"friends":[{"id":0,"name":"Georgette Haley"},{"id":1,"name":"Zimmerman Williamson"},{"id":2,"name":"Maribel Mayo"}],"greeting":"Hello, Kate Mathis! You have 4 unread messages.","favoriteFruit":"strawberry","location":{"latitude":-11.043566,"longitude":137.765566},"docFormat":"json"}