{"_id":"55ee5e44a2ed851ed6675139","index":1113,"guid":"0824721c-a35b-4873-9341-e82f962301a1","isActive":false,"balance":"$11,478.28","picture":"http://placehold.it/32x32","age":36,"eyeColor":"blue","name":"Neal Atkins","gender":"male","company":"NITRACYR","email":"nealatkins@nitracyr.com","phone":"+1 (811) 502-3577","address":"781 Garden Place, Wilmington, California, 7535","about":"Occaecat deserunt ipsum officia duis id adipisicing in sit tempor ullamco sint proident incididunt dolor. Sunt veniam deserunt elit commodo officia incididunt esse ea eu qui. Nostrud labore consequat ea minim velit excepteur ipsum cillum tempor exercitation. Nulla ipsum nostrud exercitation occaecat id minim amet enim exercitation nostrud eu velit. Velit et irure aliquip eiusmod dolor labore sint elit enim qui incididunt est cillum. Commodo anim quis magna mollit amet qui minim pariatur id ad velit laboris consectetur.\r\n","registered":"2014-05-10T08:56:05 -07:00","tags":["aute","consequat","dolor","velit","incididunt","magna","duis"],"friends":[{"id":0,"name":"Harriett Dickson"},{"id":1,"name":"Valencia Chavez"},{"id":2,"name":"Rasmussen Chase"}],"greeting":"Hello, Neal Atkins! You have 9 unread messages.","favoriteFruit":"apple","location":{"latitude":21.977014,"longitude":-86.073824}}