{"_id":"55ee5e4478a6dd35303f0f3c","index":1385,"guid":"17f99a13-bc30-42af-afc9-d8bcfb502c24","isActive":false,"balance":"$17,746.57","picture":"http://placehold.it/32x32","age":54,"eyeColor":"brown","name":"Beatriz Griffith","gender":"female","company":"MONDICIL","email":"beatrizgriffith@mondicil.com","phone":"+1 (816) 488-2062","address":"760 Exeter Street, Yorklyn, Palau, 5150","about":"Irure nisi anim minim ea est laborum aliqua sint anim ipsum. Laboris fugiat reprehenderit velit voluptate. Non non ad Lorem ullamco laborum. Fugiat anim magna non ea occaecat sint voluptate irure eu fugiat elit adipisicing eiusmod. Aliqua consequat minim officia sit. Aliquip veniam exercitation ut ex incididunt.\r\n","registered":"2014-03-22T09:45:59 -07:00","tags":["proident","cupidatat","adipisicing","dolore","ut","eiusmod","non"],"friends":[{"id":0,"name":"Christian Buchanan"},{"id":1,"name":"Jackie Camacho"},{"id":2,"name":"Hensley Holt"}],"greeting":"Hello, Beatriz Griffith! You have 6 unread messages.","favoriteFruit":"apple","location":{"latitude":-15.478889,"longitude":-6.351001},"docFormat":"json","triples":[{"triple":{"subject":"/sample-data/data-1385.json","predicate":"http://www.w3.org/2000/01/rdf-schema#label","object":"Beatriz Griffith"}},{"triple":{"subject":"/sample-data/data-1385.json","predicate":"http://www.w3.org/1999/02/22-rdf-syntax-ns#type","object":"http://xmlns.com/foaf/0.1/Person"}},{"triple":{"subject":"/sample-data/data-1385.json","predicate":"http://xmlns.com/foaf/0.1/knows","object":"/sample-data/data-73.json"}},{"triple":{"subject":"/sample-data/data-1385.json","predicate":"http://xmlns.com/foaf/0.1/knows","object":"/sample-data/data-203.json"}},{"triple":{"subject":"/sample-data/data-1385.json","predicate":"http://xmlns.com/foaf/0.1/knows","object":"/sample-data/data-448.json"}}]}