{
  "_id": "55ee5e443a12b534c4f6d992",
  "index": 1034,
  "guid": "e4d9f800-94b1-4070-903c-80ce5b886845",
  "isActive": false,
  "balance": "$64,042.52",
  "picture": "http://placehold.it/32x32",
  "age": 27,
  "eyeColor": "blue",
  "name": "Carole Stafford",
  "gender": "female",
  "company": "ZIDOX",
  "email": "carolestafford@zidox.com",
  "phone": "+1 (818) 453-2961",
  "address": "189 McKibbin Street, Condon, North Dakota, 7425",
  "about": "Nisi do ea commodo nulla minim velit tempor reprehenderit pariatur nulla occaecat tempor commodo Lorem. Nisi esse esse sint do. Magna ipsum mollit enim proident qui mollit proident. In laborum voluptate aliqua amet voluptate adipisicing dolor culpa incididunt reprehenderit. Magna excepteur aute ipsum anim adipisicing sunt adipisicing id voluptate officia.\r\n",
  "registered": "2015-02-23T11:57:01-07:00",
  "tags": [
    "id",
    "exercitation",
    "duis",
    "est",
    "commodo",
    "cupidatat",
    "dolor"
  ],
  "friends": [
    {
      "id": 0,
      "name": "Soto Randolph"
    },
    {
      "id": 1,
      "name": "Ethel Ramsey"
    },
    {
      "id": 2,
      "name": "Tia Sanders"
    }
  ],
  "greeting": "Hello, Carole Stafford! You have 8 unread messages.",
  "favoriteFruit": "orange",
  "location": {
    "latitude": 51.490807,
    "longitude": 103.078753
  },
  "docFormat": "json",
  "triples": [
    {
      "triple": {
        "subject": "/sample-data/data-1034.json",
        "predicate": "http://www.w3.org/2000/01/rdf-schema#label",
        "object": "Carole Stafford"
      }
    },
    {
      "triple": {
        "subject": "/sample-data/data-1034.json",
        "predicate": "http://www.w3.org/1999/02/22-rdf-syntax-ns#type",
        "object": "http://xmlns.com/foaf/0.1/Person"
      }
    },
    {
      "triple": {
        "subject": "/sample-data/data-1034.json",
        "predicate": "http://xmlns.com/foaf/0.1/knows",
        "object": "/sample-data/data-1446.json"
      }
    },
    {
      "triple": {
        "subject": "/sample-data/data-1034.json",
        "predicate": "http://xmlns.com/foaf/0.1/knows",
        "object": "/sample-data/data-1732.json"
      }
    },
    {
      "triple": {
        "subject": "/sample-data/data-1034.json",
        "predicate": "http://xmlns.com/foaf/0.1/knows",
        "object": "/sample-data/data-1734.json"
      }
    }
  ]
}