{"_id":"55ee5e44778202845ed0b65a","index":1273,"guid":"3b9f214b-5315-4e2b-8ea8-5af350f57879","isActive":true,"balance":"$8,090.63","picture":"http://placehold.it/32x32","age":36,"eyeColor":"blue","name":"Chan Bowen","gender":"male","company":"KOZGENE","email":"chanbowen@kozgene.com","phone":"+1 (812) 517-2888","address":"155 Brightwater Avenue, Tuttle, Texas, 286","about":"Ut mollit ipsum eiusmod dolor fugiat amet eiusmod proident ea irure proident ex aliqua. Laboris ullamco id reprehenderit consectetur sint voluptate exercitation qui qui ut do eiusmod. Deserunt sit dolor eiusmod deserunt laboris quis tempor ullamco. Magna esse veniam incididunt culpa consectetur elit officia. Culpa veniam id exercitation minim commodo. Commodo aute aliquip velit non nulla anim tempor aute cillum fugiat pariatur elit.\r\n","registered":"2015-07-02T08:20:54 -07:00","tags":["voluptate","et","deserunt","consequat","et","ex","reprehenderit"],"friends":[{"id":0,"name":"Cobb Black"},{"id":1,"name":"Ryan Oneil"},{"id":2,"name":"Hardy Mcgowan"}],"greeting":"Hello, Chan Bowen! You have 1 unread messages.","favoriteFruit":"banana","location":{"latitude":31.390107,"longitude":-82.822667}}