{"_id":"55ee5e44f722218e8dc0ada1","index":1279,"guid":"f54a5414-40ac-4b3b-9f7f-0e2bbc33a439","isActive":true,"balance":"$51,305.97","picture":"http://placehold.it/32x32","age":61,"eyeColor":"green","name":"Ada Daniels","gender":"female","company":"KLUGGER","email":"adadaniels@klugger.com","phone":"+1 (929) 407-3594","address":"970 Butler Place, Dubois, Northern Mariana Islands, 4764","about":"Eu aliqua cillum veniam et consectetur esse dolor eiusmod sunt laboris ad culpa. Officia amet consectetur elit sint ad excepteur duis minim tempor occaecat mollit in sit. Reprehenderit exercitation proident culpa ad.\r\n","registered":"2014-01-09T11:12:01 -07:00","tags":["Lorem","eiusmod","occaecat","anim","veniam","tempor","aliqua"],"friends":[{"id":0,"name":"Cline Crosby"},{"id":1,"name":"Rodriguez Waller"},{"id":2,"name":"Sherry Mendez"}],"greeting":"Hello, Ada Daniels! You have 2 unread messages.","favoriteFruit":"orange","location":{"latitude":-6.522829,"longitude":37.289065}}