{
  "_id": "55ee5e44fb190f1bb5a738d9",
  "index": 1365,
  "guid": "29e7365a-444e-45b5-a591-22de7d6c8725",
  "isActive": false,
  "balance": "$64,408.69",
  "picture": "http://placehold.it/32x32",
  "age": 23,
  "eyeColor": "green",
  "name": "Gilda Mcmahon",
  "gender": "female",
  "company": "JIMBIES",
  "email": "gildamcmahon@jimbies.com",
  "phone": "+1 (887) 549-3122",
  "address": "544 Dewitt Avenue, Wintersburg, Indiana, 8131",
  "about": "Officia aute magna officia amet qui et incididunt sunt adipisicing nostrud minim. Reprehenderit voluptate minim eu nulla cupidatat. Amet irure eu ea non adipisicing exercitation consectetur cupidatat. Cillum excepteur voluptate ipsum incididunt labore amet eiusmod sint nulla labore culpa duis pariatur. Officia nulla aliqua ut ex id ullamco magna ex ullamco laborum consectetur culpa Lorem fugiat.\r\n",
  "registered": "2014-10-07T09:45:28-07:00",
  "tags": [
    "tempor",
    "laborum",
    "quis",
    "sit",
    "ex",
    "aliqua",
    "do"
  ],
  "friends": [
    {
      "id": 0,
      "name": "Leona Case"
    },
    {
      "id": 1,
      "name": "Taylor Obrien"
    },
    {
      "id": 2,
      "name": "Fulton Morse"
    }
  ],
  "greeting": "Hello, Gilda Mcmahon! You have 3 unread messages.",
  "favoriteFruit": "apple",
  "location": {
    "latitude": 83.321542,
    "longitude": -164.491212
  },
  "docFormat": "json",
  "triples": [
    {
      "triple": {
        "subject": "/sample-data/data-1365.json",
        "predicate": "http://www.w3.org/2000/01/rdf-schema#label",
        "object": "Gilda Mcmahon"
      }
    },
    {
      "triple": {
        "subject": "/sample-data/data-1365.json",
        "predicate": "http://www.w3.org/1999/02/22-rdf-syntax-ns#type",
        "object": "http://xmlns.com/foaf/0.1/Person"
      }
    },
    {
      "triple": {
        "subject": "/sample-data/data-1365.json",
        "predicate": "http://xmlns.com/foaf/0.1/knows",
        "object": "/sample-data/data-1158.json"
      }
    },
    {
      "triple": {
        "subject": "/sample-data/data-1365.json",
        "predicate": "http://xmlns.com/foaf/0.1/knows",
        "object": "/sample-data/data-2007.json"
      }
    },
    {
      "triple": {
        "subject": "/sample-data/data-1365.json",
        "predicate": "http://xmlns.com/foaf/0.1/knows",
        "object": "/sample-data/data-1656.json"
      }
    }
  ]
}