{"_id":"55ee5e44b35c64527264c4ae","index":1045,"guid":"54fb08d8-9a0a-44ec-994e-7332a2e10294","isActive":true,"balance":"$76,478.53","picture":"http://placehold.it/32x32","age":36,"eyeColor":"brown","name":"Rowe Stephenson","gender":"male","company":"METROZ","email":"rowestephenson@metroz.com","phone":"+1 (934) 433-2439","address":"834 Halsey Street, Orin, Missouri, 1703","about":"Fugiat duis ipsum nostrud magna sint proident nulla. Officia minim ex nisi amet duis commodo sint sit adipisicing Lorem dolore qui fugiat in. Enim id fugiat eu laborum aute esse eu qui anim. Et adipisicing voluptate est ullamco id enim amet.\r\n","registered":"2015-07-02T05:41:45 -07:00","tags":["aliqua","nulla","duis","consequat","tempor","reprehenderit","et"],"friends":[{"id":0,"name":"Patricia Avila"},{"id":1,"name":"Lily Cobb"},{"id":2,"name":"Dianne Hensley"}],"greeting":"Hello, Rowe Stephenson! You have 6 unread messages.","favoriteFruit":"apple","location":{"latitude":-35.937919,"longitude":-53.210499}}