{"_id":"55ee5e44486267b4d6844910","index":1114,"guid":"e796dfdc-d997-43fb-91ce-7c4225a2e948","isActive":false,"balance":"$2,842.11","picture":"http://placehold.it/32x32","age":45,"eyeColor":"green","name":"Fletcher Moore","gender":"male","company":"VIRVA","email":"fletchermoore@virva.com","phone":"+1 (922) 509-2167","address":"311 Shale Street, Fairlee, Oregon, 5645","about":"Tempor dolor ullamco duis id aliqua eiusmod in esse excepteur consequat laborum anim. Proident do anim commodo cillum minim irure sint anim et proident reprehenderit fugiat consectetur tempor. Consequat eu minim do sit fugiat officia do eiusmod mollit officia sint culpa consequat. Ea et dolor id reprehenderit amet ex eu consequat fugiat quis pariatur exercitation. Nostrud incididunt ad amet ut proident do est adipisicing elit est consectetur ad sunt pariatur. Dolore sit fugiat duis ipsum ut do magna.\r\n","registered":"2015-06-18T05:18:49 -07:00","tags":["laborum","elit","eu","Lorem","in","est","mollit"],"friends":[{"id":0,"name":"Bishop Robles"},{"id":1,"name":"Bruce Scott"},{"id":2,"name":"Acevedo Sweet"}],"greeting":"Hello, Fletcher Moore! You have 1 unread messages.","favoriteFruit":"pear","location":{"latitude":12.256277,"longitude":110.16583}}