{"_id":"55ee5e4483a2dc689b760b07","index":1256,"guid":"f961a0a9-a122-489c-bbc3-dd6f39ee3d09","isActive":true,"balance":"$51,390.38","picture":"http://placehold.it/32x32","age":33,"eyeColor":"green","name":"Potts Shaffer","gender":"male","company":"JAMNATION","email":"pottsshaffer@jamnation.com","phone":"+1 (850) 591-3005","address":"533 Throop Avenue, Reinerton, Wisconsin, 8477","about":"Sint nisi elit excepteur sint cillum enim anim aliqua laboris deserunt ad ipsum adipisicing proident. Sunt laboris cillum sint est sit occaecat sit in qui esse esse eu irure. Sint excepteur id excepteur eiusmod aute ad do adipisicing aliquip mollit non laborum.\r\n","registered":"2015-05-11T10:06:11 -07:00","tags":["proident","velit","deserunt","aliqua","nostrud","nisi","quis"],"friends":[{"id":0,"name":"Sanchez Ball"},{"id":1,"name":"Nanette Foley"},{"id":2,"name":"Henry Ortiz"}],"greeting":"Hello, Potts Shaffer! You have 8 unread messages.","favoriteFruit":"orange","location":{"latitude":-51.477551,"longitude":80.323962}}