{"_id":"55ee5e44eba91fd076ef2a94","index":1150,"guid":"48a9bb90-878c-493f-8915-bc8c29ddb6e9","isActive":true,"balance":"$94,810.35","picture":"http://placehold.it/32x32","age":66,"eyeColor":"blue","name":"Heather Anthony","gender":"female","company":"COMBOT","email":"heatheranthony@combot.com","phone":"+1 (866) 453-3166","address":"463 Hoyt Street, Emerald, North Dakota, 3077","about":"Occaecat ullamco occaecat Lorem deserunt officia. In cupidatat do enim reprehenderit enim aliqua nulla consectetur deserunt. Id qui veniam non in officia tempor velit voluptate culpa mollit adipisicing exercitation. Cupidatat ipsum incididunt exercitation magna magna pariatur duis. Proident anim do proident tempor anim ea incididunt aliqua veniam est cupidatat ullamco.\r\n","registered":"2014-08-31T02:23:32 -07:00","tags":["sit","laboris","magna","non","eu","incididunt","officia"],"friends":[{"id":0,"name":"Ernestine Reese"},{"id":1,"name":"Cantu Osborn"},{"id":2,"name":"Celia Oliver"}],"greeting":"Hello, Heather Anthony! You have 9 unread messages.","favoriteFruit":"strawberry","location":{"latitude":-80.92136,"longitude":-47.980761},"docFormat":"json"}