{"_id":"55ee5e446b85c6e5060ad69b","index":1170,"guid":"02a6954f-9765-49f2-820a-98c2b6574693","isActive":false,"balance":"$91,115.69","picture":"http://placehold.it/32x32","age":59,"eyeColor":"green","name":"Inez Alvarado","gender":"female","company":"BRAINQUIL","email":"inezalvarado@brainquil.com","phone":"+1 (814) 511-2053","address":"397 Provost Street, Carrizo, Vermont, 5952","about":"Laborum enim amet adipisicing laboris deserunt nulla commodo occaecat. Occaecat incididunt aliquip reprehenderit id dolor elit ullamco non. Consequat irure cupidatat nisi et nostrud mollit consequat magna velit cillum culpa nisi ea. Ipsum minim laborum ut veniam quis sint laboris voluptate laboris cupidatat. Veniam non veniam irure sunt amet est. Id exercitation aute in laboris aliqua ex elit cupidatat ad sunt qui nulla exercitation commodo.\r\n","registered":"2014-11-26T10:31:02 -07:00","tags":["sint","ex","do","nostrud","tempor","reprehenderit","culpa"],"friends":[{"id":0,"name":"Palmer Compton"},{"id":1,"name":"Susanne Wilkinson"},{"id":2,"name":"Dorothea Warner"}],"greeting":"Hello, Inez Alvarado! You have 2 unread messages.","favoriteFruit":"banana","location":{"latitude":-15.736165,"longitude":83.87656},"docFormat":"json"}