{
  "_id": "55ee5e443449a0780d1471c8",
  "index": 1274,
  "guid": "34fdbef6-546b-4e25-86b1-50db68050d14",
  "isActive": true,
  "balance": "$82,146.51",
  "picture": "http://placehold.it/32x32",
  "age": 52,
  "eyeColor": "brown",
  "name": "Figueroa Conner",
  "gender": "male",
  "company": "ZENSURE",
  "email": "figueroaconner@zensure.com",
  "phone": "+1 (903) 598-2380",
  "address": "633 Bristol Street, Chloride, Virgin Islands, 1416",
  "about": "Pariatur velit consequat id cupidatat reprehenderit tempor in occaecat ullamco. Occaecat eiusmod Lorem nulla tempor culpa anim minim in. Incididunt officia in reprehenderit laboris labore. Nostrud sit incididunt elit enim irure non irure esse magna. Adipisicing in ea sunt elit aliquip cillum consequat adipisicing veniam veniam dolore Lorem non elit. Sit dolor culpa elit duis reprehenderit magna cupidatat consectetur amet esse.\r\n",
  "registered": "2014-08-23T10:37:24-07:00",
  "tags": [
    "mollit",
    "tempor",
    "laborum",
    "sint",
    "sit",
    "qui",
    "deserunt"
  ],
  "friends": [
    {
      "id": 0,
      "name": "Elvia Payne"
    },
    {
      "id": 1,
      "name": "Butler Cooper"
    },
    {
      "id": 2,
      "name": "Irwin Webster"
    }
  ],
  "greeting": "Hello, Figueroa Conner! You have 2 unread messages.",
  "favoriteFruit": "strawberry",
  "location": {
    "latitude": 31.708298,
    "longitude": -164.254385
  },
  "docFormat": "json",
  "triples": [
    {
      "triple": {
        "subject": "/sample-data/data-1274.json",
        "predicate": "http://www.w3.org/2000/01/rdf-schema#label",
        "object": "Figueroa Conner"
      }
    },
    {
      "triple": {
        "subject": "/sample-data/data-1274.json",
        "predicate": "http://www.w3.org/1999/02/22-rdf-syntax-ns#type",
        "object": "http://xmlns.com/foaf/0.1/Person"
      }
    },
    {
      "triple": {
        "subject": "/sample-data/data-1274.json",
        "predicate": "http://xmlns.com/foaf/0.1/knows",
        "object": "/sample-data/data-2025.json"
      }
    },
    {
      "triple": {
        "subject": "/sample-data/data-1274.json",
        "predicate": "http://xmlns.com/foaf/0.1/knows",
        "object": "/sample-data/data-785.json"
      }
    },
    {
      "triple": {
        "subject": "/sample-data/data-1274.json",
        "predicate": "http://xmlns.com/foaf/0.1/knows",
        "object": "/sample-data/data-2549.json"
      }
    }
  ]
}