{
  "_id": "55ee5e44631dec0676394ca9",
  "index": 1175,
  "guid": "2a11fda3-1914-4746-a6fe-cca2f951069e",
  "isActive": false,
  "balance": "$84,543.00",
  "picture": "http://placehold.it/32x32",
  "age": 61,
  "eyeColor": "green",
  "name": "Huber Koch",
  "gender": "male",
  "company": "XIXAN",
  "email": "huberkoch@xixan.com",
  "phone": "+1 (848) 428-3099",
  "address": "654 Middleton Street, Coloma, South Dakota, 8333",
  "about": "Ut ullamco deserunt cillum officia ea nisi ullamco velit qui voluptate aliquip qui non. Ut esse dolore duis sit amet. Deserunt amet minim laboris velit sunt mollit eiusmod sunt id ullamco laboris. Qui et reprehenderit do cillum mollit nostrud excepteur qui cillum ex fugiat. Laborum et anim deserunt est deserunt incididunt cillum ex amet quis ex irure. Laborum elit anim dolore adipisicing laborum ut. Magna aute irure et irure ex eu dolore qui.\r\n",
  "registered": "2014-11-26T03:56:36-07:00",
  "tags": [
    "laboris",
    "veniam",
    "fugiat",
    "eiusmod",
    "cupidatat",
    "aliqua",
    "minim"
  ],
  "friends": [
    {
      "id": 0,
      "name": "Castro Trujillo"
    },
    {
      "id": 1,
      "name": "Earlene Mercer"
    },
    {
      "id": 2,
      "name": "Lamb England"
    }
  ],
  "greeting": "Hello, Huber Koch! You have 10 unread messages.",
  "favoriteFruit": "apple",
  "location": {
    "latitude": -83.216065,
    "longitude": -32.948434
  },
  "docFormat": "json",
  "triples": [
    {
      "triple": {
        "subject": "/sample-data/data-1175.json",
        "predicate": "http://www.w3.org/2000/01/rdf-schema#label",
        "object": "Huber Koch"
      }
    },
    {
      "triple": {
        "subject": "/sample-data/data-1175.json",
        "predicate": "http://www.w3.org/1999/02/22-rdf-syntax-ns#type",
        "object": "http://xmlns.com/foaf/0.1/Person"
      }
    },
    {
      "triple": {
        "subject": "/sample-data/data-1175.json",
        "predicate": "http://xmlns.com/foaf/0.1/knows",
        "object": "/sample-data/data-982.json"
      }
    },
    {
      "triple": {
        "subject": "/sample-data/data-1175.json",
        "predicate": "http://xmlns.com/foaf/0.1/knows",
        "object": "/sample-data/data-1318.json"
      }
    },
    {
      "triple": {
        "subject": "/sample-data/data-1175.json",
        "predicate": "http://xmlns.com/foaf/0.1/knows",
        "object": "/sample-data/data-932.json"
      }
    }
  ]
}