{"_id":"55ee5e4465ba9f773f3415d5","index":1414,"guid":"29a93bc0-3ad6-451d-9f27-be6e5fbcad50","isActive":false,"balance":"$73,383.30","picture":"http://placehold.it/32x32","age":43,"eyeColor":"blue","name":"Murray Duran","gender":"male","company":"CONCILITY","email":"murrayduran@concility.com","phone":"+1 (877) 452-3040","address":"907 Barbey Street, Blairstown, Federated States Of Micronesia, 9883","about":"Tempor magna incididunt veniam et ullamco ut exercitation commodo fugiat non pariatur incididunt fugiat. Exercitation in in officia laborum qui reprehenderit exercitation et consectetur eiusmod duis laborum non excepteur. Deserunt laboris adipisicing nulla consequat et sit cupidatat quis enim ullamco tempor. Esse in reprehenderit labore fugiat tempor sit in ea irure culpa reprehenderit minim excepteur. Dolor ut occaecat irure esse eiusmod nostrud. Cillum pariatur eu sunt nulla tempor sint deserunt aliquip. Tempor quis voluptate ex elit irure enim pariatur laborum proident culpa.\r\n","registered":"2015-04-27T08:45:42 -07:00","tags":["mollit","aliquip","fugiat","culpa","mollit","cillum","ipsum"],"friends":[{"id":0,"name":"Dickerson Clarke"},{"id":1,"name":"Yang Ferrell"},{"id":2,"name":"Newman Sweeney"}],"greeting":"Hello, Murray Duran! You have 9 unread messages.","favoriteFruit":"apple","location":{"latitude":30.474831,"longitude":45.65761}}