{
  "_id": "55ee5e44d9b509600d5ec2fd",
  "index": 1028,
  "guid": "c7f2d39d-da27-482f-b9a8-48071321c089",
  "isActive": false,
  "balance": "$56,493.31",
  "picture": "http://placehold.it/32x32",
  "age": 43,
  "eyeColor": "blue",
  "name": "Dionne Pearson",
  "gender": "female",
  "company": "QUILK",
  "email": "dionnepearson@quilk.com",
  "phone": "+1 (968) 492-3134",
  "address": "582 Bradford Street, Lindisfarne, Massachusetts, 3359",
  "about": "Ut occaecat deserunt laboris consectetur deserunt aute minim dolore. Non dolore incididunt nisi quis. Ad nulla excepteur laboris nostrud.\r\n",
  "registered": "2014-04-03T08:22:39-07:00",
  "tags": [
    "pariatur",
    "reprehenderit",
    "culpa",
    "eu",
    "deserunt",
    "deserunt",
    "culpa"
  ],
  "friends": [
    {
      "id": 0,
      "name": "Odonnell Hunt"
    },
    {
      "id": 1,
      "name": "Douglas Wiggins"
    },
    {
      "id": 2,
      "name": "Alexis Garcia"
    }
  ],
  "greeting": "Hello, Dionne Pearson! You have 6 unread messages.",
  "favoriteFruit": "strawberry",
  "location": {
    "latitude": -15.473478,
    "longitude": -166.346182
  },
  "docFormat": "json",
  "triples": [
    {
      "triple": {
        "subject": "/sample-data/data-1028.json",
        "predicate": "http://www.w3.org/2000/01/rdf-schema#label",
        "object": "Dionne Pearson"
      }
    },
    {
      "triple": {
        "subject": "/sample-data/data-1028.json",
        "predicate": "http://www.w3.org/1999/02/22-rdf-syntax-ns#type",
        "object": "http://xmlns.com/foaf/0.1/Person"
      }
    },
    {
      "triple": {
        "subject": "/sample-data/data-1028.json",
        "predicate": "http://xmlns.com/foaf/0.1/knows",
        "object": "/sample-data/data-754.json"
      }
    },
    {
      "triple": {
        "subject": "/sample-data/data-1028.json",
        "predicate": "http://xmlns.com/foaf/0.1/knows",
        "object": "/sample-data/data-1028.json"
      }
    },
    {
      "triple": {
        "subject": "/sample-data/data-1028.json",
        "predicate": "http://xmlns.com/foaf/0.1/knows",
        "object": "/sample-data/data-2719.json"
      }
    }
  ]
}