{"_id":"55ee5e449a38bbc2d21b44c7","index":1204,"guid":"d8f74185-a2ab-46fa-a0cb-071d3264669f","isActive":false,"balance":"$33,006.06","picture":"http://placehold.it/32x32","age":69,"eyeColor":"brown","name":"Jeanine Allison","gender":"female","company":"CAXT","email":"jeanineallison@caxt.com","phone":"+1 (881) 401-3278","address":"825 Sheffield Avenue, Genoa, Mississippi, 6302","about":"Excepteur eu voluptate magna commodo tempor dolor labore. Ex sunt et incididunt ut consectetur. Ea reprehenderit quis officia nisi nisi minim fugiat id ipsum consectetur. Eiusmod dolor ea amet ea fugiat laborum laboris nostrud. Culpa sit adipisicing magna id.\r\n","registered":"2014-06-11T09:27:02 -07:00","tags":["Lorem","ullamco","sint","aute","nulla","eu","commodo"],"friends":[{"id":0,"name":"Aisha Deleon"},{"id":1,"name":"Phelps Burks"},{"id":2,"name":"Hewitt Underwood"}],"greeting":"Hello, Jeanine Allison! You have 7 unread messages.","favoriteFruit":"banana","location":{"latitude":15.358013,"longitude":-91.535987}}