{"_id":"55ee5e449d972e8026b0e967","index":1069,"guid":"c811386b-7819-4ab8-b29d-a08ea11b8302","isActive":true,"balance":"$93,530.73","picture":"http://placehold.it/32x32","age":67,"eyeColor":"brown","name":"Yolanda Gallagher","gender":"female","company":"COLLAIRE","email":"yolandagallagher@collaire.com","phone":"+1 (915) 438-3905","address":"317 Moultrie Street, Mammoth, Wyoming, 6267","about":"Qui nulla ipsum commodo nulla cillum elit ipsum veniam reprehenderit aute velit qui. Amet laborum enim sunt velit minim commodo esse nostrud do. Nisi ea pariatur consequat aliqua cillum non non amet ipsum non. Duis in tempor magna consectetur duis labore id magna sunt. Pariatur fugiat velit eiusmod non sint id proident eu. Eiusmod voluptate do deserunt fugiat. Esse proident magna et deserunt enim incididunt fugiat ea veniam cillum enim aliqua cupidatat.\r\n","registered":"2014-02-24T06:20:36 -07:00","tags":["cupidatat","ut","labore","non","nulla","dolore","exercitation"],"friends":[{"id":0,"name":"Church Vang"},{"id":1,"name":"Shelly Matthews"},{"id":2,"name":"Penny Mclaughlin"}],"greeting":"Hello, Yolanda Gallagher! You have 10 unread messages.","favoriteFruit":"orange","location":{"latitude":31.730711,"longitude":-120.994567}}