{
  "_id": "55ee5e44c33cdfce9f5b5698",
  "index": 125,
  "guid": "d5e876e9-4557-4df6-bd41-9553ef5aa34c",
  "isActive": true,
  "balance": "$43,343.08",
  "picture": "http://placehold.it/32x32",
  "age": 53,
  "eyeColor": "blue",
  "name": "Cathy Nixon",
  "gender": "female",
  "company": "VINCH",
  "email": "cathynixon@vinch.com",
  "phone": "+1 (972) 433-3970",
  "address": "713 Hope Street, Floriston, Florida, 8251",
  "about": "Consequat quis commodo deserunt aliquip ex aliquip reprehenderit irure. Consequat ea ad culpa exercitation. Cillum dolore elit commodo cupidatat.\r\n",
  "registered": "2014-02-16T02:28:16-07:00",
  "tags": [
    "ipsum",
    "elit",
    "mollit",
    "enim",
    "amet",
    "fugiat",
    "est"
  ],
  "friends": [
    {
      "id": 0,
      "name": "Dawson Palmer"
    },
    {
      "id": 1,
      "name": "White Clay"
    },
    {
      "id": 2,
      "name": "Abigail Delaney"
    }
  ],
  "greeting": "Hello, Cathy Nixon! You have 8 unread messages.",
  "favoriteFruit": "apple",
  "location": {
    "latitude": 18.306002,
    "longitude": 60.667731
  },
  "docFormat": "json",
  "triples": [
    {
      "triple": {
        "subject": "/sample-data/data-125.json",
        "predicate": "http://www.w3.org/2000/01/rdf-schema#label",
        "object": "Cathy Nixon"
      }
    },
    {
      "triple": {
        "subject": "/sample-data/data-125.json",
        "predicate": "http://www.w3.org/1999/02/22-rdf-syntax-ns#type",
        "object": "http://xmlns.com/foaf/0.1/Person"
      }
    },
    {
      "triple": {
        "subject": "/sample-data/data-125.json",
        "predicate": "http://xmlns.com/foaf/0.1/knows",
        "object": "/sample-data/data-1484.json"
      }
    },
    {
      "triple": {
        "subject": "/sample-data/data-125.json",
        "predicate": "http://xmlns.com/foaf/0.1/knows",
        "object": "/sample-data/data-808.json"
      }
    },
    {
      "triple": {
        "subject": "/sample-data/data-125.json",
        "predicate": "http://xmlns.com/foaf/0.1/knows",
        "object": "/sample-data/data-1397.json"
      }
    }
  ]
}