{"_id":"55ee5e447420f0e89d1b21c2","index":1402,"guid":"1c229376-82c3-4585-b0df-a9c08237013a","isActive":true,"balance":"$49,101.33","picture":"http://placehold.it/32x32","age":43,"eyeColor":"brown","name":"Salas Fry","gender":"male","company":"INTERLOO","email":"salasfry@interloo.com","phone":"+1 (943) 504-3068","address":"710 Varanda Place, Allensworth, Vermont, 8783","about":"Cillum anim cupidatat labore sit nisi dolore incididunt laborum magna. Ad velit voluptate incididunt consequat in ullamco esse proident consectetur cupidatat elit labore proident laboris. Elit ea labore ut sint sint esse.\r\n","registered":"2014-06-10T10:33:54 -07:00","tags":["est","eiusmod","amet","enim","incididunt","enim","laborum"],"friends":[{"id":0,"name":"Rhonda Roberson"},{"id":1,"name":"Wilma Jacobson"},{"id":2,"name":"Allyson Gaines"}],"greeting":"Hello, Salas Fry! You have 8 unread messages.","favoriteFruit":"apple","location":{"latitude":-57.147733,"longitude":84.171372}}