{"_id":"55ee5e449e6d25f67948b7c4","index":1438,"guid":"ab3205af-6a52-4ae1-ba31-8db1de528b74","isActive":false,"balance":"$99,564.08","picture":"http://placehold.it/32x32","age":46,"eyeColor":"brown","name":"Lester Witt","gender":"male","company":"MEDCOM","email":"lesterwitt@medcom.com","phone":"+1 (814) 468-3026","address":"567 Stewart Street, Keyport, Kentucky, 2921","about":"Officia minim nulla aliqua irure sunt esse commodo. Sit et duis commodo reprehenderit aliquip culpa ut pariatur laborum pariatur non aliquip laboris aliqua. Pariatur est velit ullamco veniam enim consectetur aliqua excepteur laborum Lorem sunt qui consectetur ullamco. Consectetur sunt consectetur labore consectetur aliqua est duis ex deserunt.\r\n","registered":"2014-05-28T04:38:32 -07:00","tags":["cillum","et","nulla","incididunt","proident","amet","esse"],"friends":[{"id":0,"name":"Lynne Cohen"},{"id":1,"name":"Iris Cook"},{"id":2,"name":"Isabelle Charles"}],"greeting":"Hello, Lester Witt! You have 1 unread messages.","favoriteFruit":"orange","location":{"latitude":6.003499,"longitude":-110.01163}}