{
  "_id": "55ee5e44e614e5c6266ccabe",
  "index": 1094,
  "guid": "bed69a85-96b2-4b5d-b84f-60b0fb7e4fb3",
  "isActive": false,
  "balance": "$89,886.45",
  "picture": "http://placehold.it/32x32",
  "age": 28,
  "eyeColor": "brown",
  "name": "Contreras Bullock",
  "gender": "male",
  "company": "DIGIPRINT",
  "email": "contrerasbullock@digiprint.com",
  "phone": "+1 (893) 534-2357",
  "address": "946 Gunther Place, Strykersville, Tennessee, 6292",
  "about": "Quis veniam in esse qui non nisi. Lorem qui eu non non officia magna non proident pariatur. Exercitation consequat ut ut eiusmod magna irure. Quis officia non veniam ea dolor dolore esse. Ex eiusmod labore ipsum qui labore.\r\n",
  "registered": "2015-08-17T04:07:19-07:00",
  "tags": [
    "consequat",
    "velit",
    "do",
    "id",
    "quis",
    "culpa",
    "anim"
  ],
  "friends": [
    {
      "id": 0,
      "name": "Donna Hopkins"
    },
    {
      "id": 1,
      "name": "Solomon Carpenter"
    },
    {
      "id": 2,
      "name": "Caldwell Mills"
    }
  ],
  "greeting": "Hello, Contreras Bullock! You have 7 unread messages.",
  "favoriteFruit": "apple",
  "location": {
    "latitude": 20.179258,
    "longitude": 15.255109
  },
  "docFormat": "json",
  "triples": [
    {
      "triple": {
        "subject": "/sample-data/data-1094.json",
        "predicate": "http://www.w3.org/2000/01/rdf-schema#label",
        "object": "Contreras Bullock"
      }
    },
    {
      "triple": {
        "subject": "/sample-data/data-1094.json",
        "predicate": "http://www.w3.org/1999/02/22-rdf-syntax-ns#type",
        "object": "http://xmlns.com/foaf/0.1/Person"
      }
    },
    {
      "triple": {
        "subject": "/sample-data/data-1094.json",
        "predicate": "http://xmlns.com/foaf/0.1/knows",
        "object": "/sample-data/data-1469.json"
      }
    },
    {
      "triple": {
        "subject": "/sample-data/data-1094.json",
        "predicate": "http://xmlns.com/foaf/0.1/knows",
        "object": "/sample-data/data-1262.json"
      }
    },
    {
      "triple": {
        "subject": "/sample-data/data-1094.json",
        "predicate": "http://xmlns.com/foaf/0.1/knows",
        "object": "/sample-data/data-2019.json"
      }
    }
  ]
}