{
  "_id": "55ee5e4428bdca897d5a6b6d",
  "index": 1121,
  "guid": "9e911f0a-25e4-41c9-aeed-10dc69e19fe8",
  "isActive": false,
  "balance": "$66,747.90",
  "picture": "http://placehold.it/32x32",
  "age": 64,
  "eyeColor": "green",
  "name": "Jacobson Oneal",
  "gender": "male",
  "company": "RENOVIZE",
  "email": "jacobsononeal@renovize.com",
  "phone": "+1 (909) 417-2441",
  "address": "347 Debevoise Street, Kipp, Marshall Islands, 9783",
  "about": "Sunt ullamco elit id velit et tempor reprehenderit mollit occaecat. Quis labore qui laboris sit incididunt. Occaecat aliquip anim non culpa ad laborum. Qui nisi culpa occaecat non aliqua aute nostrud tempor do. Aute et cillum esse exercitation cillum tempor aliquip ex qui esse esse tempor reprehenderit.\r\n",
  "registered": "2015-01-26T09:53:09-07:00",
  "tags": [
    "eu",
    "sit",
    "culpa",
    "excepteur",
    "officia",
    "est",
    "laborum"
  ],
  "friends": [
    {
      "id": 0,
      "name": "Swanson Lopez"
    },
    {
      "id": 1,
      "name": "Clarke Peterson"
    },
    {
      "id": 2,
      "name": "Chandra Simmons"
    }
  ],
  "greeting": "Hello, Jacobson Oneal! You have 4 unread messages.",
  "favoriteFruit": "banana",
  "location": {
    "latitude": -26.146952,
    "longitude": -154.614044
  },
  "docFormat": "json",
  "triples": [
    {
      "triple": {
        "subject": "/sample-data/data-1121.json",
        "predicate": "http://www.w3.org/2000/01/rdf-schema#label",
        "object": "Jacobson Oneal"
      }
    },
    {
      "triple": {
        "subject": "/sample-data/data-1121.json",
        "predicate": "http://www.w3.org/1999/02/22-rdf-syntax-ns#type",
        "object": "http://xmlns.com/foaf/0.1/Person"
      }
    },
    {
      "triple": {
        "subject": "/sample-data/data-1121.json",
        "predicate": "http://xmlns.com/foaf/0.1/knows",
        "object": "/sample-data/data-996.json"
      }
    },
    {
      "triple": {
        "subject": "/sample-data/data-1121.json",
        "predicate": "http://xmlns.com/foaf/0.1/knows",
        "object": "/sample-data/data-1154.json"
      }
    },
    {
      "triple": {
        "subject": "/sample-data/data-1121.json",
        "predicate": "http://xmlns.com/foaf/0.1/knows",
        "object": "/sample-data/data-2061.json"
      }
    }
  ]
}