{"_id":"55ee5e440bdb82757ba61e45","index":1128,"guid":"7b69289a-cfa4-4a80-b437-9f08d77885a8","isActive":false,"balance":"$46,290.47","picture":"http://placehold.it/32x32","age":39,"eyeColor":"blue","name":"Romero Forbes","gender":"male","company":"ISIS","email":"romeroforbes@isis.com","phone":"+1 (913) 492-3072","address":"550 Kent Street, Henrietta, Delaware, 5845","about":"Eu nisi esse ipsum velit tempor quis proident tempor ut sunt et sunt exercitation nulla. Culpa cillum pariatur veniam ut eiusmod duis cupidatat Lorem veniam sit irure dolore. Nulla enim ullamco non minim cillum minim est duis excepteur elit sunt excepteur. Magna incididunt do anim id cillum officia Lorem. Quis laborum enim ea in nisi do sint. Incididunt veniam aute laborum commodo officia anim. Ullamco proident in non commodo duis sit amet eu nulla aliqua adipisicing id labore velit.\r\n","registered":"2015-07-18T02:59:50 -07:00","tags":["velit","ea","sit","nulla","adipisicing","quis","et"],"friends":[{"id":0,"name":"Burton Leon"},{"id":1,"name":"Valenzuela Smith"},{"id":2,"name":"Carrillo Wagner"}],"greeting":"Hello, Romero Forbes! You have 7 unread messages.","favoriteFruit":"apple","location":{"latitude":-82.228769,"longitude":19.72907},"docFormat":"json"}