{
  "_id": "55ee5e4416bed1fb2add304d",
  "index": 1299,
  "guid": "c82b530a-6330-4bca-bcde-c1c84d09877c",
  "isActive": true,
  "balance": "$38,950.73",
  "picture": "http://placehold.it/32x32",
  "age": 54,
  "eyeColor": "blue",
  "name": "Clements Barrera",
  "gender": "male",
  "company": "MANGELICA",
  "email": "clementsbarrera@mangelica.com",
  "phone": "+1 (988) 526-3247",
  "address": "761 Charles Place, Bellamy, Louisiana, 1146",
  "about": "Pariatur ea consectetur magna magna exercitation occaecat ullamco consequat. Nulla fugiat mollit laboris deserunt id anim aliquip qui proident ex. Id cupidatat consequat et do est veniam consequat. Anim minim minim Lorem nisi.\r\n",
  "registered": "2015-02-10T02:02:23-07:00",
  "tags": [
    "est",
    "magna",
    "Lorem",
    "proident",
    "ut",
    "mollit",
    "amet"
  ],
  "friends": [
    {
      "id": 0,
      "name": "Crane Michael"
    },
    {
      "id": 1,
      "name": "Denise Hernandez"
    },
    {
      "id": 2,
      "name": "Harriet Farmer"
    }
  ],
  "greeting": "Hello, Clements Barrera! You have 10 unread messages.",
  "favoriteFruit": "apple",
  "location": {
    "latitude": 22.276617,
    "longitude": -46.155425
  },
  "docFormat": "json",
  "triples": [
    {
      "triple": {
        "subject": "/sample-data/data-1299.json",
        "predicate": "http://www.w3.org/2000/01/rdf-schema#label",
        "object": "Clements Barrera"
      }
    },
    {
      "triple": {
        "subject": "/sample-data/data-1299.json",
        "predicate": "http://www.w3.org/1999/02/22-rdf-syntax-ns#type",
        "object": "http://xmlns.com/foaf/0.1/Person"
      }
    },
    {
      "triple": {
        "subject": "/sample-data/data-1299.json",
        "predicate": "http://xmlns.com/foaf/0.1/knows",
        "object": "/sample-data/data-2652.json"
      }
    },
    {
      "triple": {
        "subject": "/sample-data/data-1299.json",
        "predicate": "http://xmlns.com/foaf/0.1/knows",
        "object": "/sample-data/data-1172.json"
      }
    },
    {
      "triple": {
        "subject": "/sample-data/data-1299.json",
        "predicate": "http://xmlns.com/foaf/0.1/knows",
        "object": "/sample-data/data-27.json"
      }
    }
  ]
}