{
  "_id": "55ee5e44c3215b9ad1bbad1a",
  "index": 123,
  "guid": "70fb452b-ff2d-4473-8dba-ea096fe52464",
  "isActive": false,
  "balance": "$88,049.92",
  "picture": "http://placehold.it/32x32",
  "age": 53,
  "eyeColor": "blue",
  "name": "Acevedo Patterson",
  "gender": "male",
  "company": "HOTCAKES",
  "email": "acevedopatterson@hotcakes.com",
  "phone": "+1 (915) 508-3602",
  "address": "129 Harbor Lane, Cumminsville, Illinois, 2297",
  "about": "Excepteur magna do Lorem anim. Minim sunt id voluptate labore duis. Do aliqua id aliquip ipsum aute. Nostrud exercitation nostrud ad occaecat incididunt sint cillum ipsum ullamco veniam quis voluptate ad.\r\n",
  "registered": "2014-08-10T05:45:20-07:00",
  "tags": [
    "eiusmod",
    "excepteur",
    "minim",
    "officia",
    "elit",
    "cillum",
    "amet"
  ],
  "friends": [
    {
      "id": 0,
      "name": "Sophie Joseph"
    },
    {
      "id": 1,
      "name": "Saundra Ingram"
    },
    {
      "id": 2,
      "name": "Lenore Atkinson"
    }
  ],
  "greeting": "Hello, Acevedo Patterson! You have 3 unread messages.",
  "favoriteFruit": "orange",
  "location": {
    "latitude": -57.164474,
    "longitude": -140.300518
  },
  "docFormat": "json",
  "triples": [
    {
      "triple": {
        "subject": "/sample-data/data-123.json",
        "predicate": "http://www.w3.org/2000/01/rdf-schema#label",
        "object": "Acevedo Patterson"
      }
    },
    {
      "triple": {
        "subject": "/sample-data/data-123.json",
        "predicate": "http://www.w3.org/1999/02/22-rdf-syntax-ns#type",
        "object": "http://xmlns.com/foaf/0.1/Person"
      }
    },
    {
      "triple": {
        "subject": "/sample-data/data-123.json",
        "predicate": "http://xmlns.com/foaf/0.1/knows",
        "object": "/sample-data/data-2506.json"
      }
    },
    {
      "triple": {
        "subject": "/sample-data/data-123.json",
        "predicate": "http://xmlns.com/foaf/0.1/knows",
        "object": "/sample-data/data-2240.json"
      }
    },
    {
      "triple": {
        "subject": "/sample-data/data-123.json",
        "predicate": "http://xmlns.com/foaf/0.1/knows",
        "object": "/sample-data/data-1337.json"
      }
    }
  ]
}