{"_id":"55ee5e44154aee7250939cb0","index":1038,"guid":"7e6dab84-3b82-4402-a8c7-3afb18307505","isActive":false,"balance":"$85,830.49","picture":"http://placehold.it/32x32","age":42,"eyeColor":"brown","name":"Bradford Gardner","gender":"male","company":"ISOLOGICA","email":"bradfordgardner@isologica.com","phone":"+1 (907) 505-2255","address":"606 Fair Street, Dotsero, Utah, 7687","about":"Id pariatur ex amet id amet mollit occaecat eiusmod. Sint deserunt reprehenderit dolor exercitation consectetur aliquip nisi cupidatat sit culpa quis. Incididunt reprehenderit consequat veniam anim ut eu enim non ad eiusmod dolore qui labore. Labore ea qui id amet irure laboris non enim nostrud aliqua nostrud fugiat ullamco.\r\n","registered":"2014-02-15T11:16:18 -07:00","tags":["dolor","aliqua","exercitation","enim","labore","do","anim"],"friends":[{"id":0,"name":"Poole Nash"},{"id":1,"name":"Betty Maddox"},{"id":2,"name":"Sloan Chan"}],"greeting":"Hello, Bradford Gardner! You have 7 unread messages.","favoriteFruit":"banana","location":{"latitude":30.722964,"longitude":-110.649996},"docFormat":"json","triples":[{"triple":{"subject":"/sample-data/data-1038.json","predicate":"http://www.w3.org/2000/01/rdf-schema#label","object":"Bradford Gardner"}},{"triple":{"subject":"/sample-data/data-1038.json","predicate":"http://www.w3.org/1999/02/22-rdf-syntax-ns#type","object":"http://xmlns.com/foaf/0.1/Person"}},{"triple":{"subject":"/sample-data/data-1038.json","predicate":"http://xmlns.com/foaf/0.1/knows","object":"/sample-data/data-257.json"}},{"triple":{"subject":"/sample-data/data-1038.json","predicate":"http://xmlns.com/foaf/0.1/knows","object":"/sample-data/data-1741.json"}},{"triple":{"subject":"/sample-data/data-1038.json","predicate":"http://xmlns.com/foaf/0.1/knows","object":"/sample-data/data-1134.json"}}]}