{"_id":"55ee5e4455fdbb3bcd29f386","index":1184,"guid":"70d0f625-07f1-46e5-ae02-3b180749c37b","isActive":false,"balance":"$53,525.66","picture":"http://placehold.it/32x32","age":64,"eyeColor":"brown","name":"Louisa Callahan","gender":"female","company":"TRI@TRIBALOG","email":"louisacallahan@tri@tribalog.com","phone":"+1 (904) 458-2081","address":"541 Beverly Road, Faxon, Virginia, 1251","about":"Adipisicing elit dolor excepteur cillum laborum anim laborum ex. Consequat voluptate et adipisicing enim cillum qui. Ipsum cillum voluptate Lorem mollit ipsum eu eu minim minim irure. Non minim magna amet culpa eu quis laborum commodo sunt excepteur adipisicing velit. Incididunt nisi mollit veniam laborum pariatur cillum ad sit dolor dolore occaecat elit non sit. Consectetur Lorem velit esse dolor voluptate do officia amet.\r\n","registered":"2014-09-30T02:28:13 -07:00","tags":["et","laborum","eu","veniam","deserunt","elit","nostrud"],"friends":[{"id":0,"name":"Wyatt Harris"},{"id":1,"name":"Tracie Beach"},{"id":2,"name":"Ophelia Small"}],"greeting":"Hello, Louisa Callahan! You have 1 unread messages.","favoriteFruit":"strawberry","location":{"latitude":56.049819,"longitude":-31.180337}}