{"_id":"55ee5e44fd15b70e7a8d4ffd","index":1059,"guid":"e09f2d74-b398-4d76-bf2d-1cdce413bf28","isActive":true,"balance":"$67,254.67","picture":"http://placehold.it/32x32","age":48,"eyeColor":"blue","name":"Jerri Barnes","gender":"female","company":"ELENTRIX","email":"jerribarnes@elentrix.com","phone":"+1 (868) 559-2120","address":"572 Meeker Avenue, Suitland, South Dakota, 4610","about":"Cillum consectetur magna est enim reprehenderit irure. Ut sint aute officia laboris pariatur sunt laboris. Ullamco commodo Lorem officia reprehenderit sint. Anim ullamco eiusmod est proident reprehenderit non incididunt irure Lorem aute adipisicing id nostrud. Eu fugiat duis do nisi adipisicing occaecat amet.\r\n","registered":"2014-08-11T02:12:02 -07:00","tags":["elit","id","commodo","ut","laboris","in","duis"],"friends":[{"id":0,"name":"Christi Jefferson"},{"id":1,"name":"Perkins Preston"},{"id":2,"name":"Trujillo Stephens"}],"greeting":"Hello, Jerri Barnes! You have 9 unread messages.","favoriteFruit":"strawberry","location":{"latitude":83.245718,"longitude":-66.966097}}