{"_id":"55ee5e446082fa911724549a","index":1232,"guid":"1155b61e-19bd-4602-b33d-366eac53ae6e","isActive":true,"balance":"$74,378.13","picture":"http://placehold.it/32x32","age":55,"eyeColor":"green","name":"Stuart Cooley","gender":"male","company":"KRAG","email":"stuartcooley@krag.com","phone":"+1 (878) 592-2021","address":"455 Hutchinson Court, Gloucester, New Mexico, 1870","about":"Minim minim pariatur est aute sunt esse eiusmod ad. Tempor reprehenderit pariatur amet nostrud tempor. Enim quis consectetur aute pariatur consectetur tempor sit esse.\r\n","registered":"2014-08-05T11:42:16 -07:00","tags":["anim","nisi","voluptate","pariatur","ea","deserunt","sit"],"friends":[{"id":0,"name":"Tameka Henry"},{"id":1,"name":"Willie Kane"},{"id":2,"name":"Phoebe Ryan"}],"greeting":"Hello, Stuart Cooley! You have 10 unread messages.","favoriteFruit":"strawberry","location":{"latitude":27.632941,"longitude":94.901568},"docFormat":"json","triples":[{"triple":{"subject":"/sample-data/data-1232.json","predicate":"http://www.w3.org/2000/01/rdf-schema#label","object":"Stuart Cooley"}},{"triple":{"subject":"/sample-data/data-1232.json","predicate":"http://www.w3.org/1999/02/22-rdf-syntax-ns#type","object":"http://xmlns.com/foaf/0.1/Person"}},{"triple":{"subject":"/sample-data/data-1232.json","predicate":"http://xmlns.com/foaf/0.1/knows","object":"/sample-data/data-1620.json"}},{"triple":{"subject":"/sample-data/data-1232.json","predicate":"http://xmlns.com/foaf/0.1/knows","object":"/sample-data/data-1386.json"}},{"triple":{"subject":"/sample-data/data-1232.json","predicate":"http://xmlns.com/foaf/0.1/knows","object":"/sample-data/data-2844.json"}}]}