{
  "_id": "55ee5e4422a93cb506b64d18",
  "index": 1199,
  "guid": "c592027f-4362-48d8-bd52-854c86441855",
  "isActive": false,
  "balance": "$88,561.26",
  "picture": "http://placehold.it/32x32",
  "age": 54,
  "eyeColor": "brown",
  "name": "Marcy Steele",
  "gender": "female",
  "company": "VIASIA",
  "email": "marcysteele@viasia.com",
  "phone": "+1 (896) 503-3746",
  "address": "887 King Street, Singer, Puerto Rico, 3009",
  "about": "Voluptate cillum anim fugiat cupidatat est. Ea nostrud enim laboris culpa nisi aute. Magna minim voluptate dolor in dolor adipisicing consequat ullamco reprehenderit.\r\n",
  "registered": "2014-06-18T08:27:28-07:00",
  "tags": [
    "minim",
    "dolor",
    "et",
    "excepteur",
    "do",
    "irure",
    "aliqua"
  ],
  "friends": [
    {
      "id": 0,
      "name": "Paula Hoover"
    },
    {
      "id": 1,
      "name": "Skinner Wolfe"
    },
    {
      "id": 2,
      "name": "Marian Townsend"
    }
  ],
  "greeting": "Hello, Marcy Steele! You have 7 unread messages.",
  "favoriteFruit": "banana",
  "location": {
    "latitude": 83.498272,
    "longitude": 36.228391
  },
  "docFormat": "json",
  "triples": [
    {
      "triple": {
        "subject": "/sample-data/data-1199.json",
        "predicate": "http://www.w3.org/2000/01/rdf-schema#label",
        "object": "Marcy Steele"
      }
    },
    {
      "triple": {
        "subject": "/sample-data/data-1199.json",
        "predicate": "http://www.w3.org/1999/02/22-rdf-syntax-ns#type",
        "object": "http://xmlns.com/foaf/0.1/Person"
      }
    },
    {
      "triple": {
        "subject": "/sample-data/data-1199.json",
        "predicate": "http://xmlns.com/foaf/0.1/knows",
        "object": "/sample-data/data-1079.json"
      }
    },
    {
      "triple": {
        "subject": "/sample-data/data-1199.json",
        "predicate": "http://xmlns.com/foaf/0.1/knows",
        "object": "/sample-data/data-1100.json"
      }
    },
    {
      "triple": {
        "subject": "/sample-data/data-1199.json",
        "predicate": "http://xmlns.com/foaf/0.1/knows",
        "object": "/sample-data/data-392.json"
      }
    }
  ]
}