{"_id":"55ee5e44d461464f7829e2f8","index":1040,"guid":"bb86ba8e-45b8-4f7e-8344-ade5438fe77a","isActive":true,"balance":"$20,252.56","picture":"http://placehold.it/32x32","age":31,"eyeColor":"brown","name":"Mueller Crane","gender":"male","company":"ZENTIME","email":"muellercrane@zentime.com","phone":"+1 (940) 546-3332","address":"920 Richards Street, Klagetoh, Maryland, 3166","about":"Dolor exercitation deserunt officia mollit et adipisicing velit amet voluptate ullamco ullamco sint officia deserunt. Voluptate esse minim incididunt amet ea adipisicing ex do. Cupidatat elit sit ex voluptate deserunt eiusmod aute magna laborum. Sint aliquip deserunt consequat pariatur veniam pariatur. Nisi incididunt non anim deserunt excepteur anim nulla anim enim laboris. Amet tempor non culpa eiusmod ullamco veniam consectetur aliquip reprehenderit culpa sint exercitation voluptate.\r\n","registered":"2015-06-21T04:45:32 -07:00","tags":["fugiat","ad","voluptate","exercitation","tempor","dolor","fugiat"],"friends":[{"id":0,"name":"Owens Reilly"},{"id":1,"name":"Young Wright"},{"id":2,"name":"Adela Manning"}],"greeting":"Hello, Mueller Crane! You have 4 unread messages.","favoriteFruit":"strawberry","location":{"latitude":67.754486,"longitude":108.209759},"docFormat":"json","triples":[{"triple":{"subject":"/sample-data/data-1040.json","predicate":"http://www.w3.org/2000/01/rdf-schema#label","object":"Mueller Crane"}},{"triple":{"subject":"/sample-data/data-1040.json","predicate":"http://www.w3.org/1999/02/22-rdf-syntax-ns#type","object":"http://xmlns.com/foaf/0.1/Person"}},{"triple":{"subject":"/sample-data/data-1040.json","predicate":"http://xmlns.com/foaf/0.1/knows","object":"/sample-data/data-1027.json"}},{"triple":{"subject":"/sample-data/data-1040.json","predicate":"http://xmlns.com/foaf/0.1/knows","object":"/sample-data/data-1685.json"}},{"triple":{"subject":"/sample-data/data-1040.json","predicate":"http://xmlns.com/foaf/0.1/knows","object":"/sample-data/data-1016.json"}}]}