{"_id":"55ee5e4411c4162ddd981dcf","index":1095,"guid":"dc6a86bd-1f83-437f-bdf0-dd72c466c940","isActive":true,"balance":"$56,632.87","picture":"http://placehold.it/32x32","age":64,"eyeColor":"brown","name":"Colette Rich","gender":"female","company":"ZAGGLE","email":"coletterich@zaggle.com","phone":"+1 (931) 471-2127","address":"512 Milford Street, Bentonville, Palau, 5062","about":"Et qui mollit nisi nisi exercitation veniam adipisicing non est fugiat. Ex consequat exercitation fugiat esse eu. Officia culpa pariatur consequat minim nostrud ad tempor id eiusmod enim eu. Officia cillum consectetur magna anim excepteur deserunt quis consectetur exercitation enim duis. Laboris do voluptate occaecat sint mollit nulla elit Lorem culpa. Velit do laboris dolor dolor voluptate ut. Elit laboris consequat tempor enim in eiusmod magna mollit excepteur Lorem aliqua ex magna nulla.\r\n","registered":"2014-12-22T08:57:43 -07:00","tags":["officia","pariatur","aute","sint","esse","mollit","sit"],"friends":[{"id":0,"name":"Angelina Whitley"},{"id":1,"name":"Karyn Taylor"},{"id":2,"name":"Brenda Alston"}],"greeting":"Hello, Colette Rich! You have 1 unread messages.","favoriteFruit":"banana","location":{"latitude":65.583717,"longitude":-43.956084},"docFormat":"json"}