{
  "_id": "55ee5e4440bc284498643c8d",
  "index": 1153,
  "guid": "8b17a25b-99da-4d2f-8a01-91e449826c49",
  "isActive": true,
  "balance": "$2,978.74",
  "picture": "http://placehold.it/32x32",
  "age": 38,
  "eyeColor": "green",
  "name": "George Gaines",
  "gender": "male",
  "company": "ZENTRY",
  "email": "georgegaines@zentry.com",
  "phone": "+1 (846) 528-3019",
  "address": "639 Preston Court, Bartley, Palau, 7199",
  "about": "Labore eu laborum minim incididunt amet cillum. Proident ea minim dolore ea. Est labore occaecat officia velit proident fugiat et reprehenderit sint deserunt.\r\n",
  "registered": "2014-05-21T06:59:21-07:00",
  "tags": [
    "culpa",
    "aliqua",
    "sint",
    "anim",
    "sint",
    "adipisicing",
    "anim"
  ],
  "friends": [
    {
      "id": 0,
      "name": "Lowery Moreno"
    },
    {
      "id": 1,
      "name": "Berry Espinoza"
    },
    {
      "id": 2,
      "name": "Roberson Padilla"
    }
  ],
  "greeting": "Hello, George Gaines! You have 9 unread messages.",
  "favoriteFruit": "apple",
  "location": {
    "latitude": -31.706558,
    "longitude": 125.675893
  },
  "docFormat": "json",
  "triples": [
    {
      "triple": {
        "subject": "/sample-data/data-1153.json",
        "predicate": "http://www.w3.org/2000/01/rdf-schema#label",
        "object": "George Gaines"
      }
    },
    {
      "triple": {
        "subject": "/sample-data/data-1153.json",
        "predicate": "http://www.w3.org/1999/02/22-rdf-syntax-ns#type",
        "object": "http://xmlns.com/foaf/0.1/Person"
      }
    },
    {
      "triple": {
        "subject": "/sample-data/data-1153.json",
        "predicate": "http://xmlns.com/foaf/0.1/knows",
        "object": "/sample-data/data-360.json"
      }
    },
    {
      "triple": {
        "subject": "/sample-data/data-1153.json",
        "predicate": "http://xmlns.com/foaf/0.1/knows",
        "object": "/sample-data/data-2369.json"
      }
    },
    {
      "triple": {
        "subject": "/sample-data/data-1153.json",
        "predicate": "http://xmlns.com/foaf/0.1/knows",
        "object": "/sample-data/data-316.json"
      }
    }
  ]
}