{"_id":"55ee5e4424ff20fb87167621","index":1166,"guid":"446eb77b-ee97-45da-9fec-9c0ff274b4f6","isActive":false,"balance":"$1,628.83","picture":"http://placehold.it/32x32","age":48,"eyeColor":"green","name":"Kaufman Strong","gender":"male","company":"KINETICUT","email":"kaufmanstrong@kineticut.com","phone":"+1 (925) 540-3888","address":"427 Whitwell Place, Brookfield, Alabama, 6048","about":"Nostrud fugiat excepteur deserunt irure non voluptate irure. Nostrud aliquip ex laborum consectetur culpa in deserunt tempor nulla culpa. Aliquip ipsum tempor adipisicing elit sint id. Ut tempor quis aliquip sit culpa amet deserunt sunt. Anim ea dolore labore voluptate ullamco. Aliqua adipisicing elit esse ullamco consequat velit ut laborum mollit.\r\n","registered":"2014-12-05T02:02:48 -07:00","tags":["ullamco","voluptate","consequat","ipsum","incididunt","Lorem","mollit"],"friends":[{"id":0,"name":"Bridgett Holder"},{"id":1,"name":"Tanya Leach"},{"id":2,"name":"Myers Knowles"}],"greeting":"Hello, Kaufman Strong! You have 7 unread messages.","favoriteFruit":"banana","location":{"latitude":79.350059,"longitude":-89.413339}}