{
  "_id": "55ee5e44ecd4deea8f08cad9",
  "index": 1147,
  "guid": "8e9d69cb-6bb8-4a8a-af4b-4d2ccd3434f3",
  "isActive": true,
  "balance": "$57,851.73",
  "picture": "http://placehold.it/32x32",
  "age": 68,
  "eyeColor": "green",
  "name": "Norman Carlson",
  "gender": "male",
  "company": "BULLJUICE",
  "email": "normancarlson@bulljuice.com",
  "phone": "+1 (847) 507-3867",
  "address": "630 Stoddard Place, Juarez, North Carolina, 8352",
  "about": "Ullamco et elit culpa commodo tempor elit. Excepteur do consectetur aliquip in quis amet excepteur incididunt tempor. Do amet dolor do magna fugiat laborum.\r\n",
  "registered": "2014-09-13T04:28:34-07:00",
  "tags": [
    "magna",
    "exercitation",
    "Lorem",
    "eu",
    "non",
    "do",
    "quis"
  ],
  "friends": [
    {
      "id": 0,
      "name": "Angelia Summers"
    },
    {
      "id": 1,
      "name": "Rebekah Bowman"
    },
    {
      "id": 2,
      "name": "Wells Rice"
    }
  ],
  "greeting": "Hello, Norman Carlson! You have 5 unread messages.",
  "favoriteFruit": "banana",
  "location": {
    "latitude": 21.214959,
    "longitude": -140.472621
  },
  "docFormat": "json",
  "triples": [
    {
      "triple": {
        "subject": "/sample-data/data-1147.json",
        "predicate": "http://www.w3.org/2000/01/rdf-schema#label",
        "object": "Norman Carlson"
      }
    },
    {
      "triple": {
        "subject": "/sample-data/data-1147.json",
        "predicate": "http://www.w3.org/1999/02/22-rdf-syntax-ns#type",
        "object": "http://xmlns.com/foaf/0.1/Person"
      }
    },
    {
      "triple": {
        "subject": "/sample-data/data-1147.json",
        "predicate": "http://xmlns.com/foaf/0.1/knows",
        "object": "/sample-data/data-350.json"
      }
    },
    {
      "triple": {
        "subject": "/sample-data/data-1147.json",
        "predicate": "http://xmlns.com/foaf/0.1/knows",
        "object": "/sample-data/data-1898.json"
      }
    },
    {
      "triple": {
        "subject": "/sample-data/data-1147.json",
        "predicate": "http://xmlns.com/foaf/0.1/knows",
        "object": "/sample-data/data-786.json"
      }
    }
  ]
}