{
  "_id": "55ee5e44f34be6970b8f0494",
  "index": 1284,
  "guid": "6cecdb1e-8247-4c9e-ad75-5415e7efc2f4",
  "isActive": false,
  "balance": "$43,471.27",
  "picture": "http://placehold.it/32x32",
  "age": 69,
  "eyeColor": "green",
  "name": "Freida Randolph",
  "gender": "female",
  "company": "QUINTITY",
  "email": "freidarandolph@quintity.com",
  "phone": "+1 (967) 597-2217",
  "address": "366 Lawn Court, Johnsonburg, Kansas, 1660",
  "about": "Veniam est magna aliqua officia incididunt exercitation veniam excepteur nisi. Officia ullamco eiusmod velit laborum Lorem laboris mollit sunt cupidatat pariatur tempor aliqua amet. Culpa nulla ea ullamco eu do aliquip officia in proident non reprehenderit. Reprehenderit ea nisi officia esse nisi est aliquip dolore ipsum reprehenderit enim ea consectetur.\r\n",
  "registered": "2015-06-28T05:25:42-07:00",
  "tags": [
    "laboris",
    "occaecat",
    "eiusmod",
    "labore",
    "exercitation",
    "id",
    "magna"
  ],
  "friends": [
    {
      "id": 0,
      "name": "Mccoy Ramsey"
    },
    {
      "id": 1,
      "name": "Wright Sanders"
    },
    {
      "id": 2,
      "name": "Freda Douglas"
    }
  ],
  "greeting": "Hello, Freida Randolph! You have 6 unread messages.",
  "favoriteFruit": "pear",
  "location": {
    "latitude": 63.108718,
    "longitude": 29.658055
  },
  "docFormat": "json",
  "triples": [
    {
      "triple": {
        "subject": "/sample-data/data-1284.json",
        "predicate": "http://www.w3.org/2000/01/rdf-schema#label",
        "object": "Freida Randolph"
      }
    },
    {
      "triple": {
        "subject": "/sample-data/data-1284.json",
        "predicate": "http://www.w3.org/1999/02/22-rdf-syntax-ns#type",
        "object": "http://xmlns.com/foaf/0.1/Person"
      }
    },
    {
      "triple": {
        "subject": "/sample-data/data-1284.json",
        "predicate": "http://xmlns.com/foaf/0.1/knows",
        "object": "/sample-data/data-690.json"
      }
    },
    {
      "triple": {
        "subject": "/sample-data/data-1284.json",
        "predicate": "http://xmlns.com/foaf/0.1/knows",
        "object": "/sample-data/data-2834.json"
      }
    },
    {
      "triple": {
        "subject": "/sample-data/data-1284.json",
        "predicate": "http://xmlns.com/foaf/0.1/knows",
        "object": "/sample-data/data-1662.json"
      }
    }
  ]
}