{"_id":"55ee5e44a2877b87a2d40505","index":1253,"guid":"9f93ef1e-98ff-46bc-b905-516b14d50a35","isActive":true,"balance":"$28,271.91","picture":"http://placehold.it/32x32","age":63,"eyeColor":"green","name":"Daniel Ruiz","gender":"male","company":"LIQUICOM","email":"danielruiz@liquicom.com","phone":"+1 (917) 536-3778","address":"856 Bay Parkway, Topanga, Rhode Island, 5147","about":"Veniam nisi laborum do proident. Magna aute exercitation do sunt eu ut tempor est nulla dolor enim. Non excepteur laborum ut commodo qui.\r\n","registered":"2014-04-18T07:27:00 -07:00","tags":["aliquip","nisi","fugiat","qui","irure","minim","ut"],"friends":[{"id":0,"name":"Jacqueline Cotton"},{"id":1,"name":"Lydia Phelps"},{"id":2,"name":"Dolores Lindsey"}],"greeting":"Hello, Daniel Ruiz! You have 6 unread messages.","favoriteFruit":"banana","location":{"latitude":-39.234929,"longitude":86.935638}}