{"_id":"55ee5e440db127b9263aa7a9","index":1281,"guid":"ff016433-7c40-46f8-8a6c-5e2983be646f","isActive":false,"balance":"$7,173.64","picture":"http://placehold.it/32x32","age":33,"eyeColor":"blue","name":"Claudia Kline","gender":"female","company":"GLASSTEP","email":"claudiakline@glasstep.com","phone":"+1 (896) 593-3131","address":"313 Claver Place, Independence, Ohio, 6100","about":"Minim officia qui nostrud nulla do velit dolore dolore culpa quis in. Occaecat irure ad nisi ad irure nisi sint officia. Non consectetur sunt laborum laborum veniam ea cupidatat. Tempor id laboris sit non.\r\n","registered":"2014-04-02T09:58:53 -07:00","tags":["commodo","eu","sit","non","laborum","occaecat","tempor"],"friends":[{"id":0,"name":"Guerrero Jordan"},{"id":1,"name":"Yates Mathews"},{"id":2,"name":"Jayne Schroeder"}],"greeting":"Hello, Claudia Kline! You have 6 unread messages.","favoriteFruit":"strawberry","location":{"latitude":-59.071777,"longitude":124.798925}}