{"_id":"55ee5e44cd452de4c5a9b232","index":1387,"guid":"fb198ad3-619e-499e-9f6a-2203981c8743","isActive":true,"balance":"$12,749.60","picture":"http://placehold.it/32x32","age":20,"eyeColor":"blue","name":"Nola Sampson","gender":"female","company":"MICROLUXE","email":"nolasampson@microluxe.com","phone":"+1 (929) 555-2119","address":"677 Rogers Avenue, Warren, Nevada, 4949","about":"Quis laboris reprehenderit excepteur nulla velit anim eiusmod ut occaecat nisi veniam. Reprehenderit qui laboris amet officia tempor esse. Cupidatat officia mollit deserunt sint dolore velit sit elit ipsum amet.\r\n","registered":"2014-12-25T12:45:41 -07:00","tags":["occaecat","id","eiusmod","veniam","cupidatat","cupidatat","eu"],"friends":[{"id":0,"name":"Matthews Pickett"},{"id":1,"name":"Cabrera Santos"},{"id":2,"name":"Hazel Dodson"}],"greeting":"Hello, Nola Sampson! You have 6 unread messages.","favoriteFruit":"apple","location":{"latitude":7.101262,"longitude":-59.463535}}