{"_id":"55ee5e44fdaa760d3dadf5c7","index":1003,"guid":"4d4d9efd-f4ec-429d-a8bd-2306c56bd178","isActive":true,"balance":"$92,363.16","picture":"http://placehold.it/32x32","age":33,"eyeColor":"green","name":"Chelsea Conley","gender":"female","company":"BLUPLANET","email":"chelseaconley@bluplanet.com","phone":"+1 (952) 550-2730","address":"106 Lincoln Avenue, Efland, West Virginia, 4323","about":"Anim sint duis sint aliqua labore proident sit pariatur veniam occaecat sit proident. Sit veniam irure magna culpa nisi voluptate in laboris enim nulla anim non ullamco. Tempor mollit reprehenderit sunt et adipisicing excepteur. Cupidatat anim nostrud incididunt mollit et proident minim reprehenderit ex consequat reprehenderit. Proident est amet nulla ut ad dolor deserunt eu minim. Pariatur ea consequat non amet.\r\n","registered":"2014-03-14T08:59:13 -07:00","tags":["elit","reprehenderit","cupidatat","aliquip","sint","duis","minim"],"friends":[{"id":0,"name":"Kris Ruiz"},{"id":1,"name":"Shelton Cotton"},{"id":2,"name":"Stephenson Phelps"}],"greeting":"Hello, Chelsea Conley! You have 4 unread messages.","favoriteFruit":"apple","location":{"latitude":-78.572496,"longitude":5.317554}}