{
  "_id": "55ee5e440be602fc1905b816",
  "index": 1079,
  "guid": "ec37af4d-ca47-49fd-a612-cd30cd7640b4",
  "isActive": false,
  "balance": "$30,177.37",
  "picture": "http://placehold.it/32x32",
  "age": 56,
  "eyeColor": "brown",
  "name": "Berta Murray",
  "gender": "female",
  "company": "TERAPRENE",
  "email": "bertamurray@teraprene.com",
  "phone": "+1 (934) 402-2221",
  "address": "410 Nelson Street, Succasunna, Rhode Island, 3564",
  "about": "Adipisicing duis incididunt minim quis sint. Quis eiusmod esse do pariatur dolore id do in tempor incididunt. Magna laborum cillum amet sint. Ad ut proident exercitation aliquip eu sunt nulla nulla.\r\n",
  "registered": "2015-06-16T12:36:49-07:00",
  "tags": [
    "nisi",
    "ad",
    "commodo",
    "magna",
    "ullamco",
    "id",
    "sint"
  ],
  "friends": [
    {
      "id": 0,
      "name": "Reyes Coffey"
    },
    {
      "id": 1,
      "name": "Mccullough Joyce"
    },
    {
      "id": 2,
      "name": "Good Stevenson"
    }
  ],
  "greeting": "Hello, Berta Murray! You have 3 unread messages.",
  "favoriteFruit": "apple",
  "location": {
    "latitude": -51.501209,
    "longitude": -85.322163
  },
  "docFormat": "json",
  "triples": [
    {
      "triple": {
        "subject": "/sample-data/data-1079.json",
        "predicate": "http://www.w3.org/2000/01/rdf-schema#label",
        "object": "Berta Murray"
      }
    },
    {
      "triple": {
        "subject": "/sample-data/data-1079.json",
        "predicate": "http://www.w3.org/1999/02/22-rdf-syntax-ns#type",
        "object": "http://xmlns.com/foaf/0.1/Person"
      }
    },
    {
      "triple": {
        "subject": "/sample-data/data-1079.json",
        "predicate": "http://xmlns.com/foaf/0.1/knows",
        "object": "/sample-data/data-1439.json"
      }
    },
    {
      "triple": {
        "subject": "/sample-data/data-1079.json",
        "predicate": "http://xmlns.com/foaf/0.1/knows",
        "object": "/sample-data/data-959.json"
      }
    },
    {
      "triple": {
        "subject": "/sample-data/data-1079.json",
        "predicate": "http://xmlns.com/foaf/0.1/knows",
        "object": "/sample-data/data-1504.json"
      }
    }
  ]
}