{"_id":"55ee5e44c5f25c70a1fbb4cc","index":1115,"guid":"760de874-a5e9-45b7-9170-291d53bc538b","isActive":false,"balance":"$58,494.66","picture":"http://placehold.it/32x32","age":69,"eyeColor":"blue","name":"Combs Price","gender":"male","company":"KYAGURU","email":"combsprice@kyaguru.com","phone":"+1 (828) 509-2608","address":"785 Clinton Street, Hessville, Georgia, 1778","about":"Aliquip in et laborum ullamco dolore eu officia fugiat ullamco. Sunt cillum qui ea sint laborum consequat non in occaecat ipsum id voluptate Lorem. Reprehenderit sunt officia exercitation minim proident dolor velit exercitation proident esse occaecat voluptate ipsum. Magna commodo non dolor fugiat dolore Lorem aliquip. Mollit dolor cupidatat aliqua cupidatat. Excepteur ex eiusmod excepteur exercitation fugiat cupidatat aute velit in dolor elit aliqua. Ut et aliqua esse proident reprehenderit.\r\n","registered":"2015-03-22T12:17:33 -07:00","tags":["et","culpa","esse","veniam","nostrud","excepteur","occaecat"],"friends":[{"id":0,"name":"Dawson Mcmahon"},{"id":1,"name":"White Case"},{"id":2,"name":"Patti Obrien"}],"greeting":"Hello, Combs Price! You have 3 unread messages.","favoriteFruit":"pear","location":{"latitude":68.196788,"longitude":-160.827632},"docFormat":"json","triples":[{"triple":{"subject":"/sample-data/data-1115.json","predicate":"http://www.w3.org/2000/01/rdf-schema#label","object":"Combs Price"}},{"triple":{"subject":"/sample-data/data-1115.json","predicate":"http://www.w3.org/1999/02/22-rdf-syntax-ns#type","object":"http://xmlns.com/foaf/0.1/Person"}},{"triple":{"subject":"/sample-data/data-1115.json","predicate":"http://xmlns.com/foaf/0.1/knows","object":"/sample-data/data-1762.json"}},{"triple":{"subject":"/sample-data/data-1115.json","predicate":"http://xmlns.com/foaf/0.1/knows","object":"/sample-data/data-2079.json"}},{"triple":{"subject":"/sample-data/data-1115.json","predicate":"http://xmlns.com/foaf/0.1/knows","object":"/sample-data/data-2620.json"}}]}