{"_id":"55ee5e446a46700013624853","index":1039,"guid":"33e105d3-7d36-4191-b005-ccf0bffddd39","isActive":true,"balance":"$60,292.85","picture":"http://placehold.it/32x32","age":43,"eyeColor":"brown","name":"Dean Parker","gender":"male","company":"REALMO","email":"deanparker@realmo.com","phone":"+1 (829) 506-2771","address":"731 Boardwalk , Tuskahoma, Nevada, 3941","about":"Tempor sint est qui fugiat qui occaecat quis. Officia qui sint do aute in. Ad minim voluptate voluptate culpa.\r\n","registered":"2014-12-09T09:20:53 -07:00","tags":["aliqua","aliquip","anim","eiusmod","dolor","aute","aliquip"],"friends":[{"id":0,"name":"Carlene Baker"},{"id":1,"name":"Macdonald Webb"},{"id":2,"name":"Herrera Mullins"}],"greeting":"Hello, Dean Parker! You have 6 unread messages.","favoriteFruit":"strawberry","location":{"latitude":-48.796292,"longitude":-119.640598},"docFormat":"json"}