{"_id":"55ee5e441a25f91c6c65ecff","index":1412,"guid":"6aab126e-d8a0-4bed-8059-1c04720f1f1d","isActive":false,"balance":"$71,598.51","picture":"http://placehold.it/32x32","age":36,"eyeColor":"brown","name":"Fitzgerald Hutchinson","gender":"male","company":"AQUAZURE","email":"fitzgeraldhutchinson@aquazure.com","phone":"+1 (906) 597-3655","address":"175 Colonial Court, Cavalero, Oklahoma, 994","about":"Aute non nisi qui ad incididunt esse anim velit est consectetur aute mollit fugiat minim. Id elit ullamco cillum magna proident velit elit ea laborum. Excepteur in do Lorem amet commodo. Eu ut dolor sit nulla exercitation velit voluptate.\r\n","registered":"2014-11-09T09:22:45 -07:00","tags":["tempor","qui","sint","et","in","occaecat","sunt"],"friends":[{"id":0,"name":"Jacobs Barber"},{"id":1,"name":"Serrano Salazar"},{"id":2,"name":"Maxine Shelton"}],"greeting":"Hello, Fitzgerald Hutchinson! You have 3 unread messages.","favoriteFruit":"pear","location":{"latitude":-33.555961,"longitude":98.276731},"docFormat":"json"}