{"_id":"55ee5e44b118160db6bc555d","index":1127,"guid":"3e2c0656-3618-4c4f-bbf9-24b2cc8862ac","isActive":false,"balance":"$24,792.92","picture":"http://placehold.it/32x32","age":25,"eyeColor":"green","name":"Waller Waters","gender":"male","company":"BUNGA","email":"wallerwaters@bunga.com","phone":"+1 (964) 427-2863","address":"162 Emerson Place, Crucible, Wyoming, 8195","about":"Irure incididunt adipisicing ullamco culpa in reprehenderit deserunt aliquip enim incididunt deserunt. Excepteur eiusmod aute mollit eu ullamco ipsum ea velit. Proident quis ipsum non mollit minim minim eiusmod deserunt minim labore est occaecat aliquip.\r\n","registered":"2014-06-05T09:02:59 -07:00","tags":["est","sint","cillum","commodo","ex","labore","laboris"],"friends":[{"id":0,"name":"Sanders Burton"},{"id":1,"name":"Claudette Solis"},{"id":2,"name":"Mayo Whitney"}],"greeting":"Hello, Waller Waters! You have 3 unread messages.","favoriteFruit":"strawberry","location":{"latitude":-20.09992,"longitude":-1.468522},"docFormat":"json"}