{
  "_id": "55ee5e44c0546acf345e15c9",
  "index": 117,
  "guid": "2e7125fc-477d-445f-a948-bd10be0e87bb",
  "isActive": false,
  "balance": "$53,234.82",
  "picture": "http://placehold.it/32x32",
  "age": 21,
  "eyeColor": "blue",
  "name": "Frieda Morse",
  "gender": "female",
  "company": "PYRAMIA",
  "email": "friedamorse@pyramia.com",
  "phone": "+1 (957) 524-2433",
  "address": "182 Cambridge Place, Mappsville, Missouri, 7365",
  "about": "Labore quis nostrud sunt cupidatat Lorem duis tempor reprehenderit sunt aliqua nulla voluptate dolore id. Nostrud ut nostrud proident commodo enim sunt non. Lorem laborum eu nulla officia aliquip proident ullamco.\r\n",
  "registered": "2014-06-19T10:58:55-07:00",
  "tags": [
    "quis",
    "consectetur",
    "do",
    "sunt",
    "eu",
    "adipisicing",
    "est"
  ],
  "friends": [
    {
      "id": 0,
      "name": "Deanna Fuentes"
    },
    {
      "id": 1,
      "name": "Davenport Estrada"
    },
    {
      "id": 2,
      "name": "Dena Randall"
    }
  ],
  "greeting": "Hello, Frieda Morse! You have 1 unread messages.",
  "favoriteFruit": "banana",
  "location": {
    "latitude": -9.691335,
    "longitude": -111.05879
  },
  "docFormat": "json",
  "triples": [
    {
      "triple": {
        "subject": "/sample-data/data-117.json",
        "predicate": "http://www.w3.org/2000/01/rdf-schema#label",
        "object": "Frieda Morse"
      }
    },
    {
      "triple": {
        "subject": "/sample-data/data-117.json",
        "predicate": "http://www.w3.org/1999/02/22-rdf-syntax-ns#type",
        "object": "http://xmlns.com/foaf/0.1/Person"
      }
    },
    {
      "triple": {
        "subject": "/sample-data/data-117.json",
        "predicate": "http://xmlns.com/foaf/0.1/knows",
        "object": "/sample-data/data-1109.json"
      }
    },
    {
      "triple": {
        "subject": "/sample-data/data-117.json",
        "predicate": "http://xmlns.com/foaf/0.1/knows",
        "object": "/sample-data/data-2472.json"
      }
    },
    {
      "triple": {
        "subject": "/sample-data/data-117.json",
        "predicate": "http://xmlns.com/foaf/0.1/knows",
        "object": "/sample-data/data-214.json"
      }
    }
  ]
}