{
  "_id": "55ee5e44642ffd30b1ddd5b9",
  "index": 1323,
  "guid": "59efd73a-ee5d-4579-9679-430fea84b5de",
  "isActive": false,
  "balance": "$94,670.51",
  "picture": "http://placehold.it/32x32",
  "age": 26,
  "eyeColor": "brown",
  "name": "Kara Hunter",
  "gender": "female",
  "company": "XYMONK",
  "email": "karahunter@xymonk.com",
  "phone": "+1 (830) 596-2596",
  "address": "717 Varick Street, Harold, Michigan, 2509",
  "about": "Amet nulla adipisicing aliquip commodo. Cupidatat veniam mollit cupidatat culpa ad fugiat. Ut est consequat aliquip sint incididunt sit fugiat adipisicing quis.\r\n",
  "registered": "2014-01-11T03:08:59-07:00",
  "tags": [
    "eiusmod",
    "adipisicing",
    "dolor",
    "aliquip",
    "veniam",
    "dolore",
    "qui"
  ],
  "friends": [
    {
      "id": 0,
      "name": "Molina Pena"
    },
    {
      "id": 1,
      "name": "Dee Reeves"
    },
    {
      "id": 2,
      "name": "Karla Leonard"
    }
  ],
  "greeting": "Hello, Kara Hunter! You have 3 unread messages.",
  "favoriteFruit": "strawberry",
  "location": {
    "latitude": 54.45694,
    "longitude": 82.368093
  },
  "docFormat": "json",
  "triples": [
    {
      "triple": {
        "subject": "/sample-data/data-1323.json",
        "predicate": "http://www.w3.org/2000/01/rdf-schema#label",
        "object": "Kara Hunter"
      }
    },
    {
      "triple": {
        "subject": "/sample-data/data-1323.json",
        "predicate": "http://www.w3.org/1999/02/22-rdf-syntax-ns#type",
        "object": "http://xmlns.com/foaf/0.1/Person"
      }
    },
    {
      "triple": {
        "subject": "/sample-data/data-1323.json",
        "predicate": "http://xmlns.com/foaf/0.1/knows",
        "object": "/sample-data/data-1353.json"
      }
    },
    {
      "triple": {
        "subject": "/sample-data/data-1323.json",
        "predicate": "http://xmlns.com/foaf/0.1/knows",
        "object": "/sample-data/data-2681.json"
      }
    },
    {
      "triple": {
        "subject": "/sample-data/data-1323.json",
        "predicate": "http://xmlns.com/foaf/0.1/knows",
        "object": "/sample-data/data-933.json"
      }
    }
  ]
}