{
  "_id": "55ee5e4422d3a29c850db6cd",
  "index": 1062,
  "guid": "902326a2-79bd-4bdc-a50f-075fce0ef403",
  "isActive": true,
  "balance": "$10,409.51",
  "picture": "http://placehold.it/32x32",
  "age": 52,
  "eyeColor": "green",
  "name": "Adriana Lucas",
  "gender": "female",
  "company": "ZENTURY",
  "email": "adrianalucas@zentury.com",
  "phone": "+1 (978) 430-3142",
  "address": "511 Hudson Avenue, Brownlee, Alaska, 8862",
  "about": "Ex eiusmod voluptate dolor est voluptate tempor duis quis. Occaecat laboris incididunt nulla aliqua qui exercitation. Occaecat magna cillum eu culpa deserunt sint ipsum consectetur deserunt. Officia elit quis cupidatat ea culpa velit.\r\n",
  "registered": "2015-01-27T04:01:23-07:00",
  "tags": [
    "Lorem",
    "eu",
    "adipisicing",
    "dolor",
    "ea",
    "commodo",
    "enim"
  ],
  "friends": [
    {
      "id": 0,
      "name": "Corine Herring"
    },
    {
      "id": 1,
      "name": "Olive Weaver"
    },
    {
      "id": 2,
      "name": "Cleveland Boyer"
    }
  ],
  "greeting": "Hello, Adriana Lucas! You have 4 unread messages.",
  "favoriteFruit": "pear",
  "location": {
    "latitude": 85.859802,
    "longitude": -71.92879
  },
  "docFormat": "json",
  "triples": [
    {
      "triple": {
        "subject": "/sample-data/data-1062.json",
        "predicate": "http://www.w3.org/2000/01/rdf-schema#label",
        "object": "Adriana Lucas"
      }
    },
    {
      "triple": {
        "subject": "/sample-data/data-1062.json",
        "predicate": "http://www.w3.org/1999/02/22-rdf-syntax-ns#type",
        "object": "http://xmlns.com/foaf/0.1/Person"
      }
    },
    {
      "triple": {
        "subject": "/sample-data/data-1062.json",
        "predicate": "http://xmlns.com/foaf/0.1/knows",
        "object": "/sample-data/data-1683.json"
      }
    },
    {
      "triple": {
        "subject": "/sample-data/data-1062.json",
        "predicate": "http://xmlns.com/foaf/0.1/knows",
        "object": "/sample-data/data-1200.json"
      }
    },
    {
      "triple": {
        "subject": "/sample-data/data-1062.json",
        "predicate": "http://xmlns.com/foaf/0.1/knows",
        "object": "/sample-data/data-584.json"
      }
    }
  ]
}