{
  "_id": "55ee5e443b61c9ed068a361e",
  "index": 1220,
  "guid": "8b21e800-56eb-4889-a025-c91f8251e25d",
  "isActive": true,
  "balance": "$65,832.19",
  "picture": "http://placehold.it/32x32",
  "age": 35,
  "eyeColor": "blue",
  "name": "Hale Carson",
  "gender": "male",
  "company": "NAVIR",
  "email": "halecarson@navir.com",
  "phone": "+1 (838) 576-2443",
  "address": "370 Mill Road, Crenshaw, Maine, 4278",
  "about": "Irure irure id proident labore quis. Ipsum dolore duis ad nisi fugiat est duis culpa. Labore qui excepteur eiusmod voluptate mollit esse elit ut. Anim ullamco officia anim aute fugiat irure.\r\n",
  "registered": "2014-04-19T03:04:18-07:00",
  "tags": [
    "pariatur",
    "do",
    "consectetur",
    "minim",
    "consequat",
    "est",
    "dolore"
  ],
  "friends": [
    {
      "id": 0,
      "name": "Haney Pollard"
    },
    {
      "id": 1,
      "name": "Aida Meadows"
    },
    {
      "id": 2,
      "name": "Cindy Garrison"
    }
  ],
  "greeting": "Hello, Hale Carson! You have 7 unread messages.",
  "favoriteFruit": "banana",
  "location": {
    "latitude": 11.645652,
    "longitude": 14.412192
  },
  "docFormat": "json",
  "triples": [
    {
      "triple": {
        "subject": "/sample-data/data-1220.json",
        "predicate": "http://www.w3.org/2000/01/rdf-schema#label",
        "object": "Hale Carson"
      }
    },
    {
      "triple": {
        "subject": "/sample-data/data-1220.json",
        "predicate": "http://www.w3.org/1999/02/22-rdf-syntax-ns#type",
        "object": "http://xmlns.com/foaf/0.1/Person"
      }
    },
    {
      "triple": {
        "subject": "/sample-data/data-1220.json",
        "predicate": "http://xmlns.com/foaf/0.1/knows",
        "object": "/sample-data/data-619.json"
      }
    },
    {
      "triple": {
        "subject": "/sample-data/data-1220.json",
        "predicate": "http://xmlns.com/foaf/0.1/knows",
        "object": "/sample-data/data-2871.json"
      }
    },
    {
      "triple": {
        "subject": "/sample-data/data-1220.json",
        "predicate": "http://xmlns.com/foaf/0.1/knows",
        "object": "/sample-data/data-872.json"
      }
    }
  ]
}