{"_id":"55ee5e44f8898e55967f3d32","index":1396,"guid":"e786a574-033d-47ab-a911-1e8f3dfc495d","isActive":false,"balance":"$57,673.81","picture":"http://placehold.it/32x32","age":33,"eyeColor":"green","name":"Megan Figueroa","gender":"female","company":"MAXEMIA","email":"meganfigueroa@maxemia.com","phone":"+1 (945) 521-3969","address":"907 Woodrow Court, Muir, Washington, 1462","about":"Pariatur occaecat amet labore qui laborum anim. Esse eu reprehenderit esse commodo minim sit quis ad ad. Officia ad consequat velit voluptate non exercitation Lorem ex ea anim velit duis. Adipisicing do cupidatat consequat reprehenderit magna. Reprehenderit nisi laboris aliqua id in est dolor reprehenderit magna fugiat.\r\n","registered":"2015-01-23T01:53:48 -07:00","tags":["aute","aliqua","nisi","reprehenderit","deserunt","reprehenderit","officia"],"friends":[{"id":0,"name":"Mai Mercado"},{"id":1,"name":"Miranda Mclean"},{"id":2,"name":"Julie Carlson"}],"greeting":"Hello, Megan Figueroa! You have 6 unread messages.","favoriteFruit":"strawberry","location":{"latitude":15.677442,"longitude":-86.452253}}