{"_id":"55ee5e4402837a6e1724aa4d","index":1111,"guid":"4a031f81-4bfa-4ea4-a267-e063eee1c4f3","isActive":false,"balance":"$18,724.09","picture":"http://placehold.it/32x32","age":54,"eyeColor":"brown","name":"Davenport Garrett","gender":"male","company":"NIKUDA","email":"davenportgarrett@nikuda.com","phone":"+1 (834) 433-2262","address":"544 Friel Place, Springdale, Florida, 9378","about":"Culpa in eiusmod qui magna incididunt. Lorem dolor est dolore amet aute laboris. Magna aliquip quis dolore aute eiusmod sunt nisi. Proident sit adipisicing fugiat fugiat cupidatat dolor deserunt laborum qui labore. Ea exercitation aute mollit ex enim adipisicing. Voluptate ut aliqua et occaecat ullamco sint. Veniam anim laboris amet consequat duis sunt.\r\n","registered":"2015-06-15T12:11:26 -07:00","tags":["sint","anim","reprehenderit","amet","commodo","dolor","dolor"],"friends":[{"id":0,"name":"Annette Leblanc"},{"id":1,"name":"Miles Simon"},{"id":2,"name":"Dillon Alexander"}],"greeting":"Hello, Davenport Garrett! You have 3 unread messages.","favoriteFruit":"orange","location":{"latitude":34.40665,"longitude":41.268743},"docFormat":"json"}