{
  "_id": "55ee5e44371e406fffe54484",
  "index": 1186,
  "guid": "db927928-6f59-468f-b5b3-c14fc70155a0",
  "isActive": false,
  "balance": "$61,250.91",
  "picture": "http://placehold.it/32x32",
  "age": 62,
  "eyeColor": "brown",
  "name": "Vaughan Quinn",
  "gender": "male",
  "company": "PHARMEX",
  "email": "vaughanquinn@pharmex.com",
  "phone": "+1 (827) 521-2380",
  "address": "176 Remsen Street, Rosedale, Delaware, 1339",
  "about": "Qui irure aliqua Lorem officia eu. Duis labore amet laboris cupidatat commodo laborum exercitation culpa reprehenderit exercitation voluptate velit ea magna. Laborum fugiat do id velit sunt. Magna ipsum irure commodo nostrud. Eu sunt nulla ullamco irure officia sint tempor incididunt aute ut aliqua pariatur est adipisicing. Ex ullamco quis id do consectetur ad anim consectetur Lorem dolore aute nisi consectetur.\r\n",
  "registered": "2014-12-28T07:52:23-07:00",
  "tags": [
    "ad",
    "in",
    "tempor",
    "dolore",
    "laborum",
    "enim",
    "ex"
  ],
  "friends": [
    {
      "id": 0,
      "name": "Janice Chandler"
    },
    {
      "id": 1,
      "name": "Marie Gilbert"
    },
    {
      "id": 2,
      "name": "Rosella Acevedo"
    }
  ],
  "greeting": "Hello, Vaughan Quinn! You have 7 unread messages.",
  "favoriteFruit": "pear",
  "location": {
    "latitude": 38.037592,
    "longitude": -92.607631
  },
  "docFormat": "json",
  "triples": [
    {
      "triple": {
        "subject": "/sample-data/data-1186.json",
        "predicate": "http://www.w3.org/2000/01/rdf-schema#label",
        "object": "Vaughan Quinn"
      }
    },
    {
      "triple": {
        "subject": "/sample-data/data-1186.json",
        "predicate": "http://www.w3.org/1999/02/22-rdf-syntax-ns#type",
        "object": "http://xmlns.com/foaf/0.1/Person"
      }
    },
    {
      "triple": {
        "subject": "/sample-data/data-1186.json",
        "predicate": "http://xmlns.com/foaf/0.1/knows",
        "object": "/sample-data/data-1301.json"
      }
    },
    {
      "triple": {
        "subject": "/sample-data/data-1186.json",
        "predicate": "http://xmlns.com/foaf/0.1/knows",
        "object": "/sample-data/data-1050.json"
      }
    },
    {
      "triple": {
        "subject": "/sample-data/data-1186.json",
        "predicate": "http://xmlns.com/foaf/0.1/knows",
        "object": "/sample-data/data-643.json"
      }
    }
  ]
}