{"_id":"55ee5e441957bf471f308c03","index":1032,"guid":"7151ab5e-2315-4284-8863-702175c49e70","isActive":false,"balance":"$71,518.01","picture":"http://placehold.it/32x32","age":57,"eyeColor":"blue","name":"Battle Schroeder","gender":"male","company":"SHADEASE","email":"battleschroeder@shadease.com","phone":"+1 (817) 544-3115","address":"917 Bragg Street, Zortman, Kentucky, 9603","about":"Minim ad laboris officia eiusmod sint sunt nisi consectetur in commodo ad eu occaecat. Laborum commodo officia id nisi ipsum nulla laboris. Cupidatat in elit sint eu velit amet ea est anim fugiat minim nulla aliquip. Dolor et in dolor mollit occaecat dolor non amet magna in quis deserunt est laboris. Eiusmod tempor proident culpa do.\r\n","registered":"2014-01-19T12:10:23 -07:00","tags":["nisi","qui","proident","qui","et","officia","consectetur"],"friends":[{"id":0,"name":"Bridges Bradshaw"},{"id":1,"name":"Johns Terry"},{"id":2,"name":"Robertson Bass"}],"greeting":"Hello, Battle Schroeder! You have 8 unread messages.","favoriteFruit":"pear","location":{"latitude":-6.586228,"longitude":-79.213815},"docFormat":"json","triples":[{"triple":{"subject":"/sample-data/data-1032.json","predicate":"http://www.w3.org/2000/01/rdf-schema#label","object":"Battle Schroeder"}},{"triple":{"subject":"/sample-data/data-1032.json","predicate":"http://www.w3.org/1999/02/22-rdf-syntax-ns#type","object":"http://xmlns.com/foaf/0.1/Person"}},{"triple":{"subject":"/sample-data/data-1032.json","predicate":"http://xmlns.com/foaf/0.1/knows","object":"/sample-data/data-1239.json"}},{"triple":{"subject":"/sample-data/data-1032.json","predicate":"http://xmlns.com/foaf/0.1/knows","object":"/sample-data/data-479.json"}},{"triple":{"subject":"/sample-data/data-1032.json","predicate":"http://xmlns.com/foaf/0.1/knows","object":"/sample-data/data-1511.json"}}]}