{
  "_id": "55ee5e4415acb0502f10f3a5",
  "index": 1366,
  "guid": "210d6fb1-6d91-4fbc-8605-f18486bdefbf",
  "isActive": false,
  "balance": "$23,415.80",
  "picture": "http://placehold.it/32x32",
  "age": 32,
  "eyeColor": "green",
  "name": "Little Fuentes",
  "gender": "male",
  "company": "ENJOLA",
  "email": "littlefuentes@enjola.com",
  "phone": "+1 (870) 467-2133",
  "address": "752 Louis Place, Coinjock, District Of Columbia, 5292",
  "about": "Ipsum irure nisi quis in eiusmod. Minim elit est ea cupidatat ea dolor anim Lorem duis quis ut pariatur nisi. Incididunt reprehenderit ipsum adipisicing culpa exercitation non nulla. Lorem ex adipisicing velit reprehenderit officia ex consequat adipisicing do cupidatat minim quis magna voluptate.\r\n",
  "registered": "2014-06-11T07:15:30-07:00",
  "tags": [
    "fugiat",
    "non",
    "sunt",
    "ad",
    "aliqua",
    "in",
    "anim"
  ],
  "friends": [
    {
      "id": 0,
      "name": "Courtney Estrada"
    },
    {
      "id": 1,
      "name": "Melendez Randall"
    },
    {
      "id": 2,
      "name": "Patel Watson"
    }
  ],
  "greeting": "Hello, Little Fuentes! You have 7 unread messages.",
  "favoriteFruit": "apple",
  "location": {
    "latitude": -19.728608,
    "longitude": 149.083946
  },
  "docFormat": "json",
  "triples": [
    {
      "triple": {
        "subject": "/sample-data/data-1366.json",
        "predicate": "http://www.w3.org/2000/01/rdf-schema#label",
        "object": "Little Fuentes"
      }
    },
    {
      "triple": {
        "subject": "/sample-data/data-1366.json",
        "predicate": "http://www.w3.org/1999/02/22-rdf-syntax-ns#type",
        "object": "http://xmlns.com/foaf/0.1/Person"
      }
    },
    {
      "triple": {
        "subject": "/sample-data/data-1366.json",
        "predicate": "http://xmlns.com/foaf/0.1/knows",
        "object": "/sample-data/data-559.json"
      }
    },
    {
      "triple": {
        "subject": "/sample-data/data-1366.json",
        "predicate": "http://xmlns.com/foaf/0.1/knows",
        "object": "/sample-data/data-1895.json"
      }
    },
    {
      "triple": {
        "subject": "/sample-data/data-1366.json",
        "predicate": "http://xmlns.com/foaf/0.1/knows",
        "object": "/sample-data/data-262.json"
      }
    }
  ]
}