{"_id":"55ee5e44aa3fccbb97161b74","index":1073,"guid":"0c24adef-a263-4f70-bffd-15aca46f7899","isActive":true,"balance":"$68,260.12","picture":"http://placehold.it/32x32","age":45,"eyeColor":"blue","name":"Dickson Martinez","gender":"male","company":"COMTRAIL","email":"dicksonmartinez@comtrail.com","phone":"+1 (851) 596-3377","address":"393 Vanderbilt Street, Ribera, Montana, 2765","about":"Id occaecat incididunt ex id eu sint anim cillum nostrud ea consequat Lorem. Cillum nostrud ex excepteur tempor duis irure ad ullamco incididunt. Culpa ex eiusmod non labore pariatur incididunt nisi. Adipisicing amet laborum aliquip voluptate sit ad fugiat incididunt laborum sit occaecat aliquip proident aute. Elit ea nostrud nulla elit id voluptate. Anim ex anim quis cupidatat minim laboris officia voluptate.\r\n","registered":"2015-09-05T12:59:39 -07:00","tags":["elit","ad","aute","officia","sint","non","id"],"friends":[{"id":0,"name":"Cecile Hunter"},{"id":1,"name":"Moreno Pena"},{"id":2,"name":"Strong Reeves"}],"greeting":"Hello, Dickson Martinez! You have 3 unread messages.","favoriteFruit":"orange","location":{"latitude":37.76844,"longitude":-38.348389}}