{
  "_id": "55ee5e4452edbdb60d2c3155",
  "index": 1280,
  "guid": "6e7853f0-f8a9-4fe9-a5ff-6d35b8228adc",
  "isActive": true,
  "balance": "$72,171.38",
  "picture": "http://placehold.it/32x32",
  "age": 23,
  "eyeColor": "brown",
  "name": "Reynolds Dejesus",
  "gender": "male",
  "company": "TELEPARK",
  "email": "reynoldsdejesus@telepark.com",
  "phone": "+1 (911) 579-2563",
  "address": "336 Agate Court, Yettem, Washington, 5527",
  "about": "Est adipisicing in do reprehenderit. Tempor culpa dolore est enim culpa irure culpa sit. Eu velit esse sit nisi enim elit Lorem qui tempor adipisicing labore ut. Magna voluptate eiusmod adipisicing consequat ut qui. Officia mollit minim cillum quis do est magna ea quis. Do aliqua quis excepteur est in pariatur et in ad in non. Minim dolor occaecat pariatur commodo reprehenderit pariatur.\r\n",
  "registered": "2015-03-05T06:56:25-07:00",
  "tags": [
    "sint",
    "velit",
    "eu",
    "laborum",
    "nulla",
    "id",
    "laborum"
  ],
  "friends": [
    {
      "id": 0,
      "name": "Blanca Cantrell"
    },
    {
      "id": 1,
      "name": "Brennan Massey"
    },
    {
      "id": 2,
      "name": "Lorna Holmes"
    }
  ],
  "greeting": "Hello, Reynolds Dejesus! You have 5 unread messages.",
  "favoriteFruit": "strawberry",
  "location": {
    "latitude": -7.393887,
    "longitude": -70.423054
  },
  "docFormat": "json",
  "triples": [
    {
      "triple": {
        "subject": "/sample-data/data-1280.json",
        "predicate": "http://www.w3.org/2000/01/rdf-schema#label",
        "object": "Reynolds Dejesus"
      }
    },
    {
      "triple": {
        "subject": "/sample-data/data-1280.json",
        "predicate": "http://www.w3.org/1999/02/22-rdf-syntax-ns#type",
        "object": "http://xmlns.com/foaf/0.1/Person"
      }
    },
    {
      "triple": {
        "subject": "/sample-data/data-1280.json",
        "predicate": "http://xmlns.com/foaf/0.1/knows",
        "object": "/sample-data/data-1672.json"
      }
    },
    {
      "triple": {
        "subject": "/sample-data/data-1280.json",
        "predicate": "http://xmlns.com/foaf/0.1/knows",
        "object": "/sample-data/data-2347.json"
      }
    },
    {
      "triple": {
        "subject": "/sample-data/data-1280.json",
        "predicate": "http://xmlns.com/foaf/0.1/knows",
        "object": "/sample-data/data-1988.json"
      }
    }
  ]
}