{
  "_id": "55ee5e449218fef58ebb1ee7",
  "index": 1208,
  "guid": "a83d537d-68e2-4ad3-9da0-00fce78ba3e1",
  "isActive": false,
  "balance": "$97,242.74",
  "picture": "http://placehold.it/32x32",
  "age": 56,
  "eyeColor": "blue",
  "name": "Bowman Watkins",
  "gender": "male",
  "company": "DATAGENE",
  "email": "bowmanwatkins@datagene.com",
  "phone": "+1 (825) 412-2744",
  "address": "342 Ebony Court, Whitmer, North Dakota, 7059",
  "about": "Nisi non excepteur magna consequat. Irure ut sunt est est aliqua proident officia aliqua in fugiat occaecat. Sit nulla sunt tempor Lorem tempor. Elit dolor officia enim irure nisi mollit excepteur proident sint et anim exercitation.\r\n",
  "registered": "2014-04-11T01:29:49-07:00",
  "tags": [
    "culpa",
    "in",
    "anim",
    "anim",
    "aute",
    "esse",
    "aliqua"
  ],
  "friends": [
    {
      "id": 0,
      "name": "Marisol Fields"
    },
    {
      "id": 1,
      "name": "Lillie Harmon"
    },
    {
      "id": 2,
      "name": "Sara Stone"
    }
  ],
  "greeting": "Hello, Bowman Watkins! You have 5 unread messages.",
  "favoriteFruit": "orange",
  "location": {
    "latitude": -77.74711,
    "longitude": -58.577936
  },
  "docFormat": "json",
  "triples": [
    {
      "triple": {
        "subject": "/sample-data/data-1208.json",
        "predicate": "http://www.w3.org/2000/01/rdf-schema#label",
        "object": "Bowman Watkins"
      }
    },
    {
      "triple": {
        "subject": "/sample-data/data-1208.json",
        "predicate": "http://www.w3.org/1999/02/22-rdf-syntax-ns#type",
        "object": "http://xmlns.com/foaf/0.1/Person"
      }
    },
    {
      "triple": {
        "subject": "/sample-data/data-1208.json",
        "predicate": "http://xmlns.com/foaf/0.1/knows",
        "object": "/sample-data/data-485.json"
      }
    },
    {
      "triple": {
        "subject": "/sample-data/data-1208.json",
        "predicate": "http://xmlns.com/foaf/0.1/knows",
        "object": "/sample-data/data-1230.json"
      }
    },
    {
      "triple": {
        "subject": "/sample-data/data-1208.json",
        "predicate": "http://xmlns.com/foaf/0.1/knows",
        "object": "/sample-data/data-2266.json"
      }
    }
  ]
}