{"_id":"55ee5e44dab6d857e71dc364","index":1293,"guid":"88465e49-7c68-4b74-b5c4-adefacb6920d","isActive":true,"balance":"$50,956.42","picture":"http://placehold.it/32x32","age":34,"eyeColor":"green","name":"Jan Tyler","gender":"female","company":"EARGO","email":"jantyler@eargo.com","phone":"+1 (941) 591-3490","address":"818 Cobek Court, Monument, West Virginia, 2322","about":"Magna dolore laboris tempor mollit sint. Elit veniam enim nostrud adipisicing sint id minim et eu proident laborum deserunt. Incididunt nulla minim et consectetur nostrud commodo elit fugiat. Duis sint fugiat irure ipsum quis in eiusmod incididunt eiusmod cillum duis do aute duis. Anim ullamco adipisicing exercitation minim ut ipsum commodo enim aliquip laborum ea sunt anim. Officia excepteur incididunt amet veniam sunt dolore deserunt anim mollit ullamco ut quis fugiat.\r\n","registered":"2015-06-06T04:37:20 -07:00","tags":["pariatur","proident","sit","dolore","elit","laborum","dolor"],"friends":[{"id":0,"name":"Blake Powers"},{"id":1,"name":"Warren Conrad"},{"id":2,"name":"Adrian Battle"}],"greeting":"Hello, Jan Tyler! You have 1 unread messages.","favoriteFruit":"strawberry","location":{"latitude":-72.352359,"longitude":127.183813},"docFormat":"json"}