{"_id":"55ee5e44bd8351b18149b928","index":1185,"guid":"73092e6b-49ad-4a99-bfd6-5c9d40f61ec7","isActive":false,"balance":"$29,161.13","picture":"http://placehold.it/32x32","age":57,"eyeColor":"brown","name":"Hendrix Brown","gender":"male","company":"FROSNEX","email":"hendrixbrown@frosnex.com","phone":"+1 (932) 483-3907","address":"648 Drew Street, Grill, Wyoming, 5469","about":"Ad velit esse est occaecat ea incididunt incididunt nulla sit commodo. Sint nulla ad cupidatat deserunt ex et duis cillum eiusmod id aliquip exercitation. Irure deserunt sit officia est sit culpa deserunt. Nisi qui tempor duis labore.\r\n","registered":"2014-10-28T09:41:57 -07:00","tags":["sunt","aliqua","adipisicing","nisi","minim","laboris","sit"],"friends":[{"id":0,"name":"Lawanda Shannon"},{"id":1,"name":"Katy Navarro"},{"id":2,"name":"Hebert Todd"}],"greeting":"Hello, Hendrix Brown! You have 5 unread messages.","favoriteFruit":"pear","location":{"latitude":-63.418656,"longitude":-24.581763},"docFormat":"json","triples":[{"triple":{"subject":"/sample-data/data-1185.json","predicate":"http://www.w3.org/2000/01/rdf-schema#label","object":"Hendrix Brown"}},{"triple":{"subject":"/sample-data/data-1185.json","predicate":"http://www.w3.org/1999/02/22-rdf-syntax-ns#type","object":"http://xmlns.com/foaf/0.1/Person"}},{"triple":{"subject":"/sample-data/data-1185.json","predicate":"http://xmlns.com/foaf/0.1/knows","object":"/sample-data/data-1680.json"}},{"triple":{"subject":"/sample-data/data-1185.json","predicate":"http://xmlns.com/foaf/0.1/knows","object":"/sample-data/data-2976.json"}},{"triple":{"subject":"/sample-data/data-1185.json","predicate":"http://xmlns.com/foaf/0.1/knows","object":"/sample-data/data-2328.json"}}]}