{"_id":"55ee5e4490a99ade8e72e609","index":1157,"guid":"9e2a68b1-8426-4be1-84f9-6fc171b37d3f","isActive":false,"balance":"$41,594.47","picture":"http://placehold.it/32x32","age":21,"eyeColor":"brown","name":"Logan Graham","gender":"male","company":"SOFTMICRO","email":"logangraham@softmicro.com","phone":"+1 (982) 597-2216","address":"453 Chestnut Street, Fillmore, Texas, 4247","about":"Est labore incididunt aliquip dolore nisi minim excepteur id in cillum mollit excepteur velit. Aliquip commodo occaecat labore fugiat commodo deserunt occaecat. Nostrud culpa dolor dolore ad fugiat eu anim non labore. Et tempor quis nisi aliqua cillum ex in laboris consequat velit minim eu. Incididunt ad cillum est non amet aliquip Lorem eiusmod eiusmod.\r\n","registered":"2015-05-15T03:45:36 -07:00","tags":["adipisicing","eu","mollit","ex","voluptate","sint","consectetur"],"friends":[{"id":0,"name":"Ebony Weeks"},{"id":1,"name":"Elliott Mcdonald"},{"id":2,"name":"Lorie Flores"}],"greeting":"Hello, Logan Graham! You have 7 unread messages.","favoriteFruit":"apple","location":{"latitude":49.272611,"longitude":10.241756}}