{
  "_id": "55ee5e441c3d2c300734b0cb",
  "index": 1306,
  "guid": "75347278-66b1-4d51-926d-4e1d46eebfc4",
  "isActive": true,
  "balance": "$92,374.92",
  "picture": "http://placehold.it/32x32",
  "age": 42,
  "eyeColor": "green",
  "name": "Noel Sosa",
  "gender": "male",
  "company": "ESCHOIR",
  "email": "noelsosa@eschoir.com",
  "phone": "+1 (918) 404-3638",
  "address": "441 Sutter Avenue, Wescosville, Iowa, 2143",
  "about": "Consequat aute nostrud ullamco occaecat fugiat occaecat voluptate pariatur eiusmod est. Dolore laborum sint exercitation ea. Quis excepteur id tempor laboris non ut velit dolor consectetur minim. Labore cupidatat quis eiusmod ad culpa sint cillum voluptate nulla laboris aliquip exercitation. Laboris est Lorem duis minim officia amet. Mollit excepteur consequat ipsum mollit nisi ex minim proident duis.\r\n",
  "registered": "2015-06-29T02:50:08-07:00",
  "tags": [
    "esse",
    "eu",
    "cillum",
    "ex",
    "laboris",
    "irure",
    "elit"
  ],
  "friends": [
    {
      "id": 0,
      "name": "Esther Orr"
    },
    {
      "id": 1,
      "name": "Diaz Saunders"
    },
    {
      "id": 2,
      "name": "Golden Martin"
    }
  ],
  "greeting": "Hello, Noel Sosa! You have 10 unread messages.",
  "favoriteFruit": "orange",
  "location": {
    "latitude": 18.797769,
    "longitude": -130.636422
  },
  "docFormat": "json",
  "triples": [
    {
      "triple": {
        "subject": "/sample-data/data-1306.json",
        "predicate": "http://www.w3.org/2000/01/rdf-schema#label",
        "object": "Noel Sosa"
      }
    },
    {
      "triple": {
        "subject": "/sample-data/data-1306.json",
        "predicate": "http://www.w3.org/1999/02/22-rdf-syntax-ns#type",
        "object": "http://xmlns.com/foaf/0.1/Person"
      }
    },
    {
      "triple": {
        "subject": "/sample-data/data-1306.json",
        "predicate": "http://xmlns.com/foaf/0.1/knows",
        "object": "/sample-data/data-740.json"
      }
    },
    {
      "triple": {
        "subject": "/sample-data/data-1306.json",
        "predicate": "http://xmlns.com/foaf/0.1/knows",
        "object": "/sample-data/data-1501.json"
      }
    },
    {
      "triple": {
        "subject": "/sample-data/data-1306.json",
        "predicate": "http://xmlns.com/foaf/0.1/knows",
        "object": "/sample-data/data-1601.json"
      }
    }
  ]
}