{
  "_id": "55ee5e4466f2dea00f50cfad",
  "index": 1119,
  "guid": "ea82b5c8-0db6-4c73-9ecb-c4babe5090c4",
  "isActive": true,
  "balance": "$37,810.00",
  "picture": "http://placehold.it/32x32",
  "age": 20,
  "eyeColor": "blue",
  "name": "Wilson Oconnor",
  "gender": "male",
  "company": "TRANSLINK",
  "email": "wilsonoconnor@translink.com",
  "phone": "+1 (998) 481-2726",
  "address": "208 Horace Court, Wildwood, West Virginia, 9922",
  "about": "Amet proident eu voluptate cillum. Tempor cillum cupidatat laborum nulla ullamco duis reprehenderit pariatur. Voluptate ut et elit minim cillum duis duis. Aute elit nisi consectetur ullamco velit elit incididunt commodo aliqua cillum ea ea esse. Mollit irure dolore est mollit. Anim aute esse velit enim aute mollit ea ea velit irure esse.\r\n",
  "registered": "2015-05-08T04:53:33-07:00",
  "tags": [
    "id",
    "deserunt",
    "quis",
    "excepteur",
    "pariatur",
    "ad",
    "mollit"
  ],
  "friends": [
    {
      "id": 0,
      "name": "Juana Bruce"
    },
    {
      "id": 1,
      "name": "Donaldson Finley"
    },
    {
      "id": 2,
      "name": "Todd Morris"
    }
  ],
  "greeting": "Hello, Wilson Oconnor! You have 3 unread messages.",
  "favoriteFruit": "banana",
  "location": {
    "latitude": -53.897389,
    "longitude": -56.053094
  },
  "docFormat": "json",
  "triples": [
    {
      "triple": {
        "subject": "/sample-data/data-1119.json",
        "predicate": "http://www.w3.org/2000/01/rdf-schema#label",
        "object": "Wilson Oconnor"
      }
    },
    {
      "triple": {
        "subject": "/sample-data/data-1119.json",
        "predicate": "http://www.w3.org/1999/02/22-rdf-syntax-ns#type",
        "object": "http://xmlns.com/foaf/0.1/Person"
      }
    },
    {
      "triple": {
        "subject": "/sample-data/data-1119.json",
        "predicate": "http://xmlns.com/foaf/0.1/knows",
        "object": "/sample-data/data-1389.json"
      }
    },
    {
      "triple": {
        "subject": "/sample-data/data-1119.json",
        "predicate": "http://xmlns.com/foaf/0.1/knows",
        "object": "/sample-data/data-480.json"
      }
    },
    {
      "triple": {
        "subject": "/sample-data/data-1119.json",
        "predicate": "http://xmlns.com/foaf/0.1/knows",
        "object": "/sample-data/data-1753.json"
      }
    }
  ]
}