{
  "_id": "55ee5e445dce07bb450010a8",
  "index": 1304,
  "guid": "0ad1434b-ec4c-4fc4-a7d4-8f8de542971a",
  "isActive": true,
  "balance": "$37,599.48",
  "picture": "http://placehold.it/32x32",
  "age": 58,
  "eyeColor": "blue",
  "name": "Maryann Sandoval",
  "gender": "female",
  "company": "AUTOMON",
  "email": "maryannsandoval@automon.com",
  "phone": "+1 (898) 563-3303",
  "address": "751 Hampton Place, Barrelville, Colorado, 396",
  "about": "Ad in mollit adipisicing duis. Duis veniam nisi minim nostrud incididunt eiusmod eiusmod cupidatat adipisicing enim cillum ipsum. Duis non velit sit fugiat consectetur. Irure mollit officia magna anim amet aliquip ipsum quis est. Irure dolore in sint ad minim excepteur ex elit. Aliqua eu eiusmod incididunt amet velit occaecat exercitation excepteur ea ut pariatur dolore nulla. Occaecat sunt ea dolor do commodo dolore sunt nisi consectetur ut mollit veniam officia reprehenderit.\r\n",
  "registered": "2015-01-20T05:02:45-07:00",
  "tags": [
    "ipsum",
    "anim",
    "velit",
    "esse",
    "amet",
    "proident",
    "ea"
  ],
  "friends": [
    {
      "id": 0,
      "name": "Nadia Sheppard"
    },
    {
      "id": 1,
      "name": "Amie Henson"
    },
    {
      "id": 2,
      "name": "Consuelo Sims"
    }
  ],
  "greeting": "Hello, Maryann Sandoval! You have 8 unread messages.",
  "favoriteFruit": "orange",
  "location": {
    "latitude": -74.971985,
    "longitude": -60.687161
  },
  "docFormat": "json",
  "triples": [
    {
      "triple": {
        "subject": "/sample-data/data-1304.json",
        "predicate": "http://www.w3.org/2000/01/rdf-schema#label",
        "object": "Maryann Sandoval"
      }
    },
    {
      "triple": {
        "subject": "/sample-data/data-1304.json",
        "predicate": "http://www.w3.org/1999/02/22-rdf-syntax-ns#type",
        "object": "http://xmlns.com/foaf/0.1/Person"
      }
    },
    {
      "triple": {
        "subject": "/sample-data/data-1304.json",
        "predicate": "http://xmlns.com/foaf/0.1/knows",
        "object": "/sample-data/data-1677.json"
      }
    },
    {
      "triple": {
        "subject": "/sample-data/data-1304.json",
        "predicate": "http://xmlns.com/foaf/0.1/knows",
        "object": "/sample-data/data-854.json"
      }
    },
    {
      "triple": {
        "subject": "/sample-data/data-1304.json",
        "predicate": "http://xmlns.com/foaf/0.1/knows",
        "object": "/sample-data/data-2539.json"
      }
    }
  ]
}