{"_id":"55ee5e44d6f27f979cee0aab","index":1415,"guid":"f809abe2-9bed-44b2-9d46-51dffb4287ea","isActive":true,"balance":"$53,493.58","picture":"http://placehold.it/32x32","age":32,"eyeColor":"blue","name":"Tamika Macias","gender":"female","company":"FLUMBO","email":"tamikamacias@flumbo.com","phone":"+1 (917) 406-2133","address":"314 Stratford Road, Darrtown, Louisiana, 5874","about":"Minim voluptate eiusmod est id aliqua irure aliqua do sit non tempor. Sint enim culpa quis cillum ad esse nostrud eu duis ullamco minim dolore. Exercitation irure ullamco non aliqua. Ad est eu cillum excepteur aute aliquip occaecat cupidatat minim velit esse deserunt. Voluptate reprehenderit sit et eiusmod sit. Non aute Lorem adipisicing commodo officia occaecat sint ea ut dolore.\r\n","registered":"2015-03-12T06:48:00 -07:00","tags":["aliqua","aliqua","laborum","Lorem","elit","sit","Lorem"],"friends":[{"id":0,"name":"Foley Bush"},{"id":1,"name":"Randall Cardenas"},{"id":2,"name":"Nicholson Strong"}],"greeting":"Hello, Tamika Macias! You have 4 unread messages.","favoriteFruit":"apple","location":{"latitude":35.364625,"longitude":-67.450204}}