{"_id":"55ee5e445d7be442dabc7edb","index":135,"guid":"37a45d2d-cfc5-4cf5-9bee-983efcaa04e7","isActive":false,"balance":"$18,307.31","picture":"http://placehold.it/32x32","age":22,"eyeColor":"blue","name":"Rebekah Tate","gender":"female","company":"INVENTURE","email":"rebekahtate@inventure.com","phone":"+1 (886) 555-3635","address":"909 Kane Street, Gorst, Marshall Islands, 8153","about":"Aute in amet ea ea deserunt velit excepteur laboris ex. Enim cillum adipisicing commodo elit mollit. Ea ipsum qui tempor duis eu velit. Occaecat dolor et culpa pariatur aliquip fugiat non. Laborum do mollit minim cillum duis officia esse ea irure occaecat.\r\n","registered":"2014-10-09T04:39:17 -07:00","tags":["aute","ad","magna","nisi","officia","sunt","laboris"],"friends":[{"id":0,"name":"Hooper Mcconnell"},{"id":1,"name":"Hood Finch"},{"id":2,"name":"Sweet Ramos"}],"greeting":"Hello, Rebekah Tate! You have 4 unread messages.","favoriteFruit":"apple","location":{"latitude":-34.533207,"longitude":114.391905},"docFormat":"json"}