{"_id":"55ee5e44e0a71ebf760f24ca","index":1167,"guid":"04153de4-a74c-4ef5-a02b-366a7bf1ed15","isActive":true,"balance":"$47,078.83","picture":"http://placehold.it/32x32","age":24,"eyeColor":"green","name":"Morse Le","gender":"male","company":"TWIIST","email":"morsele@twiist.com","phone":"+1 (889) 542-2441","address":"501 Ocean Court, Cutter, Illinois, 9544","about":"Veniam irure ut exercitation esse qui elit laboris voluptate tempor nulla ullamco enim velit. Reprehenderit Lorem officia incididunt reprehenderit esse. Anim enim commodo Lorem nulla voluptate culpa do et ad incididunt.\r\n","registered":"2014-08-11T04:00:44 -07:00","tags":["eiusmod","nulla","eiusmod","irure","non","laboris","laborum"],"friends":[{"id":0,"name":"Natasha Bates"},{"id":1,"name":"Anastasia Lowe"},{"id":2,"name":"Audrey Mcgee"}],"greeting":"Hello, Morse Le! You have 3 unread messages.","favoriteFruit":"strawberry","location":{"latitude":-38.410809,"longitude":36.907331}}