{"_id":"55ee5e443042440e938b0745","index":1081,"guid":"4f4d2981-19a6-4652-977f-d606a12f9295","isActive":true,"balance":"$83,910.22","picture":"http://placehold.it/32x32","age":54,"eyeColor":"green","name":"Leticia Kelly","gender":"female","company":"APEXIA","email":"leticiakelly@apexia.com","phone":"+1 (845) 541-3854","address":"740 Juliana Place, Gracey, New York, 7665","about":"Amet cupidatat occaecat dolor ex voluptate. Elit labore ad labore quis. Nulla in dolor do quis mollit. Dolore proident do nisi cillum ullamco eiusmod eiusmod cillum nisi adipisicing non deserunt anim dolore. Sunt proident tempor officia amet cupidatat aute do incididunt duis. Et exercitation dolor reprehenderit irure duis magna consequat consectetur.\r\n","registered":"2014-08-30T07:05:04 -07:00","tags":["nostrud","eiusmod","culpa","exercitation","et","in","est"],"friends":[{"id":0,"name":"Sasha Lowery"},{"id":1,"name":"Hickman Phillips"},{"id":2,"name":"Charlene Jimenez"}],"greeting":"Hello, Leticia Kelly! You have 8 unread messages.","favoriteFruit":"apple","location":{"latitude":17.114365,"longitude":-52.041004},"docFormat":"json"}