{"_id":"55ee5e446327f047a3c1db3c","index":1425,"guid":"0ba01b7d-dd07-4646-adb4-fbfa832e76f7","isActive":true,"balance":"$11,152.08","picture":"http://placehold.it/32x32","age":68,"eyeColor":"blue","name":"Randi Trujillo","gender":"female","company":"EGYPTO","email":"randitrujillo@egypto.com","phone":"+1 (927) 548-2451","address":"947 Orange Street, Sunwest, Connecticut, 6465","about":"Ullamco reprehenderit labore sint id est reprehenderit. Fugiat sit mollit amet eu consequat eu minim proident sint amet cupidatat officia. In laborum mollit dolor duis. Ullamco laboris ut occaecat elit tempor velit. Dolore quis cillum fugiat excepteur adipisicing pariatur est velit reprehenderit commodo laborum culpa ex adipisicing. Occaecat esse nulla occaecat minim ea nostrud. Ex do consectetur cupidatat eiusmod aliquip ipsum aliquip aliquip occaecat magna.\r\n","registered":"2014-09-10T04:11:41 -07:00","tags":["sit","nisi","consectetur","voluptate","nulla","magna","ut"],"friends":[{"id":0,"name":"Della Mercer"},{"id":1,"name":"Francis England"},{"id":2,"name":"Aimee Gibbs"}],"greeting":"Hello, Randi Trujillo! You have 10 unread messages.","favoriteFruit":"apple","location":{"latitude":15.804565,"longitude":-133.2034}}