{"_id":"55ee5e44c02b4f869dabc376","index":1029,"guid":"f6b74042-9d5c-4c42-b125-535a1c62b12e","isActive":true,"balance":"$56,214.96","picture":"http://placehold.it/32x32","age":70,"eyeColor":"brown","name":"Maude Hawkins","gender":"female","company":"EXTRAGENE","email":"maudehawkins@extragene.com","phone":"+1 (849) 434-3212","address":"754 Jardine Place, National, New Jersey, 3486","about":"Do sit incididunt duis esse tempor sit deserunt consectetur nulla aute ipsum laborum enim. Elit ut proident pariatur nostrud. Sint nostrud aliqua velit ullamco sit laboris. Aliqua cupidatat adipisicing nisi proident esse. Consequat et nostrud enim commodo nostrud sit labore veniam.\r\n","registered":"2014-07-25T10:43:10 -07:00","tags":["consectetur","sint","in","consectetur","ipsum","pariatur","ipsum"],"friends":[{"id":0,"name":"Ila Daniels"},{"id":1,"name":"Delgado Crosby"},{"id":2,"name":"Nichols Waller"}],"greeting":"Hello, Maude Hawkins! You have 7 unread messages.","favoriteFruit":"banana","location":{"latitude":36.865162,"longitude":71.404262}}