{
  "_id": "55ee5e441be0657b75df5f12",
  "index": 1383,
  "guid": "cfd4d4d5-4a5d-49b0-b023-7a9fd211e754",
  "isActive": true,
  "balance": "$69,663.35",
  "picture": "http://placehold.it/32x32",
  "age": 20,
  "eyeColor": "brown",
  "name": "Marquita Fuller",
  "gender": "female",
  "company": "ELECTONIC",
  "email": "marquitafuller@electonic.com",
  "phone": "+1 (803) 514-2546",
  "address": "645 Putnam Avenue, Robbins, South Carolina, 9829",
  "about": "Cupidatat consequat pariatur laborum Lorem. Incididunt eu officia occaecat officia magna nulla nisi ut ad incididunt in exercitation. Dolore fugiat et tempor aliqua deserunt. Velit eu elit adipisicing proident exercitation reprehenderit pariatur adipisicing. Consequat aliqua enim voluptate veniam. Est amet laboris elit magna quis nostrud consectetur est do nostrud.\r\n",
  "registered": "2014-03-23T02:21:50-07:00",
  "tags": [
    "in",
    "eiusmod",
    "aute",
    "sit",
    "mollit",
    "ipsum",
    "non"
  ],
  "friends": [
    {
      "id": 0,
      "name": "Veronica Pope"
    },
    {
      "id": 1,
      "name": "Zamora Baxter"
    },
    {
      "id": 2,
      "name": "Stacy Tate"
    }
  ],
  "greeting": "Hello, Marquita Fuller! You have 6 unread messages.",
  "favoriteFruit": "banana",
  "location": {
    "latitude": 58.544115,
    "longitude": -132.089372
  },
  "docFormat": "json",
  "triples": [
    {
      "triple": {
        "subject": "/sample-data/data-1383.json",
        "predicate": "http://www.w3.org/2000/01/rdf-schema#label",
        "object": "Marquita Fuller"
      }
    },
    {
      "triple": {
        "subject": "/sample-data/data-1383.json",
        "predicate": "http://www.w3.org/1999/02/22-rdf-syntax-ns#type",
        "object": "http://xmlns.com/foaf/0.1/Person"
      }
    },
    {
      "triple": {
        "subject": "/sample-data/data-1383.json",
        "predicate": "http://xmlns.com/foaf/0.1/knows",
        "object": "/sample-data/data-1114.json"
      }
    },
    {
      "triple": {
        "subject": "/sample-data/data-1383.json",
        "predicate": "http://xmlns.com/foaf/0.1/knows",
        "object": "/sample-data/data-1391.json"
      }
    },
    {
      "triple": {
        "subject": "/sample-data/data-1383.json",
        "predicate": "http://xmlns.com/foaf/0.1/knows",
        "object": "/sample-data/data-610.json"
      }
    }
  ]
}