{
  "_id": "55ee5e4464a44e92efc48cd2",
  "index": 1068,
  "guid": "814bf0d8-f80a-4fa4-9554-deabec32db5e",
  "isActive": true,
  "balance": "$34,564.21",
  "picture": "http://placehold.it/32x32",
  "age": 54,
  "eyeColor": "green",
  "name": "Elsa Madden",
  "gender": "female",
  "company": "BUZZMAKER",
  "email": "elsamadden@buzzmaker.com",
  "phone": "+1 (906) 436-2068",
  "address": "873 Fuller Place, Vallonia, Virginia, 7182",
  "about": "Do eiusmod exercitation qui fugiat Lorem dolor aute voluptate. Sit exercitation mollit adipisicing et sunt tempor ullamco nisi ex occaecat enim occaecat labore. Minim duis pariatur elit sunt aliquip.\r\n",
  "registered": "2014-08-16T09:20:48-07:00",
  "tags": [
    "cupidatat",
    "esse",
    "aliqua",
    "amet",
    "consectetur",
    "ut",
    "dolore"
  ],
  "friends": [
    {
      "id": 0,
      "name": "Joann Hahn"
    },
    {
      "id": 1,
      "name": "Hernandez Hayes"
    },
    {
      "id": 2,
      "name": "Carolyn Williams"
    }
  ],
  "greeting": "Hello, Elsa Madden! You have 10 unread messages.",
  "favoriteFruit": "banana",
  "location": {
    "latitude": -18.478284,
    "longitude": -136.287405
  },
  "docFormat": "json",
  "triples": [
    {
      "triple": {
        "subject": "/sample-data/data-1068.json",
        "predicate": "http://www.w3.org/2000/01/rdf-schema#label",
        "object": "Elsa Madden"
      }
    },
    {
      "triple": {
        "subject": "/sample-data/data-1068.json",
        "predicate": "http://www.w3.org/1999/02/22-rdf-syntax-ns#type",
        "object": "http://xmlns.com/foaf/0.1/Person"
      }
    },
    {
      "triple": {
        "subject": "/sample-data/data-1068.json",
        "predicate": "http://xmlns.com/foaf/0.1/knows",
        "object": "/sample-data/data-771.json"
      }
    },
    {
      "triple": {
        "subject": "/sample-data/data-1068.json",
        "predicate": "http://xmlns.com/foaf/0.1/knows",
        "object": "/sample-data/data-97.json"
      }
    },
    {
      "triple": {
        "subject": "/sample-data/data-1068.json",
        "predicate": "http://xmlns.com/foaf/0.1/knows",
        "object": "/sample-data/data-991.json"
      }
    }
  ]
}