{"_id":"55ee5e44ae51e13ab8e9b244","index":1358,"guid":"2cf53eed-789f-458d-a7c2-7c0386ff31e1","isActive":true,"balance":"$62,500.22","picture":"http://placehold.it/32x32","age":40,"eyeColor":"blue","name":"Cote Briggs","gender":"male","company":"CODACT","email":"cotebriggs@codact.com","phone":"+1 (834) 517-2966","address":"828 Onderdonk Avenue, Harleigh, Virginia, 660","about":"Proident elit irure quis sunt dolore id elit aute sint elit quis excepteur. Anim ipsum non duis sunt officia anim. Sit aliqua culpa minim elit do voluptate duis reprehenderit et duis cillum labore qui sunt. Exercitation deserunt mollit ipsum reprehenderit ex ex irure non ullamco. Magna ex tempor occaecat do duis do. Ullamco et excepteur laborum reprehenderit magna velit qui quis deserunt exercitation exercitation velit sit. Enim duis sit sunt et.\r\n","registered":"2014-10-08T03:51:11 -07:00","tags":["duis","ipsum","do","magna","veniam","cupidatat","reprehenderit"],"friends":[{"id":0,"name":"Earnestine Roach"},{"id":1,"name":"Ramsey Woodward"},{"id":2,"name":"Katrina Wheeler"}],"greeting":"Hello, Cote Briggs! You have 6 unread messages.","favoriteFruit":"strawberry","location":{"latitude":80.771483,"longitude":-14.154057},"docFormat":"json","triples":[{"triple":{"subject":"/sample-data/data-1358.json","predicate":"http://www.w3.org/2000/01/rdf-schema#label","object":"Cote Briggs"}},{"triple":{"subject":"/sample-data/data-1358.json","predicate":"http://www.w3.org/1999/02/22-rdf-syntax-ns#type","object":"http://xmlns.com/foaf/0.1/Person"}},{"triple":{"subject":"/sample-data/data-1358.json","predicate":"http://xmlns.com/foaf/0.1/knows","object":"/sample-data/data-1536.json"}},{"triple":{"subject":"/sample-data/data-1358.json","predicate":"http://xmlns.com/foaf/0.1/knows","object":"/sample-data/data-1320.json"}},{"triple":{"subject":"/sample-data/data-1358.json","predicate":"http://xmlns.com/foaf/0.1/knows","object":"/sample-data/data-14.json"}}]}