{
  "_id": "55ee5e44a47592ec5fb8bd59",
  "index": 1376,
  "guid": "d90ef083-1c39-4f65-bfda-f8ccbdd79319",
  "isActive": false,
  "balance": "$20,858.19",
  "picture": "http://placehold.it/32x32",
  "age": 43,
  "eyeColor": "brown",
  "name": "Amanda Raymond",
  "gender": "female",
  "company": "CONJURICA",
  "email": "amandaraymond@conjurica.com",
  "phone": "+1 (816) 550-3000",
  "address": "170 Euclid Avenue, Rivers, Massachusetts, 208",
  "about": "Adipisicing culpa elit dolore sint nisi eu id amet. Do voluptate adipisicing cupidatat Lorem labore mollit ullamco. Amet deserunt eiusmod Lorem proident non consectetur. Occaecat amet et duis laboris ut.\r\n",
  "registered": "2015-08-03T02:25:12-07:00",
  "tags": [
    "exercitation",
    "et",
    "sit",
    "ut",
    "sit",
    "mollit",
    "fugiat"
  ],
  "friends": [
    {
      "id": 0,
      "name": "Jeanette Hancock"
    },
    {
      "id": 1,
      "name": "Angel Blanchard"
    },
    {
      "id": 2,
      "name": "Vivian Waters"
    }
  ],
  "greeting": "Hello, Amanda Raymond! You have 3 unread messages.",
  "favoriteFruit": "apple",
  "location": {
    "latitude": 16.413583,
    "longitude": -53.24039
  },
  "docFormat": "json",
  "triples": [
    {
      "triple": {
        "subject": "/sample-data/data-1376.json",
        "predicate": "http://www.w3.org/2000/01/rdf-schema#label",
        "object": "Amanda Raymond"
      }
    },
    {
      "triple": {
        "subject": "/sample-data/data-1376.json",
        "predicate": "http://www.w3.org/1999/02/22-rdf-syntax-ns#type",
        "object": "http://xmlns.com/foaf/0.1/Person"
      }
    },
    {
      "triple": {
        "subject": "/sample-data/data-1376.json",
        "predicate": "http://xmlns.com/foaf/0.1/knows",
        "object": "/sample-data/data-1658.json"
      }
    },
    {
      "triple": {
        "subject": "/sample-data/data-1376.json",
        "predicate": "http://xmlns.com/foaf/0.1/knows",
        "object": "/sample-data/data-584.json"
      }
    },
    {
      "triple": {
        "subject": "/sample-data/data-1376.json",
        "predicate": "http://xmlns.com/foaf/0.1/knows",
        "object": "/sample-data/data-848.json"
      }
    }
  ]
}