{
  "_id": "55ee5e44dfd9ccc12d0b69a6",
  "index": 1137,
  "guid": "9b3469bc-8fac-4380-9dc6-f5752147398b",
  "isActive": true,
  "balance": "$91,327.70",
  "picture": "http://placehold.it/32x32",
  "age": 58,
  "eyeColor": "brown",
  "name": "Shannon Holman",
  "gender": "female",
  "company": "HATOLOGY",
  "email": "shannonholman@hatology.com",
  "phone": "+1 (896) 505-2723",
  "address": "248 Brooklyn Avenue, Weogufka, Rhode Island, 3369",
  "about": "Duis tempor consequat aliquip est ut velit est duis elit deserunt laborum. Sit dolore officia in nulla sint sint exercitation. Magna velit reprehenderit Lorem commodo labore irure ea veniam sit dolore. Commodo elit enim pariatur in eiusmod deserunt esse fugiat nostrud ipsum non cillum dolore. Id irure laboris quis sint ad irure non eu exercitation eu veniam in incididunt. Minim fugiat ea ea culpa nostrud deserunt consequat culpa laboris qui fugiat exercitation veniam ipsum. Qui cillum eiusmod aliquip sint duis qui velit cupidatat dolor.\r\n",
  "registered": "2014-09-16T07:42:32-07:00",
  "tags": [
    "veniam",
    "velit",
    "pariatur",
    "nulla",
    "elit",
    "elit",
    "ea"
  ],
  "friends": [
    {
      "id": 0,
      "name": "Ruiz Sampson"
    },
    {
      "id": 1,
      "name": "Young Pickett"
    },
    {
      "id": 2,
      "name": "Barr Santos"
    }
  ],
  "greeting": "Hello, Shannon Holman! You have 6 unread messages.",
  "favoriteFruit": "apple",
  "location": {
    "latitude": 88.076982,
    "longitude": -86.617358
  },
  "docFormat": "json",
  "triples": [
    {
      "triple": {
        "subject": "/sample-data/data-1137.json",
        "predicate": "http://www.w3.org/2000/01/rdf-schema#label",
        "object": "Shannon Holman"
      }
    },
    {
      "triple": {
        "subject": "/sample-data/data-1137.json",
        "predicate": "http://www.w3.org/1999/02/22-rdf-syntax-ns#type",
        "object": "http://xmlns.com/foaf/0.1/Person"
      }
    },
    {
      "triple": {
        "subject": "/sample-data/data-1137.json",
        "predicate": "http://xmlns.com/foaf/0.1/knows",
        "object": "/sample-data/data-930.json"
      }
    },
    {
      "triple": {
        "subject": "/sample-data/data-1137.json",
        "predicate": "http://xmlns.com/foaf/0.1/knows",
        "object": "/sample-data/data-2433.json"
      }
    },
    {
      "triple": {
        "subject": "/sample-data/data-1137.json",
        "predicate": "http://xmlns.com/foaf/0.1/knows",
        "object": "/sample-data/data-2799.json"
      }
    }
  ]
}