{
  "_id": "55ee5e448e593b3d9a613204",
  "index": 1398,
  "guid": "f64e75bd-2eda-48af-bfe2-ae897261cebe",
  "isActive": true,
  "balance": "$86,233.84",
  "picture": "http://placehold.it/32x32",
  "age": 21,
  "eyeColor": "blue",
  "name": "Claire Erickson",
  "gender": "female",
  "company": "ANACHO",
  "email": "claireerickson@anacho.com",
  "phone": "+1 (939) 549-3921",
  "address": "484 Schenectady Avenue, Coventry, Alabama, 6676",
  "about": "Et tempor ullamco elit aliqua deserunt labore sint Lorem ad ex. Nisi cupidatat duis minim exercitation consectetur mollit excepteur. Velit eu est nulla exercitation voluptate nostrud ad dolore voluptate ex excepteur ipsum cillum eiusmod. Enim nisi ea tempor minim aliqua cillum excepteur incididunt sit sit excepteur laboris nisi velit. Veniam culpa cillum aliquip voluptate ad ut nostrud dolore duis qui dolor esse enim.\r\n",
  "registered": "2014-12-04T12:55:02-07:00",
  "tags": [
    "deserunt",
    "proident",
    "consectetur",
    "cillum",
    "magna",
    "occaecat",
    "adipisicing"
  ],
  "friends": [
    {
      "id": 0,
      "name": "Annabelle Haynes"
    },
    {
      "id": 1,
      "name": "Ashley Chaney"
    },
    {
      "id": 2,
      "name": "Adele Gill"
    }
  ],
  "greeting": "Hello, Claire Erickson! You have 8 unread messages.",
  "favoriteFruit": "strawberry",
  "location": {
    "latitude": -83.012944,
    "longitude": 97.48195
  },
  "docFormat": "json",
  "triples": [
    {
      "triple": {
        "subject": "/sample-data/data-1398.json",
        "predicate": "http://www.w3.org/2000/01/rdf-schema#label",
        "object": "Claire Erickson"
      }
    },
    {
      "triple": {
        "subject": "/sample-data/data-1398.json",
        "predicate": "http://www.w3.org/1999/02/22-rdf-syntax-ns#type",
        "object": "http://xmlns.com/foaf/0.1/Person"
      }
    },
    {
      "triple": {
        "subject": "/sample-data/data-1398.json",
        "predicate": "http://xmlns.com/foaf/0.1/knows",
        "object": "/sample-data/data-2485.json"
      }
    },
    {
      "triple": {
        "subject": "/sample-data/data-1398.json",
        "predicate": "http://xmlns.com/foaf/0.1/knows",
        "object": "/sample-data/data-567.json"
      }
    },
    {
      "triple": {
        "subject": "/sample-data/data-1398.json",
        "predicate": "http://xmlns.com/foaf/0.1/knows",
        "object": "/sample-data/data-2386.json"
      }
    }
  ]
}