{
  "_id": "55ee5e440ccb116a046e21b1",
  "index": 1324,
  "guid": "817c3981-0b74-4562-b632-e2ad1b63481c",
  "isActive": true,
  "balance": "$13,578.67",
  "picture": "http://placehold.it/32x32",
  "age": 62,
  "eyeColor": "brown",
  "name": "Charlotte Franks",
  "gender": "female",
  "company": "GORGANIC",
  "email": "charlottefranks@gorganic.com",
  "phone": "+1 (838) 450-2006",
  "address": "992 Nova Court, Riner, North Dakota, 7636",
  "about": "Deserunt ea commodo labore quis aute esse est laborum proident eu irure proident. Ullamco dolore ipsum excepteur velit laborum esse eiusmod Lorem do. Cillum labore pariatur velit velit excepteur Lorem eu et qui. Dolore fugiat laboris do eiusmod ex ullamco consequat sint fugiat officia pariatur anim id excepteur. Lorem occaecat incididunt incididunt id cillum elit duis laboris. Eiusmod deserunt nostrud nisi magna sit proident minim occaecat fugiat ipsum enim amet labore. Voluptate elit sit incididunt duis mollit nostrud exercitation.\r\n",
  "registered": "2015-03-02T12:37:07-07:00",
  "tags": [
    "ad",
    "sit",
    "eiusmod",
    "esse",
    "fugiat",
    "velit",
    "ex"
  ],
  "friends": [
    {
      "id": 0,
      "name": "Bell Harding"
    },
    {
      "id": 1,
      "name": "Valeria Bryan"
    },
    {
      "id": 2,
      "name": "Everett Adams"
    }
  ],
  "greeting": "Hello, Charlotte Franks! You have 2 unread messages.",
  "favoriteFruit": "banana",
  "location": {
    "latitude": 72.938782,
    "longitude": -118.863065
  },
  "docFormat": "json",
  "triples": [
    {
      "triple": {
        "subject": "/sample-data/data-1324.json",
        "predicate": "http://www.w3.org/2000/01/rdf-schema#label",
        "object": "Charlotte Franks"
      }
    },
    {
      "triple": {
        "subject": "/sample-data/data-1324.json",
        "predicate": "http://www.w3.org/1999/02/22-rdf-syntax-ns#type",
        "object": "http://xmlns.com/foaf/0.1/Person"
      }
    },
    {
      "triple": {
        "subject": "/sample-data/data-1324.json",
        "predicate": "http://xmlns.com/foaf/0.1/knows",
        "object": "/sample-data/data-2296.json"
      }
    },
    {
      "triple": {
        "subject": "/sample-data/data-1324.json",
        "predicate": "http://xmlns.com/foaf/0.1/knows",
        "object": "/sample-data/data-902.json"
      }
    },
    {
      "triple": {
        "subject": "/sample-data/data-1324.json",
        "predicate": "http://xmlns.com/foaf/0.1/knows",
        "object": "/sample-data/data-510.json"
      }
    }
  ]
}