{
  "_id": "55ee5e447e1ff99cb460e055",
  "index": 1004,
  "guid": "d410b09a-7439-4c79-b315-3782e6fb46f7",
  "isActive": false,
  "balance": "$43,618.49",
  "picture": "http://placehold.it/32x32",
  "age": 49,
  "eyeColor": "brown",
  "name": "Hatfield Lindsey",
  "gender": "male",
  "company": "COASH",
  "email": "hatfieldlindsey@coash.com",
  "phone": "+1 (843) 543-2956",
  "address": "912 Bethel Loop, Hartsville/Hartley, Alaska, 2224",
  "about": "Duis excepteur minim officia aute eiusmod amet consequat. Ullamco ad aute labore amet dolore culpa. Mollit ex duis voluptate ea dolor duis qui amet occaecat dolor ad. Eiusmod sit irure aute excepteur ad anim sunt Lorem ea eu cupidatat. Nisi cillum consequat labore pariatur pariatur do excepteur.\r\n",
  "registered": "2014-09-11T02:46:33-07:00",
  "tags": [
    "qui",
    "labore",
    "nisi",
    "exercitation",
    "cupidatat",
    "elit",
    "labore"
  ],
  "friends": [
    {
      "id": 0,
      "name": "Pearlie Drake"
    },
    {
      "id": 1,
      "name": "Bean Graves"
    },
    {
      "id": 2,
      "name": "Yvonne Hansen"
    }
  ],
  "greeting": "Hello, Hatfield Lindsey! You have 10 unread messages.",
  "favoriteFruit": "banana",
  "location": {
    "latitude": 23.342124,
    "longitude": -162.416031
  },
  "docFormat": "json",
  "triples": [
    {
      "triple": {
        "subject": "/sample-data/data-1004.json",
        "predicate": "http://www.w3.org/2000/01/rdf-schema#label",
        "object": "Hatfield Lindsey"
      }
    },
    {
      "triple": {
        "subject": "/sample-data/data-1004.json",
        "predicate": "http://www.w3.org/1999/02/22-rdf-syntax-ns#type",
        "object": "http://xmlns.com/foaf/0.1/Person"
      }
    },
    {
      "triple": {
        "subject": "/sample-data/data-1004.json",
        "predicate": "http://xmlns.com/foaf/0.1/knows",
        "object": "/sample-data/data-385.json"
      }
    },
    {
      "triple": {
        "subject": "/sample-data/data-1004.json",
        "predicate": "http://xmlns.com/foaf/0.1/knows",
        "object": "/sample-data/data-2435.json"
      }
    },
    {
      "triple": {
        "subject": "/sample-data/data-1004.json",
        "predicate": "http://xmlns.com/foaf/0.1/knows",
        "object": "/sample-data/data-1497.json"
      }
    }
  ]
}