{"_id":"55ee5e442ac4388eea0758fd","index":1424,"guid":"0bf7dea9-b61d-4d04-94ef-4986d93491d8","isActive":false,"balance":"$45,728.81","picture":"http://placehold.it/32x32","age":22,"eyeColor":"brown","name":"Rivera Pace","gender":"male","company":"FUTURIS","email":"riverapace@futuris.com","phone":"+1 (953) 569-3967","address":"777 Devon Avenue, Westphalia, District Of Columbia, 6917","about":"Voluptate nulla nulla sint consectetur Lorem veniam incididunt qui do id sit. Amet ea aliquip deserunt magna fugiat eiusmod. Culpa officia exercitation anim ullamco veniam sint sunt occaecat deserunt sint duis. Exercitation aute laboris ex nostrud laboris commodo exercitation anim ullamco elit esse sint aute.\r\n","registered":"2015-02-04T02:54:20 -07:00","tags":["deserunt","ullamco","ex","do","amet","Lorem","excepteur"],"friends":[{"id":0,"name":"Tabitha Maxwell"},{"id":1,"name":"Tara Carr"},{"id":2,"name":"Lavonne Koch"}],"greeting":"Hello, Rivera Pace! You have 1 unread messages.","favoriteFruit":"orange","location":{"latitude":47.364863,"longitude":19.251462}}