{"_id":"55ee5e447c3ee2d7222b6050","index":1015,"guid":"b6926f12-5397-46fc-94f3-f32e08cd2378","isActive":false,"balance":"$89,464.33","picture":"http://placehold.it/32x32","age":24,"eyeColor":"green","name":"Kathie Reyes","gender":"female","company":"SIGNITY","email":"kathiereyes@signity.com","phone":"+1 (900) 430-2428","address":"388 Howard Place, Somerset, Montana, 4259","about":"Laborum commodo consectetur mollit laboris irure enim irure ut consectetur. Anim ex enim ea laborum culpa eiusmod exercitation laborum velit. Labore sit minim et sint elit ut sunt ut reprehenderit.\r\n","registered":"2014-05-22T02:34:34 -07:00","tags":["mollit","anim","adipisicing","non","elit","eu","esse"],"friends":[{"id":0,"name":"Myra Bright"},{"id":1,"name":"Twila Long"},{"id":2,"name":"Olga Wilder"}],"greeting":"Hello, Kathie Reyes! You have 9 unread messages.","favoriteFruit":"orange","location":{"latitude":63.456877,"longitude":-155.790513}}