{"_id":"55ee5e4477d20e6af7e6943e","index":1356,"guid":"c77a7771-2296-4569-bc0e-dfe277b274f4","isActive":true,"balance":"$42,816.19","picture":"http://placehold.it/32x32","age":55,"eyeColor":"brown","name":"Barrett Bean","gender":"male","company":"BITTOR","email":"barrettbean@bittor.com","phone":"+1 (902) 539-3590","address":"264 Beaumont Street, Shaft, Federated States Of Micronesia, 174","about":"Dolor nisi officia do Lorem fugiat exercitation reprehenderit ullamco do in. Amet excepteur excepteur et duis sunt ullamco cillum occaecat nisi ad aliquip ullamco ut. Deserunt ut cillum nulla sint consequat est excepteur nulla proident. Fugiat est duis ea ipsum consectetur eiusmod ea esse. Incididunt commodo elit sit culpa minim cupidatat velit ut est pariatur nulla commodo eu laborum. Ex elit incididunt culpa ullamco cillum eiusmod ut tempor.\r\n","registered":"2015-04-28T10:38:47 -07:00","tags":["nostrud","aute","sunt","velit","et","Lorem","magna"],"friends":[{"id":0,"name":"Aurora Heath"},{"id":1,"name":"Bette Kennedy"},{"id":2,"name":"Holden Osborne"}],"greeting":"Hello, Barrett Bean! You have 3 unread messages.","favoriteFruit":"orange","location":{"latitude":-47.751502,"longitude":-162.196406}}