{"_id":"55ee5e448c6886f98ba0cf44","index":1151,"guid":"b53af479-cc0f-4b4f-b426-3cb98780646a","isActive":false,"balance":"$58,986.40","picture":"http://placehold.it/32x32","age":37,"eyeColor":"blue","name":"Watson Ware","gender":"male","company":"DANCITY","email":"watsonware@dancity.com","phone":"+1 (911) 545-2446","address":"365 Riverdale Avenue, Camptown, South Carolina, 3088","about":"Aute culpa ea exercitation ut voluptate officia occaecat. Lorem amet occaecat dolore labore consequat in adipisicing exercitation quis pariatur labore pariatur culpa sint. Duis ut quis officia ipsum cillum reprehenderit proident do nisi.\r\n","registered":"2014-07-03T05:22:55 -07:00","tags":["ex","esse","sint","consequat","veniam","Lorem","labore"],"friends":[{"id":0,"name":"Pacheco Mcpherson"},{"id":1,"name":"Rosie Bowers"},{"id":2,"name":"Eileen Paul"}],"greeting":"Hello, Watson Ware! You have 9 unread messages.","favoriteFruit":"pear","location":{"latitude":36.030966,"longitude":-160.861914},"docFormat":"json"}