{
  "_id": "55ee5e44bbbd9b8c60e2606b",
  "index": 108,
  "guid": "06421c68-cb01-4ed3-ab16-f431d9533696",
  "isActive": false,
  "balance": "$1,428.65",
  "picture": "http://placehold.it/32x32",
  "age": 63,
  "eyeColor": "green",
  "name": "Mildred Osborne",
  "gender": "female",
  "company": "ZILLANET",
  "email": "mildredosborne@zillanet.com",
  "phone": "+1 (857) 575-2798",
  "address": "570 Division Place, Blende, Tennessee, 8119",
  "about": "Aliqua magna nulla laboris nulla reprehenderit tempor eu ad ad ea ullamco adipisicing nulla in. Velit aliqua ex reprehenderit consequat anim fugiat. Irure adipisicing consequat qui commodo est exercitation minim deserunt cillum veniam. Irure nisi voluptate adipisicing sint fugiat.\r\n",
  "registered": "2015-05-15T03:55:27-07:00",
  "tags": [
    "sunt",
    "eiusmod",
    "nostrud",
    "officia",
    "cupidatat",
    "dolore",
    "do"
  ],
  "friends": [
    {
      "id": 0,
      "name": "Ginger Morrison"
    },
    {
      "id": 1,
      "name": "Perez Baldwin"
    },
    {
      "id": 2,
      "name": "Peggy Tillman"
    }
  ],
  "greeting": "Hello, Mildred Osborne! You have 9 unread messages.",
  "favoriteFruit": "strawberry",
  "location": {
    "latitude": 31.721318,
    "longitude": 13.555202
  },
  "docFormat": "json",
  "triples": [
    {
      "triple": {
        "subject": "/sample-data/data-108.json",
        "predicate": "http://www.w3.org/2000/01/rdf-schema#label",
        "object": "Mildred Osborne"
      }
    },
    {
      "triple": {
        "subject": "/sample-data/data-108.json",
        "predicate": "http://www.w3.org/1999/02/22-rdf-syntax-ns#type",
        "object": "http://xmlns.com/foaf/0.1/Person"
      }
    },
    {
      "triple": {
        "subject": "/sample-data/data-108.json",
        "predicate": "http://xmlns.com/foaf/0.1/knows",
        "object": "/sample-data/data-1384.json"
      }
    },
    {
      "triple": {
        "subject": "/sample-data/data-108.json",
        "predicate": "http://xmlns.com/foaf/0.1/knows",
        "object": "/sample-data/data-2811.json"
      }
    },
    {
      "triple": {
        "subject": "/sample-data/data-108.json",
        "predicate": "http://xmlns.com/foaf/0.1/knows",
        "object": "/sample-data/data-617.json"
      }
    }
  ]
}