{"_id":"55ee5e443ad702c840915747","index":126,"guid":"42e82c62-92a2-4016-9230-3c6442af44c7","isActive":true,"balance":"$44,761.01","picture":"http://placehold.it/32x32","age":60,"eyeColor":"brown","name":"Angie Reed","gender":"female","company":"LIMAGE","email":"angiereed@limage.com","phone":"+1 (858) 518-3675","address":"302 Wilson Avenue, Germanton, Vermont, 1989","about":"Eiusmod fugiat sunt mollit pariatur quis sunt ea et labore commodo adipisicing ipsum magna. Id amet Lorem amet labore nulla elit velit ea anim. Ullamco mollit incididunt irure consectetur anim ut ullamco pariatur magna nisi excepteur voluptate est sunt. Excepteur ipsum consectetur pariatur non. Pariatur ipsum id deserunt officia excepteur cupidatat. Esse nostrud ex magna dolor est pariatur ullamco sit. Ipsum veniam commodo enim incididunt.\r\n","registered":"2014-01-19T05:29:22 -07:00","tags":["labore","do","nisi","laboris","non","nostrud","cillum"],"friends":[{"id":0,"name":"Robbins Diaz"},{"id":1,"name":"Mayer Gomez"},{"id":2,"name":"Nguyen Kidd"}],"greeting":"Hello, Angie Reed! You have 8 unread messages.","favoriteFruit":"pear","location":{"latitude":-64.177044,"longitude":-45.592117},"docFormat":"json","triples":[{"triple":{"subject":"/sample-data/data-126.json","predicate":"http://www.w3.org/2000/01/rdf-schema#label","object":"Angie Reed"}},{"triple":{"subject":"/sample-data/data-126.json","predicate":"http://www.w3.org/1999/02/22-rdf-syntax-ns#type","object":"http://xmlns.com/foaf/0.1/Person"}},{"triple":{"subject":"/sample-data/data-126.json","predicate":"http://xmlns.com/foaf/0.1/knows","object":"/sample-data/data-865.json"}},{"triple":{"subject":"/sample-data/data-126.json","predicate":"http://xmlns.com/foaf/0.1/knows","object":"/sample-data/data-2354.json"}},{"triple":{"subject":"/sample-data/data-126.json","predicate":"http://xmlns.com/foaf/0.1/knows","object":"/sample-data/data-2042.json"}}]}