{"_id":"55ee5e44fc70c99e42a9e02b","index":1020,"guid":"a14ddafb-cbcf-4bfb-aa53-70e4097e2aa6","isActive":true,"balance":"$68,992.99","picture":"http://placehold.it/32x32","age":66,"eyeColor":"brown","name":"Shari Acosta","gender":"female","company":"PROWASTE","email":"shariacosta@prowaste.com","phone":"+1 (881) 408-3328","address":"262 Royce Street, Witmer, Idaho, 413","about":"Non qui do consectetur cillum elit consectetur consectetur ex et ipsum. Ea Lorem cupidatat proident amet duis non adipisicing ut et id non labore. Minim nostrud ut enim consectetur id ea cupidatat labore laboris excepteur eu amet.\r\n","registered":"2015-02-15T02:56:37 -07:00","tags":["Lorem","exercitation","est","irure","amet","ipsum","commodo"],"friends":[{"id":0,"name":"Jenifer Burris"},{"id":1,"name":"Macias Griffin"},{"id":2,"name":"Tisha Davis"}],"greeting":"Hello, Shari Acosta! You have 1 unread messages.","favoriteFruit":"banana","location":{"latitude":-29.978055,"longitude":-74.683627},"docFormat":"json"}