{
  "_id": "55ee5e44d874f752cda3f8e0",
  "index": 1176,
  "guid": "46fe530e-aff7-4d87-bead-7f9f64d026c7",
  "isActive": false,
  "balance": "$90,538.91",
  "picture": "http://placehold.it/32x32",
  "age": 58,
  "eyeColor": "blue",
  "name": "Hampton Gibbs",
  "gender": "male",
  "company": "GLEAMINK",
  "email": "hamptongibbs@gleamink.com",
  "phone": "+1 (899) 552-3737",
  "address": "848 Macdougal Street, Abrams, Arkansas, 8121",
  "about": "Do duis deserunt laborum occaecat labore sunt aliquip anim laborum officia et exercitation proident excepteur. Cillum qui aliquip labore laborum cupidatat ullamco deserunt veniam occaecat consequat pariatur pariatur qui elit. Reprehenderit qui fugiat laboris cillum sit veniam ad ad velit eiusmod laboris excepteur. Magna incididunt nulla reprehenderit culpa laboris sint magna aliqua. Irure enim ut minim irure ex non ea et laboris pariatur.\r\n",
  "registered": "2014-03-27T10:03:08-07:00",
  "tags": [
    "anim",
    "aute",
    "exercitation",
    "veniam",
    "consequat",
    "reprehenderit",
    "nisi"
  ],
  "friends": [
    {
      "id": 0,
      "name": "Kathleen Gonzalez"
    },
    {
      "id": 1,
      "name": "Huff Barr"
    },
    {
      "id": 2,
      "name": "Lee Love"
    }
  ],
  "greeting": "Hello, Hampton Gibbs! You have 3 unread messages.",
  "favoriteFruit": "apple",
  "location": {
    "latitude": 85.74503,
    "longitude": 39.115188
  },
  "docFormat": "json",
  "triples": [
    {
      "triple": {
        "subject": "/sample-data/data-1176.json",
        "predicate": "http://www.w3.org/2000/01/rdf-schema#label",
        "object": "Hampton Gibbs"
      }
    },
    {
      "triple": {
        "subject": "/sample-data/data-1176.json",
        "predicate": "http://www.w3.org/1999/02/22-rdf-syntax-ns#type",
        "object": "http://xmlns.com/foaf/0.1/Person"
      }
    },
    {
      "triple": {
        "subject": "/sample-data/data-1176.json",
        "predicate": "http://xmlns.com/foaf/0.1/knows",
        "object": "/sample-data/data-1217.json"
      }
    },
    {
      "triple": {
        "subject": "/sample-data/data-1176.json",
        "predicate": "http://xmlns.com/foaf/0.1/knows",
        "object": "/sample-data/data-1485.json"
      }
    },
    {
      "triple": {
        "subject": "/sample-data/data-1176.json",
        "predicate": "http://xmlns.com/foaf/0.1/knows",
        "object": "/sample-data/data-619.json"
      }
    }
  ]
}