{
  "_id": "55ee5e4468c89962213a9e1e",
  "index": 1416,
  "guid": "fd346246-397c-4359-af1c-83d324581e0a",
  "isActive": true,
  "balance": "$60,485.28",
  "picture": "http://placehold.it/32x32",
  "age": 59,
  "eyeColor": "green",
  "name": "Parks Holder",
  "gender": "male",
  "company": "BIOSPAN",
  "email": "parksholder@biospan.com",
  "phone": "+1 (817) 441-3509",
  "address": "473 Gold Street, Belva, Virginia, 8135",
  "about": "Ea consequat est voluptate magna ut in nostrud do. Consequat duis aute ullamco nulla cupidatat nulla cupidatat esse ullamco. Ad officia ea deserunt eiusmod labore fugiat do commodo magna. Nisi reprehenderit aliqua do anim. Laborum consequat magna et Lorem nisi amet officia culpa. Eiusmod est esse duis id duis pariatur laboris Lorem culpa est. Adipisicing consectetur reprehenderit do eiusmod id laborum laborum aliquip voluptate enim.\r\n",
  "registered": "2015-01-23T12:13:25-07:00",
  "tags": [
    "nisi",
    "consectetur",
    "magna",
    "nulla",
    "fugiat",
    "sunt",
    "fugiat"
  ],
  "friends": [
    {
      "id": 0,
      "name": "Vega Leach"
    },
    {
      "id": 1,
      "name": "Alberta Knowles"
    },
    {
      "id": 2,
      "name": "Bettie Le"
    }
  ],
  "greeting": "Hello, Parks Holder! You have 4 unread messages.",
  "favoriteFruit": "banana",
  "location": {
    "latitude": -53.180621,
    "longitude": -143.003751
  },
  "docFormat": "json",
  "triples": [
    {
      "triple": {
        "subject": "/sample-data/data-1416.json",
        "predicate": "http://www.w3.org/2000/01/rdf-schema#label",
        "object": "Parks Holder"
      }
    },
    {
      "triple": {
        "subject": "/sample-data/data-1416.json",
        "predicate": "http://www.w3.org/1999/02/22-rdf-syntax-ns#type",
        "object": "http://xmlns.com/foaf/0.1/Person"
      }
    },
    {
      "triple": {
        "subject": "/sample-data/data-1416.json",
        "predicate": "http://xmlns.com/foaf/0.1/knows",
        "object": "/sample-data/data-482.json"
      }
    },
    {
      "triple": {
        "subject": "/sample-data/data-1416.json",
        "predicate": "http://xmlns.com/foaf/0.1/knows",
        "object": "/sample-data/data-2784.json"
      }
    },
    {
      "triple": {
        "subject": "/sample-data/data-1416.json",
        "predicate": "http://xmlns.com/foaf/0.1/knows",
        "object": "/sample-data/data-2786.json"
      }
    }
  ]
}