{"_id":"55ee5e4422ed080083ecc3f9","index":1336,"guid":"18858641-2fff-41a6-b060-62911785bb51","isActive":true,"balance":"$85,977.55","picture":"http://placehold.it/32x32","age":34,"eyeColor":"brown","name":"Goodman Brewer","gender":"male","company":"OATFARM","email":"goodmanbrewer@oatfarm.com","phone":"+1 (842) 567-3255","address":"479 Jewel Street, Gambrills, Maine, 7299","about":"Tempor sint consectetur irure magna. Commodo pariatur cillum magna do tempor velit non aliqua nisi pariatur. Nostrud proident dolor aliqua sit do dolor laborum non ea. Cillum ullamco fugiat irure nulla ipsum sit mollit ut irure fugiat labore aute labore.\r\n","registered":"2014-05-12T07:47:39 -07:00","tags":["in","cupidatat","exercitation","pariatur","excepteur","sunt","aute"],"friends":[{"id":0,"name":"Miriam Norman"},{"id":1,"name":"Frederick Peck"},{"id":2,"name":"Lacey Valencia"}],"greeting":"Hello, Goodman Brewer! You have 9 unread messages.","favoriteFruit":"strawberry","location":{"latitude":83.096488,"longitude":-29.74523}}