{"_id":"55ee5e446110127b98d4cb22","index":137,"guid":"027e223d-cbec-4478-983c-5e34be0fd80d","isActive":false,"balance":"$93,058.13","picture":"http://placehold.it/32x32","age":49,"eyeColor":"green","name":"Eve Holt","gender":"female","company":"EQUITAX","email":"eveholt@equitax.com","phone":"+1 (945) 414-2786","address":"353 Matthews Court, Baden, Guam, 1852","about":"Voluptate eiusmod sunt minim elit dolore culpa et est cupidatat tempor dolor consectetur qui. Eiusmod culpa magna qui reprehenderit minim mollit. Et Lorem reprehenderit pariatur ullamco elit duis excepteur consequat. Anim esse mollit Lorem dolor veniam deserunt. Non est dolor eu anim occaecat. Lorem elit dolor pariatur consectetur Lorem ut quis pariatur sunt.\r\n","registered":"2015-04-20T03:56:52 -07:00","tags":["enim","qui","proident","cupidatat","amet","sunt","tempor"],"friends":[{"id":0,"name":"Desiree Velazquez"},{"id":1,"name":"Sanders Mcfadden"},{"id":2,"name":"Mayo Berg"}],"greeting":"Hello, Eve Holt! You have 3 unread messages.","favoriteFruit":"orange","location":{"latitude":63.104749,"longitude":-179.534287},"docFormat":"json"}