{"_id":"55ee5e44dd8a142aba190bcc","index":1312,"guid":"ddbac860-a654-4d53-ada7-cd26fa98aeaf","isActive":true,"balance":"$72,709.31","picture":"http://placehold.it/32x32","age":68,"eyeColor":"brown","name":"Hannah Herring","gender":"female","company":"VERTIDE","email":"hannahherring@vertide.com","phone":"+1 (876) 546-3967","address":"796 Rockaway Avenue, Rose, Nebraska, 1822","about":"Ea occaecat eiusmod in velit est culpa nisi quis ut cupidatat ullamco reprehenderit aliqua. Ut pariatur exercitation aute aliqua magna qui dolor incididunt. Et tempor ipsum pariatur Lorem. Consectetur dolor et ut pariatur reprehenderit deserunt sunt aliqua dolor consequat.\r\n","registered":"2014-10-03T04:52:55 -07:00","tags":["do","sint","ullamco","duis","irure","adipisicing","eu"],"friends":[{"id":0,"name":"Stein Weaver"},{"id":1,"name":"Williamson Boyer"},{"id":2,"name":"Patty Mckenzie"}],"greeting":"Hello, Hannah Herring! You have 1 unread messages.","favoriteFruit":"pear","location":{"latitude":22.644471,"longitude":-115.46297}}