{"_id":"55ee5e441420dbe957df46e1","index":1435,"guid":"85adb4b9-2230-4de4-a709-c49d40eb9a8e","isActive":true,"balance":"$57,027.80","picture":"http://placehold.it/32x32","age":69,"eyeColor":"green","name":"Allen Shannon","gender":"male","company":"HONOTRON","email":"allenshannon@honotron.com","phone":"+1 (836) 476-2910","address":"560 Coventry Road, Clarktown, New Jersey, 8440","about":"Proident est nostrud in nostrud et non pariatur sint ullamco eu aliquip nulla. Veniam incididunt laboris est ex anim mollit laboris eu non ut qui nostrud ea commodo. Et adipisicing mollit sint in cupidatat laboris non laborum veniam occaecat. Cupidatat aute pariatur irure dolore pariatur adipisicing cupidatat ea. Deserunt in veniam ipsum eu enim ut deserunt enim ex anim nulla ipsum commodo est. Labore dolore cillum elit aliqua cillum amet ipsum sint laboris enim nostrud tempor et officia. Adipisicing officia tempor esse veniam est ullamco laborum culpa amet elit amet anim.\r\n","registered":"2015-03-30T09:14:47 -07:00","tags":["ullamco","reprehenderit","deserunt","excepteur","amet","fugiat","aute"],"friends":[{"id":0,"name":"Ladonna Navarro"},{"id":1,"name":"Berger Todd"},{"id":2,"name":"Farley Quinn"}],"greeting":"Hello, Allen Shannon! You have 1 unread messages.","favoriteFruit":"apple","location":{"latitude":53.573711,"longitude":-57.744739}}