{
  "_id": "55ee5e44eb2e9f1794888613",
  "index": 1093,
  "guid": "3042aa88-5ffe-4697-ab4f-42c73eddc8f8",
  "isActive": false,
  "balance": "$85,588.48",
  "picture": "http://placehold.it/32x32",
  "age": 29,
  "eyeColor": "blue",
  "name": "Walsh Booker",
  "gender": "male",
  "company": "DATAGEN",
  "email": "walshbooker@datagen.com",
  "phone": "+1 (851) 540-2904",
  "address": "799 Kings Place, Fairview, South Carolina, 9603",
  "about": "Velit sit duis veniam officia qui fugiat officia duis aute. Esse ut veniam fugiat ex ut eu velit. Esse ut nisi cillum labore incididunt est dolor.\r\n",
  "registered": "2015-01-01T09:41:51-07:00",
  "tags": [
    "reprehenderit",
    "anim",
    "sunt",
    "commodo",
    "duis",
    "labore",
    "dolor"
  ],
  "friends": [
    {
      "id": 0,
      "name": "Crawford Larson"
    },
    {
      "id": 1,
      "name": "Cooley Hale"
    },
    {
      "id": 2,
      "name": "Arline Hoffman"
    }
  ],
  "greeting": "Hello, Walsh Booker! You have 5 unread messages.",
  "favoriteFruit": "strawberry",
  "location": {
    "latitude": -65.071601,
    "longitude": -138.213364
  },
  "docFormat": "json",
  "triples": [
    {
      "triple": {
        "subject": "/sample-data/data-1093.json",
        "predicate": "http://www.w3.org/2000/01/rdf-schema#label",
        "object": "Walsh Booker"
      }
    },
    {
      "triple": {
        "subject": "/sample-data/data-1093.json",
        "predicate": "http://www.w3.org/1999/02/22-rdf-syntax-ns#type",
        "object": "http://xmlns.com/foaf/0.1/Person"
      }
    },
    {
      "triple": {
        "subject": "/sample-data/data-1093.json",
        "predicate": "http://xmlns.com/foaf/0.1/knows",
        "object": "/sample-data/data-1934.json"
      }
    },
    {
      "triple": {
        "subject": "/sample-data/data-1093.json",
        "predicate": "http://xmlns.com/foaf/0.1/knows",
        "object": "/sample-data/data-714.json"
      }
    },
    {
      "triple": {
        "subject": "/sample-data/data-1093.json",
        "predicate": "http://xmlns.com/foaf/0.1/knows",
        "object": "/sample-data/data-1685.json"
      }
    }
  ]
}