{"_id":"55ee5e4449d9fb6700f74ac2","index":1143,"guid":"2640ec52-28d7-4307-aca0-ebc3e5d67bdc","isActive":true,"balance":"$75,182.59","picture":"http://placehold.it/32x32","age":38,"eyeColor":"blue","name":"Torres Jenkins","gender":"male","company":"DIGINETIC","email":"torresjenkins@diginetic.com","phone":"+1 (910) 543-2221","address":"336 Arion Place, Frystown, Minnesota, 7785","about":"Esse in officia amet ad nulla Lorem. Officia minim in deserunt elit consectetur nisi veniam incididunt irure ipsum veniam enim magna. Laborum elit pariatur anim et ut culpa eu exercitation.\r\n","registered":"2014-12-10T11:56:30 -07:00","tags":["mollit","et","mollit","mollit","quis","sit","aliqua"],"friends":[{"id":0,"name":"Opal Macdonald"},{"id":1,"name":"Morgan Huffman"},{"id":2,"name":"Parker Wyatt"}],"greeting":"Hello, Torres Jenkins! You have 8 unread messages.","favoriteFruit":"apple","location":{"latitude":-27.447255,"longitude":52.128829},"docFormat":"json","triples":[{"triple":{"subject":"/sample-data/data-1143.json","predicate":"http://www.w3.org/2000/01/rdf-schema#label","object":"Torres Jenkins"}},{"triple":{"subject":"/sample-data/data-1143.json","predicate":"http://www.w3.org/1999/02/22-rdf-syntax-ns#type","object":"http://xmlns.com/foaf/0.1/Person"}},{"triple":{"subject":"/sample-data/data-1143.json","predicate":"http://xmlns.com/foaf/0.1/knows","object":"/sample-data/data-122.json"}},{"triple":{"subject":"/sample-data/data-1143.json","predicate":"http://xmlns.com/foaf/0.1/knows","object":"/sample-data/data-1928.json"}},{"triple":{"subject":"/sample-data/data-1143.json","predicate":"http://xmlns.com/foaf/0.1/knows","object":"/sample-data/data-2869.json"}}]}