{"_id":"55ee5e44478f42d0d2e56a7b","index":1443,"guid":"882ff7c2-ee5f-415b-b8d9-cf7a55b55c1b","isActive":false,"balance":"$38,906.62","picture":"http://placehold.it/32x32","age":49,"eyeColor":"green","name":"Dollie Porter","gender":"female","company":"VERBUS","email":"dollieporter@verbus.com","phone":"+1 (915) 449-2057","address":"628 Williamsburg Street, Tyro, Palau, 1038","about":"Ipsum consectetur eiusmod do anim. Nostrud minim dolore dolore culpa sit cillum quis ea commodo nostrud. Amet sunt culpa ad dolore in do cupidatat ut proident proident et deserunt. Esse nisi culpa exercitation qui quis minim voluptate nulla nulla voluptate. Proident Lorem quis tempor aliquip fugiat. Nulla commodo aliquip aute commodo laboris sunt mollit officia qui consectetur.\r\n","registered":"2014-10-12T04:29:57 -07:00","tags":["sit","sunt","sunt","laborum","magna","adipisicing","non"],"friends":[{"id":0,"name":"Bryan Tyson"},{"id":1,"name":"Frank Mcfarland"},{"id":2,"name":"Janell Harper"}],"greeting":"Hello, Dollie Porter! You have 4 unread messages.","favoriteFruit":"banana","location":{"latitude":-31.249618,"longitude":128.72411},"docFormat":"json"}