{"_id":"55ee5e446c5a3de86cd8e31b","index":1139,"guid":"c5b66b26-e455-418c-a0b9-b53a72815cd7","isActive":false,"balance":"$4,005.11","picture":"http://placehold.it/32x32","age":32,"eyeColor":"green","name":"Cathy Kent","gender":"female","company":"EXOSWITCH","email":"cathykent@exoswitch.com","phone":"+1 (983) 510-2740","address":"898 Jamaica Avenue, Mulberry, New York, 5282","about":"Ut cupidatat ipsum sint id quis deserunt dolor Lorem voluptate do. Laborum ex quis reprehenderit cupidatat tempor sunt duis ipsum magna. Fugiat sunt irure ullamco enim. Quis do proident commodo amet dolor est voluptate commodo. Quis fugiat proident id irure culpa consectetur ut fugiat elit. Aliquip duis voluptate aliquip eu culpa velit.\r\n","registered":"2014-03-27T05:28:54 -07:00","tags":["exercitation","labore","amet","cupidatat","ullamco","occaecat","ad"],"friends":[{"id":0,"name":"Guerra Kaufman"},{"id":1,"name":"Dotson Mcbride"},{"id":2,"name":"Abigail Molina"}],"greeting":"Hello, Cathy Kent! You have 4 unread messages.","favoriteFruit":"banana","location":{"latitude":79.757213,"longitude":127.994672}}