{"_id":"55ee5e44a06ee9be5e30ed4b","index":1142,"guid":"5eb6acce-a414-4dd2-a3cc-237feca5909b","isActive":true,"balance":"$90,891.27","picture":"http://placehold.it/32x32","age":32,"eyeColor":"green","name":"Erma Lott","gender":"female","company":"UNIA","email":"ermalott@unia.com","phone":"+1 (886) 561-3015","address":"801 Cozine Avenue, Sterling, American Samoa, 8637","about":"Ea enim dolore occaecat pariatur aliqua officia anim nisi do. Sit aliqua ea ad exercitation nostrud laboris ex laboris Lorem pariatur enim eu ea. Reprehenderit officia laboris fugiat esse qui anim qui aliqua Lorem exercitation enim nostrud dolor. Est laborum do do ad. Nulla cillum quis elit pariatur dolore ipsum culpa culpa nisi cillum in consectetur labore labore.\r\n","registered":"2014-01-01T06:00:39 -07:00","tags":["aute","enim","ea","aliqua","sint","excepteur","reprehenderit"],"friends":[{"id":0,"name":"Blair Kramer"},{"id":1,"name":"Cross Cooke"},{"id":2,"name":"Bender Butler"}],"greeting":"Hello, Erma Lott! You have 2 unread messages.","favoriteFruit":"strawberry","location":{"latitude":70.140884,"longitude":49.237838}}