{
  "_id": "55ee5e44e5e0a01795fc5361",
  "index": 1445,
  "guid": "eb1c45aa-c988-4211-b407-da92da3fba67",
  "isActive": false,
  "balance": "$61,066.01",
  "picture": "http://placehold.it/32x32",
  "age": 32,
  "eyeColor": "brown",
  "name": "Estella Cash",
  "gender": "female",
  "company": "AQUASURE",
  "email": "estellacash@aquasure.com",
  "phone": "+1 (883) 429-2289",
  "address": "606 Harkness Avenue, Gallina, Nevada, 2500",
  "about": "Incididunt qui aliquip labore anim quis elit. Amet pariatur non ullamco et do sint et veniam voluptate fugiat sint mollit. Nulla dolor excepteur ad nulla sit et elit culpa. Amet esse ut amet tempor sit. Aliqua tempor in proident cupidatat exercitation velit veniam occaecat nulla. Consequat dolore quis cillum nisi fugiat ipsum ea culpa deserunt ut mollit.\r\n",
  "registered": "2015-07-19T06:15:46-07:00",
  "tags": [
    "culpa",
    "elit",
    "eiusmod",
    "adipisicing",
    "elit",
    "officia",
    "cupidatat"
  ],
  "friends": [
    {
      "id": 0,
      "name": "Juanita Delacruz"
    },
    {
      "id": 1,
      "name": "Lesa Mcintyre"
    },
    {
      "id": 2,
      "name": "Dalton Buckley"
    }
  ],
  "greeting": "Hello, Estella Cash! You have 6 unread messages.",
  "favoriteFruit": "strawberry",
  "location": {
    "latitude": 60.079004,
    "longitude": -129.923312
  },
  "docFormat": "json",
  "triples": [
    {
      "triple": {
        "subject": "/sample-data/data-1445.json",
        "predicate": "http://www.w3.org/2000/01/rdf-schema#label",
        "object": "Estella Cash"
      }
    },
    {
      "triple": {
        "subject": "/sample-data/data-1445.json",
        "predicate": "http://www.w3.org/1999/02/22-rdf-syntax-ns#type",
        "object": "http://xmlns.com/foaf/0.1/Person"
      }
    },
    {
      "triple": {
        "subject": "/sample-data/data-1445.json",
        "predicate": "http://xmlns.com/foaf/0.1/knows",
        "object": "/sample-data/data-1660.json"
      }
    },
    {
      "triple": {
        "subject": "/sample-data/data-1445.json",
        "predicate": "http://xmlns.com/foaf/0.1/knows",
        "object": "/sample-data/data-275.json"
      }
    },
    {
      "triple": {
        "subject": "/sample-data/data-1445.json",
        "predicate": "http://xmlns.com/foaf/0.1/knows",
        "object": "/sample-data/data-1639.json"
      }
    }
  ]
}