{
  "_id": "55ee5e44b2283d711a53a682",
  "index": 1104,
  "guid": "776af87b-e631-47db-9cfa-9bdac104434e",
  "isActive": false,
  "balance": "$24,395.01",
  "picture": "http://placehold.it/32x32",
  "age": 58,
  "eyeColor": "green",
  "name": "Gwen Christian",
  "gender": "female",
  "company": "GRONK",
  "email": "gwenchristian@gronk.com",
  "phone": "+1 (821) 439-3423",
  "address": "626 Colin Place, Tibbie, Maine, 9201",
  "about": "Incididunt nostrud ea irure do et occaecat reprehenderit. Eu velit cillum deserunt incididunt. Anim ex magna velit veniam do ea pariatur esse elit. Incididunt amet ex enim officia deserunt magna adipisicing laboris laboris elit. Ex officia cillum deserunt aute in do labore aute est dolor. Ex elit in excepteur laborum sit aliqua officia Lorem sit labore adipisicing sit.\r\n",
  "registered": "2015-04-24T12:25:37-07:00",
  "tags": [
    "do",
    "excepteur",
    "cupidatat",
    "duis",
    "labore",
    "mollit",
    "minim"
  ],
  "friends": [
    {
      "id": 0,
      "name": "Vazquez Mayer"
    },
    {
      "id": 1,
      "name": "Dennis Walls"
    },
    {
      "id": 2,
      "name": "Ellis Bradley"
    }
  ],
  "greeting": "Hello, Gwen Christian! You have 1 unread messages.",
  "favoriteFruit": "apple",
  "location": {
    "latitude": -49.755008,
    "longitude": -103.303382
  },
  "docFormat": "json",
  "triples": [
    {
      "triple": {
        "subject": "/sample-data/data-1104.json",
        "predicate": "http://www.w3.org/2000/01/rdf-schema#label",
        "object": "Gwen Christian"
      }
    },
    {
      "triple": {
        "subject": "/sample-data/data-1104.json",
        "predicate": "http://www.w3.org/1999/02/22-rdf-syntax-ns#type",
        "object": "http://xmlns.com/foaf/0.1/Person"
      }
    },
    {
      "triple": {
        "subject": "/sample-data/data-1104.json",
        "predicate": "http://xmlns.com/foaf/0.1/knows",
        "object": "/sample-data/data-62.json"
      }
    },
    {
      "triple": {
        "subject": "/sample-data/data-1104.json",
        "predicate": "http://xmlns.com/foaf/0.1/knows",
        "object": "/sample-data/data-1993.json"
      }
    },
    {
      "triple": {
        "subject": "/sample-data/data-1104.json",
        "predicate": "http://xmlns.com/foaf/0.1/knows",
        "object": "/sample-data/data-2339.json"
      }
    }
  ]
}