{"_id":"55ee5e44a25c576b8510f82d","index":127,"guid":"f671ea43-8fc9-44e3-85d1-0a55265cd1b9","isActive":true,"balance":"$64,204.39","picture":"http://placehold.it/32x32","age":22,"eyeColor":"blue","name":"Charmaine Nolan","gender":"female","company":"COMTEST","email":"charmainenolan@comtest.com","phone":"+1 (942) 557-2573","address":"341 Anthony Street, Trucksville, California, 7469","about":"Tempor ipsum ex nulla dolor veniam reprehenderit ut. Commodo amet aliqua et aliqua cupidatat excepteur veniam proident incididunt do pariatur voluptate quis. Ad nostrud duis dolore aute non amet incididunt. In irure amet est incididunt tempor voluptate quis consectetur veniam quis irure magna mollit. Voluptate culpa consequat dolore do elit est aliqua tempor voluptate. Duis ipsum incididunt sit excepteur consequat exercitation aute occaecat magna cupidatat anim veniam nulla.\r\n","registered":"2015-05-17T10:06:49 -07:00","tags":["elit","non","ut","commodo","sunt","cupidatat","sunt"],"friends":[{"id":0,"name":"Copeland Raymond"},{"id":1,"name":"Gonzales Hancock"},{"id":2,"name":"Pearson Blanchard"}],"greeting":"Hello, Charmaine Nolan! You have 5 unread messages.","favoriteFruit":"pear","location":{"latitude":-55.028427,"longitude":-179.773513}}