{"_id":"55ee5e4402ad404b7d8ef88f","index":1290,"guid":"09631122-6950-4653-85be-e494d61e9856","isActive":false,"balance":"$31,735.66","picture":"http://placehold.it/32x32","age":50,"eyeColor":"blue","name":"Franklin Reilly","gender":"male","company":"MARTGO","email":"franklinreilly@martgo.com","phone":"+1 (901) 451-3207","address":"711 Sedgwick Street, Lorraine, New Mexico, 2620","about":"Ad do fugiat nulla veniam exercitation dolore amet eu nostrud eu qui ipsum minim. Consectetur ipsum non tempor irure. Culpa nulla eu qui tempor non excepteur pariatur do. Exercitation tempor anim labore ex ex dolor. Qui reprehenderit nulla deserunt id officia nostrud duis nisi eiusmod.\r\n","registered":"2015-01-19T03:56:09 -07:00","tags":["ullamco","duis","consectetur","sunt","ipsum","eiusmod","ut"],"friends":[{"id":0,"name":"Stevenson Wright"},{"id":1,"name":"Belinda Manning"},{"id":2,"name":"Kelli Giles"}],"greeting":"Hello, Franklin Reilly! You have 7 unread messages.","favoriteFruit":"banana","location":{"latitude":57.18113,"longitude":111.808083},"docFormat":"json","triples":[{"triple":{"subject":"/sample-data/data-1290.json","predicate":"http://www.w3.org/2000/01/rdf-schema#label","object":"Franklin Reilly"}},{"triple":{"subject":"/sample-data/data-1290.json","predicate":"http://www.w3.org/1999/02/22-rdf-syntax-ns#type","object":"http://xmlns.com/foaf/0.1/Person"}},{"triple":{"subject":"/sample-data/data-1290.json","predicate":"http://xmlns.com/foaf/0.1/knows","object":"/sample-data/data-888.json"}},{"triple":{"subject":"/sample-data/data-1290.json","predicate":"http://xmlns.com/foaf/0.1/knows","object":"/sample-data/data-1762.json"}},{"triple":{"subject":"/sample-data/data-1290.json","predicate":"http://xmlns.com/foaf/0.1/knows","object":"/sample-data/data-2314.json"}}]}