{"_id":"55ee5e448c59fdd062607738","index":141,"guid":"0c936159-d52f-4aa4-9440-c387a25e6c94","isActive":true,"balance":"$44,324.11","picture":"http://placehold.it/32x32","age":36,"eyeColor":"brown","name":"Thompson Johnston","gender":"male","company":"ASSURITY","email":"thompsonjohnston@assurity.com","phone":"+1 (991) 400-3330","address":"688 Vernon Avenue, Steinhatchee, Wyoming, 2635","about":"Amet veniam labore commodo esse pariatur sit deserunt do veniam aute. Velit esse velit occaecat officia pariatur exercitation. Pariatur sunt nulla anim in ad consectetur veniam velit incididunt ipsum.\r\n","registered":"2014-10-26T04:40:21 -07:00","tags":["ut","aliquip","magna","irure","labore","amet","quis"],"friends":[{"id":0,"name":"Holman Olson"},{"id":1,"name":"Aguirre Barrett"},{"id":2,"name":"Annie Thornton"}],"greeting":"Hello, Thompson Johnston! You have 1 unread messages.","favoriteFruit":"strawberry","location":{"latitude":23.759638,"longitude":139.104548}}