{
  "_id": "55ee5e44fd37dc5f7260363d",
  "index": 1241,
  "guid": "40151e77-d988-412e-8c88-95f9b3078cff",
  "isActive": true,
  "balance": "$53,681.26",
  "picture": "http://placehold.it/32x32",
  "age": 37,
  "eyeColor": "green",
  "name": "Luella Nunez",
  "gender": "female",
  "company": "MARQET",
  "email": "luellanunez@marqet.com",
  "phone": "+1 (943) 473-2473",
  "address": "795 Ralph Avenue, Sylvanite, Louisiana, 9169",
  "about": "Veniam amet cillum aliquip amet ullamco in cillum consectetur enim. Ad tempor labore est nisi amet commodo. Excepteur pariatur ut occaecat ut minim et labore ut cillum nostrud amet dolore enim fugiat. Nisi excepteur magna cupidatat fugiat velit enim aliquip nisi est enim. Consectetur ipsum reprehenderit deserunt esse nulla aliqua. Eiusmod dolor eu ullamco ex cupidatat ut pariatur.\r\n",
  "registered": "2014-02-26T05:26:13-07:00",
  "tags": [
    "laborum",
    "officia",
    "et",
    "nulla",
    "minim",
    "dolore",
    "elit"
  ],
  "friends": [
    {
      "id": 0,
      "name": "Albert Henderson"
    },
    {
      "id": 1,
      "name": "Bennett Holland"
    },
    {
      "id": 2,
      "name": "Mamie Dalton"
    }
  ],
  "greeting": "Hello, Luella Nunez! You have 6 unread messages.",
  "favoriteFruit": "orange",
  "location": {
    "latitude": 74.735084,
    "longitude": 155.090404
  },
  "docFormat": "json",
  "triples": [
    {
      "triple": {
        "subject": "/sample-data/data-1241.json",
        "predicate": "http://www.w3.org/2000/01/rdf-schema#label",
        "object": "Luella Nunez"
      }
    },
    {
      "triple": {
        "subject": "/sample-data/data-1241.json",
        "predicate": "http://www.w3.org/1999/02/22-rdf-syntax-ns#type",
        "object": "http://xmlns.com/foaf/0.1/Person"
      }
    },
    {
      "triple": {
        "subject": "/sample-data/data-1241.json",
        "predicate": "http://xmlns.com/foaf/0.1/knows",
        "object": "/sample-data/data-783.json"
      }
    },
    {
      "triple": {
        "subject": "/sample-data/data-1241.json",
        "predicate": "http://xmlns.com/foaf/0.1/knows",
        "object": "/sample-data/data-2536.json"
      }
    },
    {
      "triple": {
        "subject": "/sample-data/data-1241.json",
        "predicate": "http://xmlns.com/foaf/0.1/knows",
        "object": "/sample-data/data-2136.json"
      }
    }
  ]
}