{
  "_id": "55ee5e447bc6bb19e7ee7169",
  "index": 1205,
  "guid": "2eef06c8-d1a9-47b2-95d1-172d9e92d111",
  "isActive": true,
  "balance": "$78,913.57",
  "picture": "http://placehold.it/32x32",
  "age": 67,
  "eyeColor": "green",
  "name": "Pollard Ferguson",
  "gender": "male",
  "company": "NURPLEX",
  "email": "pollardferguson@nurplex.com",
  "phone": "+1 (994) 527-3648",
  "address": "873 Seacoast Terrace, Libertytown, North Carolina, 5400",
  "about": "Tempor irure officia velit dolor velit mollit. Fugiat nulla do exercitation quis reprehenderit nisi dolor nulla proident ad aliqua. Deserunt ut aliqua cillum quis mollit pariatur. Excepteur reprehenderit enim reprehenderit sit voluptate duis enim nisi velit anim esse veniam ea. In tempor consequat ullamco aliqua proident elit mollit qui. Ipsum non ipsum voluptate excepteur eiusmod id proident fugiat. Dolor laborum elit exercitation sunt laborum sunt nostrud dolor ea dolore officia.\r\n",
  "registered": "2015-03-06T11:33:05-07:00",
  "tags": [
    "est",
    "amet",
    "minim",
    "qui",
    "sunt",
    "laborum",
    "veniam"
  ],
  "friends": [
    {
      "id": 0,
      "name": "Reed Hess"
    },
    {
      "id": 1,
      "name": "Scott Rollins"
    },
    {
      "id": 2,
      "name": "Mercedes Owen"
    }
  ],
  "greeting": "Hello, Pollard Ferguson! You have 1 unread messages.",
  "favoriteFruit": "apple",
  "location": {
    "latitude": 56.740005,
    "longitude": 13.545022
  },
  "docFormat": "json",
  "triples": [
    {
      "triple": {
        "subject": "/sample-data/data-1205.json",
        "predicate": "http://www.w3.org/2000/01/rdf-schema#label",
        "object": "Pollard Ferguson"
      }
    },
    {
      "triple": {
        "subject": "/sample-data/data-1205.json",
        "predicate": "http://www.w3.org/1999/02/22-rdf-syntax-ns#type",
        "object": "http://xmlns.com/foaf/0.1/Person"
      }
    },
    {
      "triple": {
        "subject": "/sample-data/data-1205.json",
        "predicate": "http://xmlns.com/foaf/0.1/knows",
        "object": "/sample-data/data-377.json"
      }
    },
    {
      "triple": {
        "subject": "/sample-data/data-1205.json",
        "predicate": "http://xmlns.com/foaf/0.1/knows",
        "object": "/sample-data/data-2479.json"
      }
    },
    {
      "triple": {
        "subject": "/sample-data/data-1205.json",
        "predicate": "http://xmlns.com/foaf/0.1/knows",
        "object": "/sample-data/data-2256.json"
      }
    }
  ]
}