{
  "_id": "55ee5e442ea9ab7916ab450d",
  "index": 1132,
  "guid": "f35df688-7dba-493c-a68f-f6754e50d874",
  "isActive": false,
  "balance": "$5,445.68",
  "picture": "http://placehold.it/32x32",
  "age": 43,
  "eyeColor": "blue",
  "name": "Kane Maynard",
  "gender": "male",
  "company": "REMOTION",
  "email": "kanemaynard@remotion.com",
  "phone": "+1 (988) 444-3378",
  "address": "458 Malta Street, Dalton, Iowa, 3733",
  "about": "Enim Lorem eiusmod anim tempor duis occaecat. Labore aliquip magna adipisicing exercitation dolore fugiat sit consequat qui commodo in nisi commodo exercitation. Anim sint commodo incididunt anim ipsum amet cupidatat. Excepteur enim duis eiusmod id irure aute irure id deserunt. Eiusmod eiusmod magna deserunt consequat est anim est enim do id.\r\n",
  "registered": "2015-02-20T01:14:46-07:00",
  "tags": [
    "eu",
    "consequat",
    "pariatur",
    "dolore",
    "nisi",
    "cillum",
    "mollit"
  ],
  "friends": [
    {
      "id": 0,
      "name": "Vasquez Richardson"
    },
    {
      "id": 1,
      "name": "Harrell Sears"
    },
    {
      "id": 2,
      "name": "Diann Montgomery"
    }
  ],
  "greeting": "Hello, Kane Maynard! You have 3 unread messages.",
  "favoriteFruit": "banana",
  "location": {
    "latitude": 43.504883,
    "longitude": 89.11934
  },
  "docFormat": "json",
  "triples": [
    {
      "triple": {
        "subject": "/sample-data/data-1132.json",
        "predicate": "http://www.w3.org/2000/01/rdf-schema#label",
        "object": "Kane Maynard"
      }
    },
    {
      "triple": {
        "subject": "/sample-data/data-1132.json",
        "predicate": "http://www.w3.org/1999/02/22-rdf-syntax-ns#type",
        "object": "http://xmlns.com/foaf/0.1/Person"
      }
    },
    {
      "triple": {
        "subject": "/sample-data/data-1132.json",
        "predicate": "http://xmlns.com/foaf/0.1/knows",
        "object": "/sample-data/data-2227.json"
      }
    },
    {
      "triple": {
        "subject": "/sample-data/data-1132.json",
        "predicate": "http://xmlns.com/foaf/0.1/knows",
        "object": "/sample-data/data-2097.json"
      }
    },
    {
      "triple": {
        "subject": "/sample-data/data-1132.json",
        "predicate": "http://xmlns.com/foaf/0.1/knows",
        "object": "/sample-data/data-1114.json"
      }
    }
  ]
}