{"_id":"55ee5e44ba1e1da9e023487a","index":1390,"guid":"b64d4945-6505-4c47-8f6d-06b2f9ab2eef","isActive":false,"balance":"$44,040.00","picture":"http://placehold.it/32x32","age":42,"eyeColor":"blue","name":"Ilene Olson","gender":"female","company":"ZOUNDS","email":"ileneolson@zounds.com","phone":"+1 (921) 443-2763","address":"581 Mill Avenue, Harborton, Virgin Islands, 2288","about":"Ea nulla tempor ipsum ullamco adipisicing officia esse in ex. Minim velit fugiat Lorem ea reprehenderit velit Lorem ex in ea voluptate quis occaecat. Dolore velit sint labore nisi adipisicing dolor. Adipisicing fugiat pariatur ex enim aliqua proident Lorem qui excepteur commodo reprehenderit incididunt minim incididunt.\r\n","registered":"2015-09-06T10:36:00 -07:00","tags":["ad","anim","culpa","aliqua","quis","minim","laborum"],"friends":[{"id":0,"name":"Cheri Barrett"},{"id":1,"name":"Kelley Thornton"},{"id":2,"name":"Violet Hodge"}],"greeting":"Hello, Ilene Olson! You have 9 unread messages.","favoriteFruit":"pear","location":{"latitude":13.787663,"longitude":-150.670727},"docFormat":"json","triples":[{"triple":{"subject":"/sample-data/data-1390.json","predicate":"http://www.w3.org/2000/01/rdf-schema#label","object":"Ilene Olson"}},{"triple":{"subject":"/sample-data/data-1390.json","predicate":"http://www.w3.org/1999/02/22-rdf-syntax-ns#type","object":"http://xmlns.com/foaf/0.1/Person"}},{"triple":{"subject":"/sample-data/data-1390.json","predicate":"http://xmlns.com/foaf/0.1/knows","object":"/sample-data/data-1617.json"}},{"triple":{"subject":"/sample-data/data-1390.json","predicate":"http://xmlns.com/foaf/0.1/knows","object":"/sample-data/data-1007.json"}},{"triple":{"subject":"/sample-data/data-1390.json","predicate":"http://xmlns.com/foaf/0.1/knows","object":"/sample-data/data-1259.json"}}]}