{
  "_id": "55ee5e44297c36c927032d7d",
  "index": 1047,
  "guid": "7303109e-3263-421b-b3fe-ddf83c75f954",
  "isActive": false,
  "balance": "$67,821.49",
  "picture": "http://placehold.it/32x32",
  "age": 45,
  "eyeColor": "green",
  "name": "Hill Mack",
  "gender": "male",
  "company": "ZILENCIO",
  "email": "hillmack@zilencio.com",
  "phone": "+1 (875) 533-3734",
  "address": "163 Moore Place, Dana, Northern Mariana Islands, 351",
  "about": "Id fugiat qui Lorem duis sunt ut minim tempor. Pariatur proident cupidatat ipsum mollit occaecat Lorem qui id voluptate veniam anim tempor duis. Elit irure sit commodo nulla qui magna do et officia aute et eiusmod. Sit id pariatur sit ea officia esse id do et mollit anim pariatur veniam exercitation.\r\n",
  "registered": "2015-08-19T11:12:56-07:00",
  "tags": [
    "cupidatat",
    "velit",
    "non",
    "culpa",
    "do",
    "consequat",
    "elit"
  ],
  "friends": [
    {
      "id": 0,
      "name": "Tillman Perez"
    },
    {
      "id": 1,
      "name": "Maura Rasmussen"
    },
    {
      "id": 2,
      "name": "Jackson Page"
    }
  ],
  "greeting": "Hello, Hill Mack! You have 6 unread messages.",
  "favoriteFruit": "orange",
  "location": {
    "latitude": 87.317005,
    "longitude": -7.887235
  },
  "docFormat": "json",
  "triples": [
    {
      "triple": {
        "subject": "/sample-data/data-1047.json",
        "predicate": "http://www.w3.org/2000/01/rdf-schema#label",
        "object": "Hill Mack"
      }
    },
    {
      "triple": {
        "subject": "/sample-data/data-1047.json",
        "predicate": "http://www.w3.org/1999/02/22-rdf-syntax-ns#type",
        "object": "http://xmlns.com/foaf/0.1/Person"
      }
    },
    {
      "triple": {
        "subject": "/sample-data/data-1047.json",
        "predicate": "http://xmlns.com/foaf/0.1/knows",
        "object": "/sample-data/data-1043.json"
      }
    },
    {
      "triple": {
        "subject": "/sample-data/data-1047.json",
        "predicate": "http://xmlns.com/foaf/0.1/knows",
        "object": "/sample-data/data-356.json"
      }
    },
    {
      "triple": {
        "subject": "/sample-data/data-1047.json",
        "predicate": "http://xmlns.com/foaf/0.1/knows",
        "object": "/sample-data/data-743.json"
      }
    }
  ]
}