{"_id":"55ee5e446092a8bbc528a8d7","index":1134,"guid":"4a4125db-0b42-4f8c-b3ff-2e953d46957e","isActive":true,"balance":"$75,970.34","picture":"http://placehold.it/32x32","age":55,"eyeColor":"blue","name":"Johnston Tate","gender":"male","company":"INVENTURE","email":"johnstontate@inventure.com","phone":"+1 (913) 575-2243","address":"789 Kane Street, Gorst, District Of Columbia, 8091","about":"Ipsum anim Lorem quis et officia sunt. Ex fugiat eu quis irure dolor nisi esse nostrud do officia. Aliqua ex nulla elit sit qui quis tempor ex. Voluptate proident eiusmod Lorem sunt qui consequat dolor do anim ex qui adipisicing sit. Ad mollit sit culpa minim veniam minim do irure Lorem ex enim reprehenderit. Commodo est cillum ipsum ullamco culpa enim irure cupidatat.\r\n","registered":"2014-12-29T12:34:01 -07:00","tags":["occaecat","dolore","Lorem","laboris","proident","proident","aute"],"friends":[{"id":0,"name":"Lloyd Mcconnell"},{"id":1,"name":"Rich Finch"},{"id":2,"name":"Shepherd Ramos"}],"greeting":"Hello, Johnston Tate! You have 1 unread messages.","favoriteFruit":"banana","location":{"latitude":0.000483,"longitude":-121.743646}}