{"_id":"55ee5e447b7b4759865f772a","index":134,"guid":"a4e6ebd5-1595-4d9b-91e1-29f8606ef04c","isActive":false,"balance":"$80,152.30","picture":"http://placehold.it/32x32","age":38,"eyeColor":"blue","name":"Marsha Hinton","gender":"female","company":"NETPLAX","email":"marshahinton@netplax.com","phone":"+1 (885) 493-2615","address":"295 Knickerbocker Avenue, Kerby, Alaska, 945","about":"In dolore enim non dolor fugiat aliqua mollit magna ex officia sunt dolore nostrud commodo. Veniam cupidatat cillum consequat sunt amet irure reprehenderit dolor dolor labore. Ut sint voluptate dolor est Lorem in sunt ea excepteur deserunt. Enim veniam laboris irure sunt qui eiusmod ad sunt ullamco eu aliquip cupidatat. Tempor do sint non id incididunt. Labore do aute nulla ut magna anim mollit aute reprehenderit.\r\n","registered":"2015-01-06T02:46:06 -07:00","tags":["reprehenderit","fugiat","mollit","Lorem","voluptate","quis","reprehenderit"],"friends":[{"id":0,"name":"Sally Fuller"},{"id":1,"name":"Koch Pope"},{"id":2,"name":"Angelia Baxter"}],"greeting":"Hello, Marsha Hinton! You have 8 unread messages.","favoriteFruit":"apple","location":{"latitude":-16.202414,"longitude":173.327078},"docFormat":"json","triples":[{"triple":{"subject":"/sample-data/data-134.json","predicate":"http://www.w3.org/2000/01/rdf-schema#label","object":"Marsha Hinton"}},{"triple":{"subject":"/sample-data/data-134.json","predicate":"http://www.w3.org/1999/02/22-rdf-syntax-ns#type","object":"http://xmlns.com/foaf/0.1/Person"}},{"triple":{"subject":"/sample-data/data-134.json","predicate":"http://xmlns.com/foaf/0.1/knows","object":"/sample-data/data-2423.json"}},{"triple":{"subject":"/sample-data/data-134.json","predicate":"http://xmlns.com/foaf/0.1/knows","object":"/sample-data/data-2578.json"}},{"triple":{"subject":"/sample-data/data-134.json","predicate":"http://xmlns.com/foaf/0.1/knows","object":"/sample-data/data-1565.json"}}]}