{"_id":"55ee5e44b7fc5c9d1337daad","index":1202,"guid":"1025f618-fdaf-489e-91ae-eea553fec219","isActive":false,"balance":"$89,020.22","picture":"http://placehold.it/32x32","age":30,"eyeColor":"blue","name":"Roslyn Mullen","gender":"female","company":"UBERLUX","email":"roslynmullen@uberlux.com","phone":"+1 (864) 561-2307","address":"179 Llama Court, Smock, Massachusetts, 3673","about":"Esse consequat commodo et consectetur fugiat incididunt magna nostrud id sit amet. Labore officia laboris dolore nulla aute enim occaecat velit mollit occaecat adipisicing incididunt Lorem commodo. Sint magna id excepteur aute. Incididunt aliqua consectetur irure dolor fugiat. In nulla nulla ullamco duis labore laboris consectetur occaecat aliquip non consequat sit sit. Elit nisi minim culpa exercitation elit qui minim adipisicing.\r\n","registered":"2015-07-08T06:31:43 -07:00","tags":["qui","irure","fugiat","labore","laboris","dolor","aliqua"],"friends":[{"id":0,"name":"Tanner Freeman"},{"id":1,"name":"Carly Petersen"},{"id":2,"name":"Bray Zimmerman"}],"greeting":"Hello, Roslyn Mullen! You have 5 unread messages.","favoriteFruit":"apple","location":{"latitude":48.641134,"longitude":-80.570819}}