{"_id":"55ee5e449f9d8d48f3fcb567","index":1345,"guid":"ea09d8b7-3fc4-4f06-b6ce-66d00a0c6ba8","isActive":true,"balance":"$46,921.09","picture":"http://placehold.it/32x32","age":31,"eyeColor":"green","name":"Marva Whitley","gender":"female","company":"ENERSAVE","email":"marvawhitley@enersave.com","phone":"+1 (855) 585-2747","address":"340 Lefferts Avenue, Levant, California, 2380","about":"Aute mollit pariatur ex fugiat cupidatat culpa in et minim sint. Consectetur veniam ullamco in culpa id sunt irure ad. Laboris consequat anim nisi pariatur proident commodo veniam voluptate dolor Lorem Lorem. Est duis et magna magna cupidatat veniam. Dolor anim amet nulla excepteur ullamco occaecat eu non culpa Lorem proident quis. Mollit anim dolore dolor officia velit.\r\n","registered":"2015-01-26T05:44:23 -07:00","tags":["proident","do","sit","anim","sint","ut","nisi"],"friends":[{"id":0,"name":"Felicia Taylor"},{"id":1,"name":"Watts Alston"},{"id":2,"name":"Gilliam Fulton"}],"greeting":"Hello, Marva Whitley! You have 2 unread messages.","favoriteFruit":"strawberry","location":{"latitude":43.040664,"longitude":-92.933252},"docFormat":"json"}