{"_id":"55ee5e447e30a23c55ccd933","index":1303,"guid":"04ce4a3f-7af8-4a89-937b-e8b429098e56","isActive":true,"balance":"$20,109.83","picture":"http://placehold.it/32x32","age":43,"eyeColor":"green","name":"Fleming Gregory","gender":"male","company":"EARTHMARK","email":"fleminggregory@earthmark.com","phone":"+1 (800) 491-2425","address":"812 Dearborn Court, Lutsen, Hawaii, 8798","about":"Laboris dolore do commodo ipsum duis laboris aliqua aute anim occaecat veniam eiusmod. Commodo nisi ea labore dolor minim aute nostrud eiusmod esse non non ipsum. Irure aute reprehenderit veniam qui consequat aliqua enim in.\r\n","registered":"2015-08-05T07:20:24 -07:00","tags":["non","magna","dolore","culpa","nisi","officia","qui"],"friends":[{"id":0,"name":"Lara Frank"},{"id":1,"name":"Emilia Glass"},{"id":2,"name":"Wallace Schwartz"}],"greeting":"Hello, Fleming Gregory! You have 6 unread messages.","favoriteFruit":"apple","location":{"latitude":7.981838,"longitude":88.865664},"docFormat":"json"}