{
  "_id": "55ee5e446fc2bb7f81c0d50b",
  "index": 1331,
  "guid": "1be8053f-2b07-4110-90bd-4ea17dc9de86",
  "isActive": true,
  "balance": "$4,313.48",
  "picture": "http://placehold.it/32x32",
  "age": 46,
  "eyeColor": "blue",
  "name": "Polly Lowery",
  "gender": "female",
  "company": "ECOSYS",
  "email": "pollylowery@ecosys.com",
  "phone": "+1 (985) 598-3329",
  "address": "524 Ryder Avenue, Welda, Texas, 3990",
  "about": "Non velit eiusmod commodo labore minim do est nisi ad dolor consequat. Nulla officia aliquip quis velit excepteur et ipsum amet labore veniam velit. Laboris do ut occaecat non ipsum non. Officia irure culpa cillum quis anim nulla deserunt pariatur duis ad.\r\n",
  "registered": "2015-08-08T04:30:11-07:00",
  "tags": [
    "laborum",
    "ex",
    "enim",
    "mollit",
    "irure",
    "laboris",
    "minim"
  ],
  "friends": [
    {
      "id": 0,
      "name": "Janet Phillips"
    },
    {
      "id": 1,
      "name": "Gentry Jimenez"
    },
    {
      "id": 2,
      "name": "Wooten Velez"
    }
  ],
  "greeting": "Hello, Polly Lowery! You have 9 unread messages.",
  "favoriteFruit": "banana",
  "location": {
    "latitude": 16.272657,
    "longitude": -162.67641
  },
  "docFormat": "json",
  "triples": [
    {
      "triple": {
        "subject": "/sample-data/data-1331.json",
        "predicate": "http://www.w3.org/2000/01/rdf-schema#label",
        "object": "Polly Lowery"
      }
    },
    {
      "triple": {
        "subject": "/sample-data/data-1331.json",
        "predicate": "http://www.w3.org/1999/02/22-rdf-syntax-ns#type",
        "object": "http://xmlns.com/foaf/0.1/Person"
      }
    },
    {
      "triple": {
        "subject": "/sample-data/data-1331.json",
        "predicate": "http://xmlns.com/foaf/0.1/knows",
        "object": "/sample-data/data-2955.json"
      }
    },
    {
      "triple": {
        "subject": "/sample-data/data-1331.json",
        "predicate": "http://xmlns.com/foaf/0.1/knows",
        "object": "/sample-data/data-2550.json"
      }
    },
    {
      "triple": {
        "subject": "/sample-data/data-1331.json",
        "predicate": "http://xmlns.com/foaf/0.1/knows",
        "object": "/sample-data/data-1525.json"
      }
    }
  ]
}