{"_id":"55ee5e44055ac42bdc87f48e","index":1013,"guid":"6271ab88-3d0b-4057-972c-844633e443e9","isActive":true,"balance":"$53,827.58","picture":"http://placehold.it/32x32","age":68,"eyeColor":"blue","name":"Larsen Parrish","gender":"male","company":"ARCHITAX","email":"larsenparrish@architax.com","phone":"+1 (959) 523-3939","address":"715 Coffey Street, Flintville, Hawaii, 3204","about":"Ipsum dolore qui qui occaecat. Laboris id labore culpa nostrud cupidatat magna ipsum consectetur sint ea aute. Nulla ut tempor proident dolore cillum minim cillum aliqua laborum sunt. Ad veniam do ad pariatur quis excepteur duis labore commodo laboris id. Non nisi nostrud aute tempor dolor amet nostrud enim proident aute amet officia. Occaecat ea fugiat elit quis nisi sunt culpa est. In id do non et amet ipsum enim reprehenderit.\r\n","registered":"2014-04-21T11:20:30 -07:00","tags":["cillum","fugiat","labore","et","in","occaecat","sunt"],"friends":[{"id":0,"name":"Howard Fitzgerald"},{"id":1,"name":"Katherine Boone"},{"id":2,"name":"Alejandra Hart"}],"greeting":"Hello, Larsen Parrish! You have 9 unread messages.","favoriteFruit":"strawberry","location":{"latitude":-89.250808,"longitude":137.216674},"docFormat":"json","triples":[{"triple":{"subject":"/sample-data/data-1013.json","predicate":"http://www.w3.org/2000/01/rdf-schema#label","object":"Larsen Parrish"}},{"triple":{"subject":"/sample-data/data-1013.json","predicate":"http://www.w3.org/1999/02/22-rdf-syntax-ns#type","object":"http://xmlns.com/foaf/0.1/Person"}},{"triple":{"subject":"/sample-data/data-1013.json","predicate":"http://xmlns.com/foaf/0.1/knows","object":"/sample-data/data-1052.json"}},{"triple":{"subject":"/sample-data/data-1013.json","predicate":"http://xmlns.com/foaf/0.1/knows","object":"/sample-data/data-10.json"}},{"triple":{"subject":"/sample-data/data-1013.json","predicate":"http://xmlns.com/foaf/0.1/knows","object":"/sample-data/data-2861.json"}}]}