{"_id":"55ee5e4463de3c4cb6779bd5","index":1395,"guid":"d9e84c55-83ee-4925-b01e-cc4c917f1f9a","isActive":true,"balance":"$26,777.78","picture":"http://placehold.it/32x32","age":61,"eyeColor":"blue","name":"Bettye Norton","gender":"female","company":"ACCUFARM","email":"bettyenorton@accufarm.com","phone":"+1 (918) 474-3493","address":"797 Newkirk Placez, Mansfield, Northern Mariana Islands, 2264","about":"Consectetur nulla aute cupidatat deserunt quis ea nisi qui occaecat nisi est veniam nostrud laboris. Tempor nisi aute quis eiusmod amet ullamco nostrud id est non deserunt. Reprehenderit aliquip amet occaecat ex commodo magna nisi labore. Ad laboris laborum ex laborum amet. Fugiat labore ad officia velit pariatur consectetur. Quis sint velit et magna nostrud officia aute officia aliqua et. In enim eu amet commodo eiusmod.\r\n","registered":"2015-02-14T07:46:58 -07:00","tags":["veniam","dolore","laboris","dolore","incididunt","eiusmod","anim"],"friends":[{"id":0,"name":"Bolton Noel"},{"id":1,"name":"Sparks Chen"},{"id":2,"name":"Rachelle Buckner"}],"greeting":"Hello, Bettye Norton! You have 10 unread messages.","favoriteFruit":"pear","location":{"latitude":-87.065967,"longitude":-177.54231},"docFormat":"json"}