{"_id":"55ee5e44dd174e3d047a5054","index":1130,"guid":"d8bf78c6-8995-475f-aeb7-7a0b92821239","isActive":true,"balance":"$9,359.28","picture":"http://placehold.it/32x32","age":41,"eyeColor":"green","name":"Giles Christensen","gender":"male","company":"PLEXIA","email":"gileschristensen@plexia.com","phone":"+1 (909) 519-3703","address":"737 Nixon Court, Orick, Colorado, 1736","about":"Deserunt cupidatat mollit incididunt aliquip excepteur nostrud laboris eu sunt pariatur elit veniam anim aute. Nostrud fugiat dolor Lorem laboris non enim exercitation anim mollit eiusmod laboris enim aliqua. Adipisicing qui esse cupidatat consequat proident dolor cupidatat elit ea cillum ad nostrud. Magna amet sit minim aute anim enim in occaecat enim velit nisi. Aliqua in ex reprehenderit aliqua cillum consectetur aliquip commodo aliqua excepteur dolore.\r\n","registered":"2015-04-29T09:32:41 -07:00","tags":["mollit","ex","pariatur","et","excepteur","dolor","ullamco"],"friends":[{"id":0,"name":"Lori Blackwell"},{"id":1,"name":"Pace Boyd"},{"id":2,"name":"Dejesus Moran"}],"greeting":"Hello, Giles Christensen! You have 7 unread messages.","favoriteFruit":"strawberry","location":{"latitude":35.675823,"longitude":71.132559}}