{"_id":"55ee5e447d37389485df6841","index":1085,"guid":"ccdcc7e7-ad5e-417b-8d2c-2080887fca25","isActive":false,"balance":"$63,723.84","picture":"http://placehold.it/32x32","age":25,"eyeColor":"blue","name":"Jolene Berry","gender":"female","company":"FUELTON","email":"joleneberry@fuelton.com","phone":"+1 (995) 546-2289","address":"437 Seton Place, Glenbrook, Minnesota, 9365","about":"Quis sunt ex ea excepteur et enim nostrud magna consectetur mollit aliqua nulla esse. Cupidatat incididunt eu est irure qui exercitation do. Ullamco anim ullamco nulla deserunt proident exercitation sint ad consequat ad amet est. Ea nulla amet qui consectetur proident excepteur tempor aute cupidatat consequat. Proident magna deserunt nisi ullamco consequat laboris officia et reprehenderit mollit incididunt. Aute esse exercitation nostrud dolore labore. Duis reprehenderit ad aliquip consectetur veniam non.\r\n","registered":"2015-04-01T12:41:27 -07:00","tags":["consequat","ex","dolor","laborum","elit","officia","occaecat"],"friends":[{"id":0,"name":"Burch Wiley"},{"id":1,"name":"Iva William"},{"id":2,"name":"Rivers Pennington"}],"greeting":"Hello, Jolene Berry! You have 10 unread messages.","favoriteFruit":"apple","location":{"latitude":34.510322,"longitude":93.82507},"docFormat":"json","triples":[{"triple":{"subject":"/sample-data/data-1085.json","predicate":"http://www.w3.org/2000/01/rdf-schema#label","object":"Jolene Berry"}},{"triple":{"subject":"/sample-data/data-1085.json","predicate":"http://www.w3.org/1999/02/22-rdf-syntax-ns#type","object":"http://xmlns.com/foaf/0.1/Person"}},{"triple":{"subject":"/sample-data/data-1085.json","predicate":"http://xmlns.com/foaf/0.1/knows","object":"/sample-data/data-1285.json"}},{"triple":{"subject":"/sample-data/data-1085.json","predicate":"http://xmlns.com/foaf/0.1/knows","object":"/sample-data/data-1909.json"}},{"triple":{"subject":"/sample-data/data-1085.json","predicate":"http://xmlns.com/foaf/0.1/knows","object":"/sample-data/data-435.json"}}]}