{
  "_id": "55ee5e44b1d48067f6588811",
  "index": 1090,
  "guid": "58834023-e806-466f-825b-7cf6424ae0e5",
  "isActive": false,
  "balance": "$73,694.52",
  "picture": "http://placehold.it/32x32",
  "age": 29,
  "eyeColor": "green",
  "name": "Walter Walter",
  "gender": "male",
  "company": "GENMY",
  "email": "walterwalter@genmy.com",
  "phone": "+1 (920) 543-2436",
  "address": "148 Doughty Street, Chautauqua, Kentucky, 4215",
  "about": "Consectetur pariatur et cillum aliquip. Qui velit eu culpa do nulla. Laborum ea irure laboris minim esse reprehenderit sit irure exercitation eiusmod quis adipisicing qui. Nisi ad excepteur incididunt eiusmod cupidatat fugiat minim amet cillum. Magna reprehenderit irure dolore irure quis Lorem non mollit ut tempor est enim. Sit veniam nostrud tempor cillum eiusmod irure anim eu non culpa irure exercitation reprehenderit eiusmod. Est tempor sit ad exercitation adipisicing.\r\n",
  "registered": "2014-10-06T03:39:57-07:00",
  "tags": [
    "ut",
    "cillum",
    "aliquip",
    "eu",
    "consectetur",
    "dolor",
    "et"
  ],
  "friends": [
    {
      "id": 0,
      "name": "Estelle Eaton"
    },
    {
      "id": 1,
      "name": "Mollie Browning"
    },
    {
      "id": 2,
      "name": "Lottie Sharp"
    }
  ],
  "greeting": "Hello, Walter Walter! You have 3 unread messages.",
  "favoriteFruit": "apple",
  "location": {
    "latitude": 85.338495,
    "longitude": 171.950216
  },
  "docFormat": "json",
  "triples": [
    {
      "triple": {
        "subject": "/sample-data/data-1090.json",
        "predicate": "http://www.w3.org/2000/01/rdf-schema#label",
        "object": "Walter Walter"
      }
    },
    {
      "triple": {
        "subject": "/sample-data/data-1090.json",
        "predicate": "http://www.w3.org/1999/02/22-rdf-syntax-ns#type",
        "object": "http://xmlns.com/foaf/0.1/Person"
      }
    },
    {
      "triple": {
        "subject": "/sample-data/data-1090.json",
        "predicate": "http://xmlns.com/foaf/0.1/knows",
        "object": "/sample-data/data-1464.json"
      }
    },
    {
      "triple": {
        "subject": "/sample-data/data-1090.json",
        "predicate": "http://xmlns.com/foaf/0.1/knows",
        "object": "/sample-data/data-2065.json"
      }
    },
    {
      "triple": {
        "subject": "/sample-data/data-1090.json",
        "predicate": "http://xmlns.com/foaf/0.1/knows",
        "object": "/sample-data/data-2890.json"
      }
    }
  ]
}