{"_id":"55ee5e44870d45b6c67cd9b5","index":1053,"guid":"0e6a96b4-6720-4771-8118-9cd3aa92444b","isActive":false,"balance":"$71,017.16","picture":"http://placehold.it/32x32","age":43,"eyeColor":"blue","name":"Avery Harvey","gender":"male","company":"COMVEY","email":"averyharvey@comvey.com","phone":"+1 (863) 432-3570","address":"400 Thatford Avenue, Joes, Florida, 4313","about":"Aute anim sint voluptate duis exercitation ad. Laborum enim occaecat reprehenderit enim laboris labore magna. Sunt ex labore est consequat excepteur anim commodo. Minim cillum Lorem ipsum non id eu nulla. Duis occaecat amet in nostrud ex veniam esse. Aliquip consequat mollit aliquip id quis fugiat eiusmod qui consectetur aliquip magna. Ipsum enim irure sunt commodo quis pariatur dolore ut esse dolore.\r\n","registered":"2014-05-25T09:00:08 -07:00","tags":["consequat","sint","adipisicing","commodo","nulla","culpa","ex"],"friends":[{"id":0,"name":"Kramer Gregory"},{"id":1,"name":"Nita Frank"},{"id":2,"name":"Patrick Glass"}],"greeting":"Hello, Avery Harvey! You have 3 unread messages.","favoriteFruit":"pear","location":{"latitude":-88.214119,"longitude":140.454016}}