{"_id":"55ee5e44bf6ce0ccf8ada28a","index":1019,"guid":"95d7876a-eeb3-4c85-8cb6-9df64a6fa76d","isActive":false,"balance":"$19,500.33","picture":"http://placehold.it/32x32","age":24,"eyeColor":"blue","name":"Sandy Mcneil","gender":"female","company":"PHOTOBIN","email":"sandymcneil@photobin.com","phone":"+1 (966) 506-3263","address":"185 Midwood Street, Lowgap, Connecticut, 813","about":"Ea Lorem voluptate duis laboris. Sunt incididunt duis incididunt reprehenderit ut aliqua dolore eiusmod. Veniam officia incididunt amet adipisicing consequat sit officia laborum do ea anim deserunt. Minim enim voluptate ipsum cupidatat id incididunt eu irure voluptate sunt. Nulla anim incididunt ea duis consequat ex mollit elit elit.\r\n","registered":"2014-06-13T09:05:38 -07:00","tags":["sint","laborum","enim","enim","commodo","esse","eu"],"friends":[{"id":0,"name":"Brooke Flynn"},{"id":1,"name":"Lawson Wood"},{"id":2,"name":"Hart Spencer"}],"greeting":"Hello, Sandy Mcneil! You have 1 unread messages.","favoriteFruit":"pear","location":{"latitude":-38.90678,"longitude":100.891144}}