{"_id":"55ee5e446a5659f84fbdf8f4","index":1044,"guid":"2d5bf10b-8ca5-4731-b40a-763ac39b5433","isActive":false,"balance":"$16,154.33","picture":"http://placehold.it/32x32","age":58,"eyeColor":"blue","name":"Fay Battle","gender":"female","company":"SPRINGBEE","email":"faybattle@springbee.com","phone":"+1 (806) 555-2557","address":"575 Lacon Court, Martinsville, Arizona, 4746","about":"Aliqua ullamco minim dolore elit aliquip occaecat deserunt voluptate mollit dolore quis. Consectetur culpa commodo tempor in duis occaecat voluptate labore reprehenderit. Qui et tempor sunt consectetur sunt ad est tempor.\r\n","registered":"2014-04-15T07:36:03 -07:00","tags":["nulla","non","ullamco","laboris","quis","eiusmod","exercitation"],"friends":[{"id":0,"name":"Myrtle Oneill"},{"id":1,"name":"Clarissa Ford"},{"id":2,"name":"Hartman Pratt"}],"greeting":"Hello, Fay Battle! You have 5 unread messages.","favoriteFruit":"apple","location":{"latitude":57.215746,"longitude":175.51914}}