{
  "_id": "55ee5e44c64e61ee0f555436",
  "index": 124,
  "guid": "e3656293-6ca2-47b1-aedf-f2f4385b6dec",
  "isActive": true,
  "balance": "$26,787.31",
  "picture": "http://placehold.it/32x32",
  "age": 42,
  "eyeColor": "green",
  "name": "Shannon Coleman",
  "gender": "female",
  "company": "IMAGEFLOW",
  "email": "shannoncoleman@imageflow.com",
  "phone": "+1 (856) 468-3919",
  "address": "604 Clara Street, Canterwood, Kansas, 1858",
  "about": "Fugiat incididunt Lorem elit veniam. Labore nulla cillum consequat excepteur Lorem culpa adipisicing. Culpa dolore dolore nisi laborum excepteur ut culpa. Velit consectetur labore duis proident enim occaecat ut cillum cillum aliquip exercitation sit est consequat. Do esse do ullamco esse pariatur anim officia eu sint. Excepteur amet reprehenderit deserunt proident reprehenderit nostrud veniam in. Aliqua esse et commodo eu labore dolore commodo.\r\n",
  "registered": "2014-10-31T05:54:31-07:00",
  "tags": [
    "id",
    "minim",
    "voluptate",
    "irure",
    "officia",
    "tempor",
    "ea"
  ],
  "friends": [
    {
      "id": 0,
      "name": "Young Middleton"
    },
    {
      "id": 1,
      "name": "Combs Robinson"
    },
    {
      "id": 2,
      "name": "Kayla Combs"
    }
  ],
  "greeting": "Hello, Shannon Coleman! You have 5 unread messages.",
  "favoriteFruit": "banana",
  "location": {
    "latitude": 5.999836,
    "longitude": 175.974371
  },
  "docFormat": "json",
  "triples": [
    {
      "triple": {
        "subject": "/sample-data/data-124.json",
        "predicate": "http://www.w3.org/2000/01/rdf-schema#label",
        "object": "Shannon Coleman"
      }
    },
    {
      "triple": {
        "subject": "/sample-data/data-124.json",
        "predicate": "http://www.w3.org/1999/02/22-rdf-syntax-ns#type",
        "object": "http://xmlns.com/foaf/0.1/Person"
      }
    },
    {
      "triple": {
        "subject": "/sample-data/data-124.json",
        "predicate": "http://xmlns.com/foaf/0.1/knows",
        "object": "/sample-data/data-2912.json"
      }
    },
    {
      "triple": {
        "subject": "/sample-data/data-124.json",
        "predicate": "http://xmlns.com/foaf/0.1/knows",
        "object": "/sample-data/data-1734.json"
      }
    },
    {
      "triple": {
        "subject": "/sample-data/data-124.json",
        "predicate": "http://xmlns.com/foaf/0.1/knows",
        "object": "/sample-data/data-38.json"
      }
    }
  ]
}