{"_id":"55ee5e4486362a5832778346","index":1056,"guid":"f49c851e-05e9-4613-b60f-41ee16130389","isActive":true,"balance":"$15,708.53","picture":"http://placehold.it/32x32","age":54,"eyeColor":"brown","name":"Walters Myers","gender":"male","company":"BITENDREX","email":"waltersmyers@bitendrex.com","phone":"+1 (977) 474-2504","address":"182 Amber Street, Hanover, Oregon, 3222","about":"Incididunt laboris nisi quis est irure magna laboris. Cupidatat qui voluptate non do amet. Exercitation eiusmod cupidatat sint aliqua anim cillum eiusmod amet dolor et do veniam sunt. Exercitation cillum eu irure sit duis non adipisicing laborum. Duis in deserunt ut ipsum ad est qui elit nisi Lorem voluptate quis reprehenderit tempor. Ipsum quis cillum officia esse cupidatat ad ullamco. Magna et proident irure sunt do mollit est tempor officia ad eiusmod est.\r\n","registered":"2014-12-03T09:03:18 -07:00","tags":["do","eu","Lorem","duis","ad","fugiat","labore"],"friends":[{"id":0,"name":"Hodges Sosa"},{"id":1,"name":"Carson Orr"},{"id":2,"name":"Pugh Saunders"}],"greeting":"Hello, Walters Myers! You have 1 unread messages.","favoriteFruit":"pear","location":{"latitude":-52.208411,"longitude":-10.453825},"docFormat":"json"}