{
  "_id": "55ee5e447696777a4ac28c33",
  "index": 1177,
  "guid": "e94d148c-13dd-43f0-aea3-8fa0fd729518",
  "isActive": true,
  "balance": "$32,952.03",
  "picture": "http://placehold.it/32x32",
  "age": 32,
  "eyeColor": "green",
  "name": "Janie Young",
  "gender": "female",
  "company": "COMVEX",
  "email": "janieyoung@comvex.com",
  "phone": "+1 (995) 445-2309",
  "address": "426 Sandford Street, Guilford, West Virginia, 8474",
  "about": "Id elit tempor fugiat quis excepteur magna excepteur aute cupidatat nulla qui pariatur. Et veniam enim nisi anim incididunt commodo consequat excepteur do velit ad exercitation sit nulla. Est occaecat veniam Lorem Lorem nulla sit exercitation est aute dolor exercitation ut. Anim sint sunt labore duis culpa occaecat dolor deserunt ex.\r\n",
  "registered": "2015-07-22T06:47:47-07:00",
  "tags": [
    "amet",
    "occaecat",
    "non",
    "est",
    "officia",
    "magna",
    "est"
  ],
  "friends": [
    {
      "id": 0,
      "name": "Edith Sullivan"
    },
    {
      "id": 1,
      "name": "Jordan Green"
    },
    {
      "id": 2,
      "name": "Marina Mcclure"
    }
  ],
  "greeting": "Hello, Janie Young! You have 1 unread messages.",
  "favoriteFruit": "banana",
  "location": {
    "latitude": -0.829385,
    "longitude": -119.321264
  },
  "docFormat": "json",
  "triples": [
    {
      "triple": {
        "subject": "/sample-data/data-1177.json",
        "predicate": "http://www.w3.org/2000/01/rdf-schema#label",
        "object": "Janie Young"
      }
    },
    {
      "triple": {
        "subject": "/sample-data/data-1177.json",
        "predicate": "http://www.w3.org/1999/02/22-rdf-syntax-ns#type",
        "object": "http://xmlns.com/foaf/0.1/Person"
      }
    },
    {
      "triple": {
        "subject": "/sample-data/data-1177.json",
        "predicate": "http://xmlns.com/foaf/0.1/knows",
        "object": "/sample-data/data-2946.json"
      }
    },
    {
      "triple": {
        "subject": "/sample-data/data-1177.json",
        "predicate": "http://xmlns.com/foaf/0.1/knows",
        "object": "/sample-data/data-1610.json"
      }
    },
    {
      "triple": {
        "subject": "/sample-data/data-1177.json",
        "predicate": "http://xmlns.com/foaf/0.1/knows",
        "object": "/sample-data/data-2927.json"
      }
    }
  ]
}