{
  "_id": "55ee5e445b5e5cc9d615c620",
  "index": 1373,
  "guid": "e9201bf0-1b0f-46a8-95d6-941a6f15e3d1",
  "isActive": false,
  "balance": "$56,305.72",
  "picture": "http://placehold.it/32x32",
  "age": 36,
  "eyeColor": "green",
  "name": "Ofelia Middleton",
  "gender": "female",
  "company": "MEDMEX",
  "email": "ofeliamiddleton@medmex.com",
  "phone": "+1 (935) 444-3467",
  "address": "582 Tabor Court, Spelter, Puerto Rico, 829",
  "about": "Ut veniam occaecat nulla labore cupidatat magna cillum consectetur cupidatat enim ullamco nostrud. Do eu elit amet ut fugiat occaecat magna sit cillum aliqua minim ex incididunt officia. Enim voluptate fugiat consectetur aliqua laborum consequat. Sit irure nisi exercitation culpa ipsum. Voluptate velit exercitation culpa dolore. Dolore enim Lorem ea reprehenderit sit labore laboris voluptate laborum. Commodo nisi in id incididunt nisi mollit occaecat eiusmod consequat ex in commodo aute.\r\n",
  "registered": "2014-09-16T07:34:03-07:00",
  "tags": [
    "proident",
    "adipisicing",
    "elit",
    "cupidatat",
    "amet",
    "anim",
    "cillum"
  ],
  "friends": [
    {
      "id": 0,
      "name": "Stephens Robinson"
    },
    {
      "id": 1,
      "name": "Cotton Combs"
    },
    {
      "id": 2,
      "name": "Jaime Nixon"
    }
  ],
  "greeting": "Hello, Ofelia Middleton! You have 4 unread messages.",
  "favoriteFruit": "orange",
  "location": {
    "latitude": 80.862559,
    "longitude": 109.753242
  },
  "docFormat": "json",
  "triples": [
    {
      "triple": {
        "subject": "/sample-data/data-1373.json",
        "predicate": "http://www.w3.org/2000/01/rdf-schema#label",
        "object": "Ofelia Middleton"
      }
    },
    {
      "triple": {
        "subject": "/sample-data/data-1373.json",
        "predicate": "http://www.w3.org/1999/02/22-rdf-syntax-ns#type",
        "object": "http://xmlns.com/foaf/0.1/Person"
      }
    },
    {
      "triple": {
        "subject": "/sample-data/data-1373.json",
        "predicate": "http://xmlns.com/foaf/0.1/knows",
        "object": "/sample-data/data-59.json"
      }
    },
    {
      "triple": {
        "subject": "/sample-data/data-1373.json",
        "predicate": "http://xmlns.com/foaf/0.1/knows",
        "object": "/sample-data/data-832.json"
      }
    },
    {
      "triple": {
        "subject": "/sample-data/data-1373.json",
        "predicate": "http://xmlns.com/foaf/0.1/knows",
        "object": "/sample-data/data-2864.json"
      }
    }
  ]
}