{"_id":"55ee5e4430bfbb5f20f211f2","index":1259,"guid":"6fd7e711-496c-4cb9-999c-ae50f7664a6b","isActive":false,"balance":"$62,586.86","picture":"http://placehold.it/32x32","age":30,"eyeColor":"blue","name":"Cornelia Shields","gender":"female","company":"XERONK","email":"corneliashields@xeronk.com","phone":"+1 (970) 540-3782","address":"630 Amersfort Place, Herald, Minnesota, 8972","about":"Ullamco sunt qui fugiat adipisicing laborum nulla id cillum. Et sint magna elit dolor ipsum ipsum ipsum nisi amet pariatur. Labore qui cillum ex Lorem duis mollit dolor cupidatat. Culpa proident qui incididunt fugiat laboris esse. Reprehenderit commodo officia deserunt deserunt aliqua consectetur proident do dolore. Laboris veniam occaecat irure culpa aliqua dolor et adipisicing magna ea consequat. Aute sit sint aliquip ad culpa Lorem enim amet id ea.\r\n","registered":"2015-02-01T03:31:52 -07:00","tags":["proident","adipisicing","deserunt","veniam","cillum","enim","elit"],"friends":[{"id":0,"name":"Ratliff Talley"},{"id":1,"name":"Kristie Wilkerson"},{"id":2,"name":"Leila Carroll"}],"greeting":"Hello, Cornelia Shields! You have 6 unread messages.","favoriteFruit":"pear","location":{"latitude":-85.607188,"longitude":-148.495327},"docFormat":"json"}