{"_id":"55ee5e446fb0c6eaf8c822d1","index":1219,"guid":"52d664ab-4fc5-43a3-ba4e-531b91c37850","isActive":false,"balance":"$40,452.89","picture":"http://placehold.it/32x32","age":35,"eyeColor":"blue","name":"Finley Jarvis","gender":"male","company":"EURON","email":"finleyjarvis@euron.com","phone":"+1 (891) 512-2890","address":"400 Portal Street, Templeton, Missouri, 970","about":"Labore Lorem dolore cupidatat anim qui nisi dolor cupidatat excepteur ea minim minim incididunt officia. Lorem officia deserunt sunt adipisicing eu velit in laboris. Officia sit labore voluptate culpa est aliquip exercitation in sunt amet nisi id. Mollit ad consectetur do exercitation non nisi sit nisi sint id ea.\r\n","registered":"2015-06-01T03:52:20 -07:00","tags":["adipisicing","do","id","nulla","proident","anim","irure"],"friends":[{"id":0,"name":"Nicole Sykes"},{"id":1,"name":"Brady Winters"},{"id":2,"name":"Nolan Cannon"}],"greeting":"Hello, Finley Jarvis! You have 10 unread messages.","favoriteFruit":"pear","location":{"latitude":15.398303,"longitude":11.181799},"docFormat":"json","triples":[{"triple":{"subject":"/sample-data/data-1219.json","predicate":"http://www.w3.org/2000/01/rdf-schema#label","object":"Finley Jarvis"}},{"triple":{"subject":"/sample-data/data-1219.json","predicate":"http://www.w3.org/1999/02/22-rdf-syntax-ns#type","object":"http://xmlns.com/foaf/0.1/Person"}},{"triple":{"subject":"/sample-data/data-1219.json","predicate":"http://xmlns.com/foaf/0.1/knows","object":"/sample-data/data-296.json"}},{"triple":{"subject":"/sample-data/data-1219.json","predicate":"http://xmlns.com/foaf/0.1/knows","object":"/sample-data/data-2893.json"}},{"triple":{"subject":"/sample-data/data-1219.json","predicate":"http://xmlns.com/foaf/0.1/knows","object":"/sample-data/data-429.json"}}]}