{"_id":"55ee5e443c7233e31f1cb1d3","index":1089,"guid":"62cb59cf-f7ee-4a7d-919d-83d91046faa9","isActive":false,"balance":"$84,236.20","picture":"http://placehold.it/32x32","age":68,"eyeColor":"green","name":"Powell Abbott","gender":"male","company":"MEDALERT","email":"powellabbott@medalert.com","phone":"+1 (907) 474-3457","address":"853 Schroeders Avenue, Wiscon, North Carolina, 1971","about":"Irure culpa reprehenderit do elit incididunt aliqua sit. Veniam elit ut tempor esse cillum consequat ut commodo voluptate eiusmod proident pariatur. Fugiat exercitation magna anim deserunt in nostrud anim ut ipsum. Lorem in proident ad consequat duis qui qui enim deserunt reprehenderit aliqua quis officia voluptate.\r\n","registered":"2014-03-20T08:38:59 -07:00","tags":["in","enim","enim","veniam","occaecat","Lorem","irure"],"friends":[{"id":0,"name":"Barron Booth"},{"id":1,"name":"Lenora Woodard"},{"id":2,"name":"Brandy Fischer"}],"greeting":"Hello, Powell Abbott! You have 1 unread messages.","favoriteFruit":"banana","location":{"latitude":-13.754637,"longitude":-88.382493}}