{"_id":"55ee5e443db12e3fc69ededa","index":1258,"guid":"4e91da6d-2a05-4a16-963c-a16ca9cf123f","isActive":true,"balance":"$59,468.91","picture":"http://placehold.it/32x32","age":46,"eyeColor":"brown","name":"Mayra Guy","gender":"female","company":"NORSUL","email":"mayraguy@norsul.com","phone":"+1 (981) 462-2993","address":"960 Delmonico Place, Vienna, American Samoa, 5368","about":"Enim duis mollit quis nulla amet fugiat ad consequat qui. Consectetur deserunt deserunt non est velit et dolor nisi. In occaecat sunt sunt culpa magna sunt ipsum. Deserunt occaecat aliqua proident pariatur duis est minim reprehenderit irure in.\r\n","registered":"2014-03-15T07:17:51 -07:00","tags":["esse","elit","esse","in","proident","qui","nisi"],"friends":[{"id":0,"name":"Whitney Hogan"},{"id":1,"name":"Talley Levine"},{"id":2,"name":"Roman Barron"}],"greeting":"Hello, Mayra Guy! You have 8 unread messages.","favoriteFruit":"apple","location":{"latitude":-14.223009,"longitude":-105.41748}}