{"_id":"55ee5e445b1e72545ec0a8e7","index":1046,"guid":"e980ac93-acca-4945-81f7-4dc3a04bae07","isActive":true,"balance":"$16,886.59","picture":"http://placehold.it/32x32","age":35,"eyeColor":"brown","name":"Roach Little","gender":"male","company":"DELPHIDE","email":"roachlittle@delphide.com","phone":"+1 (997) 514-2840","address":"908 Neptune Court, Riviera, Maine, 7193","about":"Elit mollit consequat ex quis id dolore nostrud culpa nostrud incididunt. Elit exercitation elit commodo elit dolore duis culpa nulla laborum excepteur. Aliqua esse mollit proident minim sit pariatur deserunt Lorem est mollit. Irure fugiat laboris reprehenderit duis mollit anim ut aute magna. Est nisi proident labore non adipisicing excepteur ad ex labore officia fugiat ipsum. Nostrud reprehenderit anim qui id ea velit ipsum adipisicing cupidatat est dolore laborum occaecat enim.\r\n","registered":"2014-12-07T01:17:12 -07:00","tags":["mollit","laboris","sunt","laboris","minim","ad","labore"],"friends":[{"id":0,"name":"Quinn Mann"},{"id":1,"name":"Laurie Mason"},{"id":2,"name":"Latasha Tran"}],"greeting":"Hello, Roach Little! You have 7 unread messages.","favoriteFruit":"banana","location":{"latitude":48.891942,"longitude":-3.122181},"docFormat":"json","triples":[{"triple":{"subject":"/sample-data/data-1046.json","predicate":"http://www.w3.org/2000/01/rdf-schema#label","object":"Roach Little"}},{"triple":{"subject":"/sample-data/data-1046.json","predicate":"http://www.w3.org/1999/02/22-rdf-syntax-ns#type","object":"http://xmlns.com/foaf/0.1/Person"}},{"triple":{"subject":"/sample-data/data-1046.json","predicate":"http://xmlns.com/foaf/0.1/knows","object":"/sample-data/data-1049.json"}},{"triple":{"subject":"/sample-data/data-1046.json","predicate":"http://xmlns.com/foaf/0.1/knows","object":"/sample-data/data-890.json"}},{"triple":{"subject":"/sample-data/data-1046.json","predicate":"http://xmlns.com/foaf/0.1/knows","object":"/sample-data/data-50.json"}}]}