{"_id":"55ee5e44857eb4a25f15feef","index":1209,"guid":"20f00f60-3f8a-4c9d-bd93-a4c7cfe9cda5","isActive":true,"balance":"$88,102.72","picture":"http://placehold.it/32x32","age":39,"eyeColor":"brown","name":"Harris Campbell","gender":"male","company":"HYPLEX","email":"harriscampbell@hyplex.com","phone":"+1 (861) 496-2433","address":"125 Kent Avenue, Canoochee, South Carolina, 5266","about":"Do cupidatat qui occaecat laboris aute ullamco nostrud. Eu ex consequat officia eu quis elit nulla ipsum dolor incididunt nostrud voluptate dolor veniam. Aliqua qui nostrud amet dolore elit voluptate fugiat ad adipisicing labore dolor. Excepteur aliqua ut est proident sunt nostrud consectetur ad in occaecat. Aliqua ea eu ex veniam cupidatat ipsum culpa. Eiusmod amet eu elit ut amet anim esse dolore elit sint minim. Ipsum dolore tempor nisi amet qui consequat nisi do irure in Lorem elit adipisicing exercitation.\r\n","registered":"2014-01-05T05:32:01 -07:00","tags":["ipsum","ad","ad","sunt","eiusmod","incididunt","cillum"],"friends":[{"id":0,"name":"Ortega Hull"},{"id":1,"name":"Doris Perkins"},{"id":2,"name":"Cameron Mckinney"}],"greeting":"Hello, Harris Campbell! You have 9 unread messages.","favoriteFruit":"pear","location":{"latitude":1.980059,"longitude":-149.179547},"docFormat":"json"}