{"_id":"55ee5e44a7b6fb45f7d2b0ee","index":1213,"guid":"dcae2cb0-5893-48c0-adb8-fe976f6c5695","isActive":true,"balance":"$83,557.48","picture":"http://placehold.it/32x32","age":46,"eyeColor":"green","name":"Tyler Weber","gender":"male","company":"ENOMEN","email":"tylerweber@enomen.com","phone":"+1 (905) 541-2010","address":"536 Ainslie Street, Chase, Nevada, 6878","about":"Aute deserunt ipsum est nulla magna. Ea cupidatat non adipisicing voluptate excepteur ex culpa esse adipisicing mollit deserunt aute est. Est non laborum culpa voluptate eu do minim mollit laboris sit consectetur nisi. Magna est ex nostrud Lorem aute elit nostrud. Ullamco dolore minim cupidatat velit labore voluptate. Eu aute ullamco ut tempor in sint officia mollit. Nisi et nostrud voluptate cillum exercitation.\r\n","registered":"2015-06-16T04:52:25 -07:00","tags":["exercitation","irure","qui","tempor","ullamco","eu","non"],"friends":[{"id":0,"name":"Browning Moon"},{"id":1,"name":"Cain Wolf"},{"id":2,"name":"Harrison Donaldson"}],"greeting":"Hello, Tyler Weber! You have 10 unread messages.","favoriteFruit":"apple","location":{"latitude":-23.839882,"longitude":-96.806167}}