{"_id":"55ee5e44ea14d6e627b657f0","index":1282,"guid":"8ba0cc1f-f41a-4430-97eb-b4d4ebd04f3a","isActive":false,"balance":"$27,235.33","picture":"http://placehold.it/32x32","age":20,"eyeColor":"green","name":"Constance Bradshaw","gender":"female","company":"SUNCLIPSE","email":"constancebradshaw@sunclipse.com","phone":"+1 (844) 524-3904","address":"146 Lombardy Street, Bison, Alabama, 8845","about":"Dolor laborum duis excepteur ut mollit incididunt non Lorem minim commodo id nulla. Duis velit non labore consequat do cillum eiusmod duis fugiat. Eiusmod consectetur laborum est id dolor aliquip duis nisi consequat fugiat ea. Veniam ipsum est tempor enim amet aute sit id aliquip eu eiusmod eu. Sint id proident duis cillum minim incididunt incididunt. Excepteur cupidatat proident nisi voluptate velit culpa nisi. Ea consequat aute est sit minim mollit qui aliqua do voluptate labore reprehenderit veniam.\r\n","registered":"2015-04-17T02:06:20 -07:00","tags":["nulla","irure","eu","mollit","sit","laboris","sit"],"friends":[{"id":0,"name":"Blanchard Terry"},{"id":1,"name":"Monica Bass"},{"id":2,"name":"Mcintyre Harrington"}],"greeting":"Hello, Constance Bradshaw! You have 9 unread messages.","favoriteFruit":"pear","location":{"latitude":-51.203841,"longitude":-99.417036},"docFormat":"json"}