{"_id":"55ee5e441eedd4acd6372c23","index":1278,"guid":"150e48e0-69c3-4b17-8dec-e77189887f90","isActive":true,"balance":"$67,976.32","picture":"http://placehold.it/32x32","age":55,"eyeColor":"green","name":"York Hunt","gender":"male","company":"TEMORAK","email":"yorkhunt@temorak.com","phone":"+1 (972) 402-2684","address":"621 Fleet Walk, Wikieup, Maine, 9941","about":"Ut enim reprehenderit aute labore nisi mollit ipsum enim tempor ut commodo ut fugiat pariatur. Ea ea est ad sunt velit cillum amet ipsum sunt ut eu laborum culpa occaecat. Aliqua commodo Lorem fugiat adipisicing quis proident ipsum in tempor. Minim eu non tempor minim dolor et laboris veniam sit adipisicing. Eu velit id sunt tempor ipsum ex ex est aute sunt exercitation commodo ex. Aute nisi excepteur dolor laboris cillum cupidatat nulla aliqua aliquip cillum eu ipsum.\r\n","registered":"2015-08-03T07:57:09 -07:00","tags":["qui","reprehenderit","amet","deserunt","consectetur","dolore","minim"],"friends":[{"id":0,"name":"Juliet Wiggins"},{"id":1,"name":"Tyson Garcia"},{"id":2,"name":"Elinor Hawkins"}],"greeting":"Hello, York Hunt! You have 9 unread messages.","favoriteFruit":"orange","location":{"latitude":-25.132563,"longitude":62.271065}}