{"_id":"55ee5e44107523ae7891ff52","index":144,"guid":"713cc9ba-13cc-497f-9ee6-e8a5b64b8875","isActive":false,"balance":"$57,666.24","picture":"http://placehold.it/32x32","age":66,"eyeColor":"brown","name":"Kane Jenkins","gender":"male","company":"DIGINETIC","email":"kanejenkins@diginetic.com","phone":"+1 (859) 534-2140","address":"474 Arion Place, Frystown, Colorado, 9087","about":"Aliqua adipisicing eu duis tempor. Laboris consectetur aliquip enim voluptate magna labore enim qui ea irure non duis laborum. Amet excepteur id velit voluptate excepteur et tempor ex duis amet ipsum officia do. Laborum do sit quis nisi ut et.\r\n","registered":"2015-08-02T05:20:38 -07:00","tags":["ad","anim","in","reprehenderit","dolor","anim","aliqua"],"friends":[{"id":0,"name":"Vasquez Macdonald"},{"id":1,"name":"Lorie Huffman"},{"id":2,"name":"Jasmine Wyatt"}],"greeting":"Hello, Kane Jenkins! You have 8 unread messages.","favoriteFruit":"orange","location":{"latitude":14.245838,"longitude":-176.364162}}