{"_id":"55ee5e4423bc7115d5713909","index":1295,"guid":"e7e3db2b-a25d-40cd-be69-62f4108d8eb0","isActive":true,"balance":"$59,612.66","picture":"http://placehold.it/32x32","age":57,"eyeColor":"brown","name":"Jones Avila","gender":"male","company":"EMERGENT","email":"jonesavila@emergent.com","phone":"+1 (980) 594-3744","address":"743 Royce Place, Vaughn, Marshall Islands, 9520","about":"Commodo reprehenderit voluptate consequat nulla commodo sunt ad et. Deserunt et cillum excepteur culpa eiusmod nisi. Laboris nisi dolor officia deserunt. Qui ut consectetur officia elit aliqua tempor adipisicing aliquip reprehenderit. Eiusmod in nostrud do culpa eu commodo laborum non minim ad quis culpa ut.\r\n","registered":"2015-01-25T02:24:03 -07:00","tags":["excepteur","aliqua","minim","non","laboris","ipsum","voluptate"],"friends":[{"id":0,"name":"Louise Cobb"},{"id":1,"name":"Margie Hensley"},{"id":2,"name":"Genevieve Little"}],"greeting":"Hello, Jones Avila! You have 6 unread messages.","favoriteFruit":"pear","location":{"latitude":-9.912973,"longitude":-178.014714},"docFormat":"json"}