{"_id":"55ee5e44a53762fcb931841b","index":1106,"guid":"f0f7ea71-7ca5-4a16-8b0a-ba60a66259a6","isActive":false,"balance":"$66,295.91","picture":"http://placehold.it/32x32","age":53,"eyeColor":"brown","name":"Miranda Bell","gender":"female","company":"PORTICA","email":"mirandabell@portica.com","phone":"+1 (817) 552-2784","address":"405 Arlington Place, Rockingham, Washington, 7682","about":"Labore pariatur id laborum mollit esse sit do magna qui adipisicing et. Aute ea in voluptate excepteur voluptate. Quis veniam dolor consectetur cillum do reprehenderit do velit quis.\r\n","registered":"2014-01-01T10:40:04 -07:00","tags":["do","incididunt","minim","do","deserunt","et","anim"],"friends":[{"id":0,"name":"Lane Bean"},{"id":1,"name":"Susanna Heath"},{"id":2,"name":"Herring Kennedy"}],"greeting":"Hello, Miranda Bell! You have 6 unread messages.","favoriteFruit":"pear","location":{"latitude":-61.391143,"longitude":38.923169},"docFormat":"json"}