{"_id":"55ee5e44c6adf2feb20ba652","index":1051,"guid":"cba7fc68-1c61-4399-9ca6-f89aa000b0dc","isActive":true,"balance":"$69,958.97","picture":"http://placehold.it/32x32","age":69,"eyeColor":"blue","name":"Katie Woods","gender":"female","company":"FUTURIZE","email":"katiewoods@futurize.com","phone":"+1 (969) 454-3424","address":"920 Reed Street, Hebron, Illinois, 2036","about":"Consectetur Lorem ullamco duis id eu culpa fugiat laborum Lorem voluptate laborum ad. Amet duis ex enim labore qui non elit ex esse consectetur nulla. Pariatur esse quis esse sunt cupidatat dolor ut fugiat incididunt consequat nostrud amet est. Cupidatat velit do veniam ullamco.\r\n","registered":"2014-05-10T07:43:08 -07:00","tags":["pariatur","et","labore","magna","laborum","labore","magna"],"friends":[{"id":0,"name":"Kelly Dorsey"},{"id":1,"name":"Jeannine Pacheco"},{"id":2,"name":"Erika Barton"}],"greeting":"Hello, Katie Woods! You have 5 unread messages.","favoriteFruit":"strawberry","location":{"latitude":18.48953,"longitude":130.815698}}