{"_id":"55ee5e44ead28279a87cfa2d","index":1033,"guid":"4d81788c-7001-4091-b3ff-6f25849562cf","isActive":true,"balance":"$31,924.60","picture":"http://placehold.it/32x32","age":25,"eyeColor":"green","name":"Gracie Harrington","gender":"female","company":"QUANTASIS","email":"gracieharrington@quantasis.com","phone":"+1 (810) 578-2270","address":"704 Rugby Road, Convent, Michigan, 2952","about":"Excepteur sint id veniam et officia. Ullamco commodo laborum aute aliquip commodo fugiat ullamco mollit irure aliquip irure nostrud. In aute cupidatat deserunt quis dolore esse ex. Aute mollit duis anim nostrud aute adipisicing non.\r\n","registered":"2014-12-26T04:30:42 -07:00","tags":["commodo","velit","est","nulla","laborum","voluptate","esse"],"friends":[{"id":0,"name":"Alisa Hardin"},{"id":1,"name":"Knowles Ewing"},{"id":2,"name":"Fowler Sharpe"}],"greeting":"Hello, Gracie Harrington! You have 3 unread messages.","favoriteFruit":"orange","location":{"latitude":9.906203,"longitude":-97.657302},"docFormat":"json","triples":[{"triple":{"subject":"/sample-data/data-1033.json","predicate":"http://www.w3.org/2000/01/rdf-schema#label","object":"Gracie Harrington"}},{"triple":{"subject":"/sample-data/data-1033.json","predicate":"http://www.w3.org/1999/02/22-rdf-syntax-ns#type","object":"http://xmlns.com/foaf/0.1/Person"}},{"triple":{"subject":"/sample-data/data-1033.json","predicate":"http://xmlns.com/foaf/0.1/knows","object":"/sample-data/data-502.json"}},{"triple":{"subject":"/sample-data/data-1033.json","predicate":"http://xmlns.com/foaf/0.1/knows","object":"/sample-data/data-449.json"}},{"triple":{"subject":"/sample-data/data-1033.json","predicate":"http://xmlns.com/foaf/0.1/knows","object":"/sample-data/data-384.json"}}]}