{
  "_id": "55ee5e44d5529f744eef7aba",
  "index": 1120,
  "guid": "abd3f432-703c-4048-996a-9379ee7f8d84",
  "isActive": true,
  "balance": "$31,207.29",
  "picture": "http://placehold.it/32x32",
  "age": 44,
  "eyeColor": "blue",
  "name": "Barton Munoz",
  "gender": "male",
  "company": "ZIPAK",
  "email": "bartonmunoz@zipak.com",
  "phone": "+1 (884) 491-3714",
  "address": "560 Monroe Place, Barclay, Alaska, 4775",
  "about": "Veniam consequat elit eu aute nostrud laboris labore cillum sit pariatur. Cupidatat consequat minim elit enim dolor non nostrud eiusmod non voluptate anim ex. Ut adipisicing ea dolore qui consectetur ad ad. Et labore proident aliquip do commodo. Occaecat consequat deserunt dolor Lorem sint proident aute ipsum ullamco enim ex sunt ea labore. Excepteur laborum deserunt minim anim qui ut mollit veniam. Enim non sint laborum minim dolore.\r\n",
  "registered": "2015-07-17T04:38:32-07:00",
  "tags": [
    "sint",
    "nostrud",
    "aliquip",
    "eiusmod",
    "laborum",
    "cupidatat",
    "culpa"
  ],
  "friends": [
    {
      "id": 0,
      "name": "Ellison Farley"
    },
    {
      "id": 1,
      "name": "Osborn Marks"
    },
    {
      "id": 2,
      "name": "Lucinda Salinas"
    }
  ],
  "greeting": "Hello, Barton Munoz! You have 3 unread messages.",
  "favoriteFruit": "banana",
  "location": {
    "latitude": -54.533094,
    "longitude": 116.646875
  },
  "docFormat": "json",
  "triples": [
    {
      "triple": {
        "subject": "/sample-data/data-1120.json",
        "predicate": "http://www.w3.org/2000/01/rdf-schema#label",
        "object": "Barton Munoz"
      }
    },
    {
      "triple": {
        "subject": "/sample-data/data-1120.json",
        "predicate": "http://www.w3.org/1999/02/22-rdf-syntax-ns#type",
        "object": "http://xmlns.com/foaf/0.1/Person"
      }
    },
    {
      "triple": {
        "subject": "/sample-data/data-1120.json",
        "predicate": "http://xmlns.com/foaf/0.1/knows",
        "object": "/sample-data/data-1600.json"
      }
    },
    {
      "triple": {
        "subject": "/sample-data/data-1120.json",
        "predicate": "http://xmlns.com/foaf/0.1/knows",
        "object": "/sample-data/data-295.json"
      }
    },
    {
      "triple": {
        "subject": "/sample-data/data-1120.json",
        "predicate": "http://xmlns.com/foaf/0.1/knows",
        "object": "/sample-data/data-80.json"
      }
    }
  ]
}