{"_id":"55ee5e446f03bf214ea0747d","index":1380,"guid":"92fa366b-57c5-4f2a-8b15-a548d733e794","isActive":false,"balance":"$8,102.99","picture":"http://placehold.it/32x32","age":55,"eyeColor":"brown","name":"Wolf Blackwell","gender":"male","company":"VERAQ","email":"wolfblackwell@veraq.com","phone":"+1 (974) 532-3915","address":"309 Rutledge Street, Frierson, Kentucky, 2133","about":"Et aliquip sint Lorem cupidatat occaecat culpa. Irure nisi quis adipisicing deserunt sint est. Amet ipsum eiusmod mollit voluptate occaecat deserunt laboris Lorem eu laboris consectetur cupidatat veniam. Laboris pariatur anim adipisicing reprehenderit exercitation do deserunt proident et adipisicing in qui ex reprehenderit. Minim ex non labore ex id quis ut elit mollit non velit. Aliquip dolor in ipsum laboris exercitation aliqua aliqua laborum pariatur eu in. Ipsum duis proident ea in ea irure voluptate.\r\n","registered":"2014-08-25T10:41:56 -07:00","tags":["esse","adipisicing","consequat","do","sit","cupidatat","eiusmod"],"friends":[{"id":0,"name":"Pena Boyd"},{"id":1,"name":"Bradley Moran"},{"id":2,"name":"Meyer Kirby"}],"greeting":"Hello, Wolf Blackwell! You have 9 unread messages.","favoriteFruit":"banana","location":{"latitude":-9.097114,"longitude":52.819743}}