{"_id":"55ee5e4458027fddb2419d29","index":1428,"guid":"59aaf08a-4094-48bc-abc0-0cae672e8582","isActive":false,"balance":"$8,875.68","picture":"http://placehold.it/32x32","age":31,"eyeColor":"green","name":"Reese Carver","gender":"male","company":"ISOSPHERE","email":"reesecarver@isosphere.com","phone":"+1 (899) 484-2475","address":"456 Whitty Lane, Macdona, Nebraska, 9283","about":"Commodo dolore elit sint dolore reprehenderit aute elit id deserunt commodo veniam laborum. Sunt in ullamco eiusmod mollit sunt commodo adipisicing et pariatur adipisicing ut ut sit non. Amet excepteur qui esse amet culpa nisi do sint esse cupidatat minim. Commodo nisi culpa nisi nisi nulla cupidatat nisi ut adipisicing elit cillum proident pariatur. Ipsum irure et eiusmod exercitation duis consequat incididunt aliqua anim ullamco exercitation eu.\r\n","registered":"2015-03-10T11:34:31 -07:00","tags":["mollit","amet","quis","esse","fugiat","ad","velit"],"friends":[{"id":0,"name":"Valerie Howe"},{"id":1,"name":"Morin Wilkins"},{"id":2,"name":"Hunt Bauer"}],"greeting":"Hello, Reese Carver! You have 8 unread messages.","favoriteFruit":"orange","location":{"latitude":-0.4894,"longitude":161.367155},"docFormat":"json"}