{"_id":"55ee5e44eb8701885ba43c6f","index":1055,"guid":"f31348b1-4dc8-4be5-9ca6-88ac7b03095a","isActive":true,"balance":"$28,483.02","picture":"http://placehold.it/32x32","age":40,"eyeColor":"brown","name":"Vance Sims","gender":"male","company":"PYRAMIS","email":"vancesims@pyramis.com","phone":"+1 (889) 452-3342","address":"952 Tapscott Avenue, Broadlands, California, 396","about":"Sint in enim et Lorem. Pariatur excepteur tempor excepteur occaecat reprehenderit. Ullamco nulla sit commodo nostrud mollit reprehenderit. Deserunt occaecat dolore reprehenderit commodo cupidatat aliqua deserunt labore.\r\n","registered":"2015-03-11T09:30:05 -07:00","tags":["reprehenderit","do","sunt","amet","occaecat","minim","mollit"],"friends":[{"id":0,"name":"Duke Travis"},{"id":1,"name":"Alexander Mays"},{"id":2,"name":"Alvarez Vance"}],"greeting":"Hello, Vance Sims! You have 1 unread messages.","favoriteFruit":"pear","location":{"latitude":26.500705,"longitude":4.689029}}