{"_id":"55ee5e44d007b4dc2a7c7e28","index":1330,"guid":"0250e45a-f334-4947-9314-247da6bb751a","isActive":true,"balance":"$56,045.25","picture":"http://placehold.it/32x32","age":61,"eyeColor":"green","name":"Melinda Puckett","gender":"female","company":"EXTRO","email":"melindapuckett@extro.com","phone":"+1 (846) 547-3002","address":"333 Downing Street, Rosewood, Maryland, 3905","about":"Laborum et tempor velit sit veniam do laborum laborum nostrud reprehenderit. Ipsum in fugiat eiusmod exercitation labore ut do sit. Officia commodo ea velit incididunt do ullamco voluptate sit occaecat officia sunt. Et non ex deserunt aliquip.\r\n","registered":"2014-05-08T05:47:00 -07:00","tags":["do","dolore","veniam","deserunt","minim","commodo","elit"],"friends":[{"id":0,"name":"Imelda Andrews"},{"id":1,"name":"Mandy Montoya"},{"id":2,"name":"Glenda Kelly"}],"greeting":"Hello, Melinda Puckett! You have 7 unread messages.","favoriteFruit":"orange","location":{"latitude":-38.76398,"longitude":-154.757395}}