{"_id":"55ee5e44ab12e3ee90502162","index":1012,"guid":"d95d753a-8389-4a17-80b7-c8f438a9406b","isActive":false,"balance":"$95,778.81","picture":"http://placehold.it/32x32","age":28,"eyeColor":"green","name":"Munoz Meyers","gender":"male","company":"AQUAMATE","email":"munozmeyers@aquamate.com","phone":"+1 (962) 468-3599","address":"882 Oceanview Avenue, Eureka, Delaware, 7797","about":"Commodo minim pariatur consectetur veniam aliqua sit. Sunt ad labore veniam elit officia proident commodo sunt irure eiusmod. Anim ex ullamco ullamco eiusmod culpa do laborum dolore anim do. Nisi eu sint est ullamco labore. Sint exercitation culpa anim incididunt proident esse. Voluptate consectetur nostrud officia eiusmod quis nisi pariatur labore. Exercitation cillum tempor magna amet magna consequat tempor occaecat voluptate tempor commodo ea labore anim.\r\n","registered":"2014-12-15T10:43:31 -07:00","tags":["excepteur","aliquip","aute","consectetur","nisi","velit","consequat"],"friends":[{"id":0,"name":"Noreen Rojas"},{"id":1,"name":"Gross Landry"},{"id":2,"name":"Ingram Daniel"}],"greeting":"Hello, Munoz Meyers! You have 3 unread messages.","favoriteFruit":"orange","location":{"latitude":-47.615462,"longitude":-10.629668},"docFormat":"json","triples":[{"triple":{"subject":"/sample-data/data-1012.json","predicate":"http://www.w3.org/2000/01/rdf-schema#label","object":"Munoz Meyers"}},{"triple":{"subject":"/sample-data/data-1012.json","predicate":"http://www.w3.org/1999/02/22-rdf-syntax-ns#type","object":"http://xmlns.com/foaf/0.1/Person"}},{"triple":{"subject":"/sample-data/data-1012.json","predicate":"http://xmlns.com/foaf/0.1/knows","object":"/sample-data/data-56.json"}},{"triple":{"subject":"/sample-data/data-1012.json","predicate":"http://xmlns.com/foaf/0.1/knows","object":"/sample-data/data-2483.json"}},{"triple":{"subject":"/sample-data/data-1012.json","predicate":"http://xmlns.com/foaf/0.1/knows","object":"/sample-data/data-1326.json"}}]}