{"_id":"55ee5e44ed0e13e87c953e04","index":133,"guid":"0d9813f2-02f0-4a37-a295-3d87c1b00d4d","isActive":true,"balance":"$95,792.26","picture":"http://placehold.it/32x32","age":58,"eyeColor":"green","name":"Clarke Maynard","gender":"male","company":"REMOTION","email":"clarkemaynard@remotion.com","phone":"+1 (854) 461-3050","address":"370 Malta Street, Dalton, West Virginia, 7569","about":"Laborum fugiat amet sint nostrud eiusmod. Culpa sint fugiat anim pariatur sint dolore minim. Irure ad irure ex qui nulla veniam sint eu et. Eu commodo commodo ea dolor. Officia excepteur aliquip esse consectetur laborum id pariatur cillum.\r\n","registered":"2014-12-28T04:53:59 -07:00","tags":["amet","aliquip","aliquip","ullamco","nulla","do","do"],"friends":[{"id":0,"name":"Walker Richardson"},{"id":1,"name":"Garza Sears"},{"id":2,"name":"Boone Montgomery"}],"greeting":"Hello, Clarke Maynard! You have 2 unread messages.","favoriteFruit":"banana","location":{"latitude":-67.35078,"longitude":96.461799}}