{"_id":"55ee5e4430ed26f81bb18ce6","index":1430,"guid":"2fc7c5f7-1d08-4a2c-aa8e-35f9348ba1a8","isActive":false,"balance":"$84,721.78","picture":"http://placehold.it/32x32","age":49,"eyeColor":"brown","name":"Sawyer Santana","gender":"male","company":"DRAGBOT","email":"sawyersantana@dragbot.com","phone":"+1 (935) 421-3394","address":"394 Hunterfly Place, Delwood, Wisconsin, 4304","about":"Sint deserunt in consectetur est minim mollit. Consectetur duis occaecat mollit non adipisicing. Quis occaecat sit ipsum incididunt dolore proident eu do tempor qui cupidatat. Enim duis eu dolor culpa nostrud voluptate non excepteur quis proident tempor. Culpa ullamco Lorem adipisicing sint officia deserunt sit et sit irure. Aute cupidatat qui incididunt laboris Lorem irure laborum laboris exercitation non Lorem non nulla.\r\n","registered":"2015-01-11T11:11:55 -07:00","tags":["magna","nisi","commodo","culpa","esse","officia","irure"],"friends":[{"id":0,"name":"Rosa Ashley"},{"id":1,"name":"Oliver Hicks"},{"id":2,"name":"Delacruz Rosa"}],"greeting":"Hello, Sawyer Santana! You have 7 unread messages.","favoriteFruit":"pear","location":{"latitude":-29.033812,"longitude":150.102884},"docFormat":"json","triples":[{"triple":{"subject":"/sample-data/data-1430.json","predicate":"http://www.w3.org/2000/01/rdf-schema#label","object":"Sawyer Santana"}},{"triple":{"subject":"/sample-data/data-1430.json","predicate":"http://www.w3.org/1999/02/22-rdf-syntax-ns#type","object":"http://xmlns.com/foaf/0.1/Person"}},{"triple":{"subject":"/sample-data/data-1430.json","predicate":"http://xmlns.com/foaf/0.1/knows","object":"/sample-data/data-33.json"}},{"triple":{"subject":"/sample-data/data-1430.json","predicate":"http://xmlns.com/foaf/0.1/knows","object":"/sample-data/data-2568.json"}},{"triple":{"subject":"/sample-data/data-1430.json","predicate":"http://xmlns.com/foaf/0.1/knows","object":"/sample-data/data-2796.json"}}]}