{
  "_id": "55ee5e44353c890cf165fd0a",
  "index": 1125,
  "guid": "ffa6d237-10b9-47a0-989e-66ec1b5569b7",
  "isActive": true,
  "balance": "$44,975.10",
  "picture": "http://placehold.it/32x32",
  "age": 64,
  "eyeColor": "brown",
  "name": "Hood Reed",
  "gender": "male",
  "company": "LIMAGE",
  "email": "hoodreed@limage.com",
  "phone": "+1 (837) 568-3765",
  "address": "515 Wilson Avenue, Germanton, Louisiana, 9511",
  "about": "Ex tempor adipisicing in minim dolore culpa culpa aute. Voluptate officia Lorem adipisicing elit in eu mollit aliqua commodo do eu laborum. Adipisicing mollit Lorem cillum nostrud deserunt Lorem. Anim eu qui esse sint labore quis officia sit enim nulla.\r\n",
  "registered": "2014-01-14T05:59:29-07:00",
  "tags": [
    "commodo",
    "irure",
    "nulla",
    "ad",
    "aute",
    "voluptate",
    "do"
  ],
  "friends": [
    {
      "id": 0,
      "name": "Dena Diaz"
    },
    {
      "id": 1,
      "name": "Hallie Gomez"
    },
    {
      "id": 2,
      "name": "Sweet Kidd"
    }
  ],
  "greeting": "Hello, Hood Reed! You have 9 unread messages.",
  "favoriteFruit": "apple",
  "location": {
    "latitude": 84.886572,
    "longitude": 86.476337
  },
  "docFormat": "json",
  "triples": [
    {
      "triple": {
        "subject": "/sample-data/data-1125.json",
        "predicate": "http://www.w3.org/2000/01/rdf-schema#label",
        "object": "Hood Reed"
      }
    },
    {
      "triple": {
        "subject": "/sample-data/data-1125.json",
        "predicate": "http://www.w3.org/1999/02/22-rdf-syntax-ns#type",
        "object": "http://xmlns.com/foaf/0.1/Person"
      }
    },
    {
      "triple": {
        "subject": "/sample-data/data-1125.json",
        "predicate": "http://xmlns.com/foaf/0.1/knows",
        "object": "/sample-data/data-2270.json"
      }
    },
    {
      "triple": {
        "subject": "/sample-data/data-1125.json",
        "predicate": "http://xmlns.com/foaf/0.1/knows",
        "object": "/sample-data/data-507.json"
      }
    },
    {
      "triple": {
        "subject": "/sample-data/data-1125.json",
        "predicate": "http://xmlns.com/foaf/0.1/knows",
        "object": "/sample-data/data-545.json"
      }
    }
  ]
}