{"_id":"55ee5e4416c335c935a413ab","index":1065,"guid":"c9fe4722-8f9e-4aaf-831b-3cfd95a44f4c","isActive":false,"balance":"$2,297.66","picture":"http://placehold.it/32x32","age":43,"eyeColor":"green","name":"Meadows Hardy","gender":"male","company":"OVOLO","email":"meadowshardy@ovolo.com","phone":"+1 (846) 505-3785","address":"753 Campus Road, Makena, Guam, 455","about":"Id sunt ex eiusmod est. Commodo incididunt culpa nisi commodo amet nulla sint voluptate dolore sint incididunt aliquip sint. Et sint ex aliqua deserunt ex nisi aliqua culpa id nostrud. Consectetur laboris do aute occaecat anim veniam cillum nostrud.\r\n","registered":"2014-04-05T01:46:25 -07:00","tags":["consequat","enim","sint","officia","commodo","excepteur","aute"],"friends":[{"id":0,"name":"Shawn Terrell"},{"id":1,"name":"Rebecca Juarez"},{"id":2,"name":"Sears Bradford"}],"greeting":"Hello, Meadows Hardy! You have 9 unread messages.","favoriteFruit":"strawberry","location":{"latitude":20.354837,"longitude":54.574265}}