{"_id":"55ee5e444e4c03853590739f","index":140,"guid":"8c70cb9c-2a6d-4ad6-a6ee-2227e99bc0bf","isActive":false,"balance":"$62,413.25","picture":"http://placehold.it/32x32","age":52,"eyeColor":"brown","name":"Burton Kent","gender":"male","company":"EXOSWITCH","email":"burtonkent@exoswitch.com","phone":"+1 (925) 544-2207","address":"625 Jamaica Avenue, Mulberry, Virginia, 6719","about":"Ea nisi fugiat sit esse commodo excepteur deserunt sunt sit ullamco excepteur. Lorem fugiat aliqua ad do aliquip ea proident anim officia exercitation ex exercitation est. Sunt id id nisi est aliqua anim minim aliqua.\r\n","registered":"2014-10-05T04:16:24 -07:00","tags":["incididunt","dolor","ut","nulla","occaecat","sunt","non"],"friends":[{"id":0,"name":"Valenzuela Kaufman"},{"id":1,"name":"Corina Mcbride"},{"id":2,"name":"Carrillo Molina"}],"greeting":"Hello, Burton Kent! You have 2 unread messages.","favoriteFruit":"banana","location":{"latitude":-24.391529,"longitude":114.921336}}