{
  "_id": "55ee5e44cd0079e46501f3c0",
  "index": 1206,
  "guid": "70d4e186-2609-44f6-9d95-0dadfa8c98de",
  "isActive": true,
  "balance": "$74,509.35",
  "picture": "http://placehold.it/32x32",
  "age": 49,
  "eyeColor": "green",
  "name": "Joyce Miranda",
  "gender": "male",
  "company": "KRAGGLE",
  "email": "joycemiranda@kraggle.com",
  "phone": "+1 (898) 521-2326",
  "address": "801 Hausman Street, Waverly, Kentucky, 4026",
  "about": "Anim dolore laborum aute labore ullamco ex sunt pariatur. Reprehenderit et ut nulla nulla do nisi non. Mollit sit exercitation esse est ullamco adipisicing ut in fugiat ea pariatur cillum veniam consequat. Cillum Lorem sit aute non.\r\n",
  "registered": "2015-04-27T06:23:09-07:00",
  "tags": [
    "proident",
    "nostrud",
    "ut",
    "consequat",
    "est",
    "in",
    "adipisicing"
  ],
  "friends": [
    {
      "id": 0,
      "name": "Merrill Mooney"
    },
    {
      "id": 1,
      "name": "Caitlin Hickman"
    },
    {
      "id": 2,
      "name": "Nancy Riley"
    }
  ],
  "greeting": "Hello, Joyce Miranda! You have 5 unread messages.",
  "favoriteFruit": "banana",
  "location": {
    "latitude": -24.138002,
    "longitude": -100.395298
  },
  "docFormat": "json",
  "triples": [
    {
      "triple": {
        "subject": "/sample-data/data-1206.json",
        "predicate": "http://www.w3.org/2000/01/rdf-schema#label",
        "object": "Joyce Miranda"
      }
    },
    {
      "triple": {
        "subject": "/sample-data/data-1206.json",
        "predicate": "http://www.w3.org/1999/02/22-rdf-syntax-ns#type",
        "object": "http://xmlns.com/foaf/0.1/Person"
      }
    },
    {
      "triple": {
        "subject": "/sample-data/data-1206.json",
        "predicate": "http://xmlns.com/foaf/0.1/knows",
        "object": "/sample-data/data-1555.json"
      }
    },
    {
      "triple": {
        "subject": "/sample-data/data-1206.json",
        "predicate": "http://xmlns.com/foaf/0.1/knows",
        "object": "/sample-data/data-1647.json"
      }
    },
    {
      "triple": {
        "subject": "/sample-data/data-1206.json",
        "predicate": "http://xmlns.com/foaf/0.1/knows",
        "object": "/sample-data/data-1540.json"
      }
    }
  ]
}