{
  "_id": "55ee5e445a7f6e02d9eab580",
  "index": 1225,
  "guid": "f59b94bb-f914-41aa-9a64-a9d0eabf9367",
  "isActive": true,
  "balance": "$75,373.24",
  "picture": "http://placehold.it/32x32",
  "age": 68,
  "eyeColor": "green",
  "name": "Jordan Copeland",
  "gender": "male",
  "company": "ECRATER",
  "email": "jordancopeland@ecrater.com",
  "phone": "+1 (975) 477-3261",
  "address": "388 Judge Street, Ernstville, Illinois, 8376",
  "about": "Ad qui veniam sit mollit tempor. Aliqua consectetur incididunt adipisicing in non officia labore commodo. Lorem mollit duis ipsum consequat. Proident dolore minim ipsum occaecat eu ut eu. Non tempor est magna labore nulla id qui deserunt quis.\r\n",
  "registered": "2014-11-25T12:44:09-07:00",
  "tags": [
    "sit",
    "incididunt",
    "id",
    "culpa",
    "laboris",
    "dolore",
    "deserunt"
  ],
  "friends": [
    {
      "id": 0,
      "name": "Ashlee Campos"
    },
    {
      "id": 1,
      "name": "Sullivan Norris"
    },
    {
      "id": 2,
      "name": "Lang Mckay"
    }
  ],
  "greeting": "Hello, Jordan Copeland! You have 2 unread messages.",
  "favoriteFruit": "pear",
  "location": {
    "latitude": -29.567516,
    "longitude": -90.591759
  },
  "docFormat": "json",
  "triples": [
    {
      "triple": {
        "subject": "/sample-data/data-1225.json",
        "predicate": "http://www.w3.org/2000/01/rdf-schema#label",
        "object": "Jordan Copeland"
      }
    },
    {
      "triple": {
        "subject": "/sample-data/data-1225.json",
        "predicate": "http://www.w3.org/1999/02/22-rdf-syntax-ns#type",
        "object": "http://xmlns.com/foaf/0.1/Person"
      }
    },
    {
      "triple": {
        "subject": "/sample-data/data-1225.json",
        "predicate": "http://xmlns.com/foaf/0.1/knows",
        "object": "/sample-data/data-1475.json"
      }
    },
    {
      "triple": {
        "subject": "/sample-data/data-1225.json",
        "predicate": "http://xmlns.com/foaf/0.1/knows",
        "object": "/sample-data/data-2971.json"
      }
    },
    {
      "triple": {
        "subject": "/sample-data/data-1225.json",
        "predicate": "http://xmlns.com/foaf/0.1/knows",
        "object": "/sample-data/data-475.json"
      }
    }
  ]
}