{
  "_id": "55ee5e447b556864360f5f13",
  "index": 1397,
  "guid": "2a80d644-346c-485e-bd6a-6c135f038bc3",
  "isActive": false,
  "balance": "$65,459.39",
  "picture": "http://placehold.it/32x32",
  "age": 35,
  "eyeColor": "brown",
  "name": "Avila Summers",
  "gender": "male",
  "company": "MINGA",
  "email": "avilasummers@minga.com",
  "phone": "+1 (991) 597-2860",
  "address": "853 Sedgwick Place, Kidder, Ohio, 8335",
  "about": "Ex nulla ut voluptate aliqua sint pariatur. Pariatur tempor ad quis nulla pariatur incididunt velit adipisicing culpa et laborum. Enim anim cillum eu velit dolor id enim do et laborum consequat non. Eiusmod deserunt irure consequat non aliqua dolor minim culpa. Tempor minim pariatur ea ipsum irure est adipisicing veniam ipsum do est duis. Aliquip nisi elit sit adipisicing dolore non nulla. Veniam commodo mollit aute exercitation id duis cillum dolor dolore eu sunt.\r\n",
  "registered": "2015-02-16T12:38:09-07:00",
  "tags": [
    "qui",
    "et",
    "sunt",
    "quis",
    "magna",
    "minim",
    "ea"
  ],
  "friends": [
    {
      "id": 0,
      "name": "Sandra Bowman"
    },
    {
      "id": 1,
      "name": "Bridget Rice"
    },
    {
      "id": 2,
      "name": "Sharlene Bolton"
    }
  ],
  "greeting": "Hello, Avila Summers! You have 1 unread messages.",
  "favoriteFruit": "banana",
  "location": {
    "latitude": 58.731115,
    "longitude": 175.920244
  },
  "docFormat": "json",
  "triples": [
    {
      "triple": {
        "subject": "/sample-data/data-1397.json",
        "predicate": "http://www.w3.org/2000/01/rdf-schema#label",
        "object": "Avila Summers"
      }
    },
    {
      "triple": {
        "subject": "/sample-data/data-1397.json",
        "predicate": "http://www.w3.org/1999/02/22-rdf-syntax-ns#type",
        "object": "http://xmlns.com/foaf/0.1/Person"
      }
    },
    {
      "triple": {
        "subject": "/sample-data/data-1397.json",
        "predicate": "http://xmlns.com/foaf/0.1/knows",
        "object": "/sample-data/data-2796.json"
      }
    },
    {
      "triple": {
        "subject": "/sample-data/data-1397.json",
        "predicate": "http://xmlns.com/foaf/0.1/knows",
        "object": "/sample-data/data-1549.json"
      }
    },
    {
      "triple": {
        "subject": "/sample-data/data-1397.json",
        "predicate": "http://xmlns.com/foaf/0.1/knows",
        "object": "/sample-data/data-424.json"
      }
    }
  ]
}