{
  "_id": "55ee5e4487f6c7396939f61c",
  "index": 1193,
  "guid": "1d941d5a-9c13-451a-b642-45659206be81",
  "isActive": false,
  "balance": "$62,105.13",
  "picture": "http://placehold.it/32x32",
  "age": 45,
  "eyeColor": "blue",
  "name": "Rodriquez Gentry",
  "gender": "male",
  "company": "TUBESYS",
  "email": "rodriquezgentry@tubesys.com",
  "phone": "+1 (944) 433-3815",
  "address": "159 Kane Place, Coultervillle, Connecticut, 8051",
  "about": "Exercitation anim voluptate ad enim eiusmod eiusmod do. Ex magna duis non nulla Lorem. Sit ut cillum elit laborum ea irure Lorem proident deserunt in anim labore magna reprehenderit.\r\n",
  "registered": "2015-02-16T07:27:55-07:00",
  "tags": [
    "irure",
    "adipisicing",
    "cillum",
    "labore",
    "quis",
    "minim",
    "qui"
  ],
  "friends": [
    {
      "id": 0,
      "name": "Sharon Porter"
    },
    {
      "id": 1,
      "name": "Millie Tyson"
    },
    {
      "id": 2,
      "name": "Osborne Mcfarland"
    }
  ],
  "greeting": "Hello, Rodriquez Gentry! You have 3 unread messages.",
  "favoriteFruit": "orange",
  "location": {
    "latitude": -77.674686,
    "longitude": 46.596294
  },
  "docFormat": "json",
  "triples": [
    {
      "triple": {
        "subject": "/sample-data/data-1193.json",
        "predicate": "http://www.w3.org/2000/01/rdf-schema#label",
        "object": "Rodriquez Gentry"
      }
    },
    {
      "triple": {
        "subject": "/sample-data/data-1193.json",
        "predicate": "http://www.w3.org/1999/02/22-rdf-syntax-ns#type",
        "object": "http://xmlns.com/foaf/0.1/Person"
      }
    },
    {
      "triple": {
        "subject": "/sample-data/data-1193.json",
        "predicate": "http://xmlns.com/foaf/0.1/knows",
        "object": "/sample-data/data-1583.json"
      }
    },
    {
      "triple": {
        "subject": "/sample-data/data-1193.json",
        "predicate": "http://xmlns.com/foaf/0.1/knows",
        "object": "/sample-data/data-2002.json"
      }
    },
    {
      "triple": {
        "subject": "/sample-data/data-1193.json",
        "predicate": "http://xmlns.com/foaf/0.1/knows",
        "object": "/sample-data/data-1363.json"
      }
    }
  ]
}