{"_id":"55ee5e44460fd90ae54d3057","index":1357,"guid":"8073bfb9-8477-4fe5-ae2c-0f1ce472f330","isActive":false,"balance":"$93,450.07","picture":"http://placehold.it/32x32","age":29,"eyeColor":"blue","name":"Minnie Morrison","gender":"female","company":"PROXSOFT","email":"minniemorrison@proxsoft.com","phone":"+1 (859) 467-3477","address":"687 Macon Street, Biehle, Louisiana, 6675","about":"Sit irure exercitation in nisi consequat irure sit ad labore ea ullamco labore qui. Aliqua laboris ad labore incididunt duis adipisicing est ea cupidatat officia exercitation. Consectetur anim culpa ea consectetur qui. Veniam incididunt laborum laboris do tempor Lorem id dolore minim dolor. Do aliquip id aliquip ullamco do labore est cupidatat laborum veniam ut culpa ea labore. Magna velit nostrud est tempor ad incididunt.\r\n","registered":"2015-08-06T08:03:31 -07:00","tags":["ullamco","quis","laborum","do","ipsum","in","esse"],"friends":[{"id":0,"name":"Stokes Baldwin"},{"id":1,"name":"Wendi Tillman"},{"id":2,"name":"Emily Cortez"}],"greeting":"Hello, Minnie Morrison! You have 3 unread messages.","favoriteFruit":"orange","location":{"latitude":-69.173846,"longitude":-111.67404},"docFormat":"json"}