{"_id":"55ee5e44fe589d174f8b94d1","index":1297,"guid":"0f25a468-3508-47e8-9e47-948f5301bee7","isActive":false,"balance":"$72,737.36","picture":"http://placehold.it/32x32","age":59,"eyeColor":"brown","name":"Jennie Perez","gender":"female","company":"ZANITY","email":"jennieperez@zanity.com","phone":"+1 (943) 409-3154","address":"547 Middagh Street, Como, Guam, 6629","about":"Do id voluptate ullamco irure commodo adipisicing dolore occaecat laborum consectetur. Tempor culpa sunt incididunt est cillum minim fugiat duis amet ut qui consectetur. Reprehenderit cupidatat amet nostrud amet aute adipisicing sunt non commodo Lorem nisi mollit.\r\n","registered":"2015-07-20T04:28:05 -07:00","tags":["elit","ex","commodo","reprehenderit","ex","duis","fugiat"],"friends":[{"id":0,"name":"Emma Rasmussen"},{"id":1,"name":"Aurelia Page"},{"id":2,"name":"Hollie Rivers"}],"greeting":"Hello, Jennie Perez! You have 5 unread messages.","favoriteFruit":"strawberry","location":{"latitude":52.94744,"longitude":58.805604}}