{
  "_id": "55ee5e443bcd80afa6237068",
  "index": 1097,
  "guid": "81ea5afd-a890-4b0c-a876-d6bcd10a5ef1",
  "isActive": true,
  "balance": "$31,676.19",
  "picture": "http://placehold.it/32x32",
  "age": 67,
  "eyeColor": "brown",
  "name": "Millicent Wilcox",
  "gender": "female",
  "company": "BILLMED",
  "email": "millicentwilcox@billmed.com",
  "phone": "+1 (846) 538-2987",
  "address": "876 Lincoln Road, Ronco, Nevada, 3520",
  "about": "Adipisicing reprehenderit voluptate quis ipsum ex officia cupidatat. Exercitation laboris dolore magna sit elit reprehenderit sint. In velit dolore cupidatat voluptate eu duis deserunt aliquip aliqua consequat consectetur nostrud anim.\r\n",
  "registered": "2014-08-25T07:23:14-07:00",
  "tags": [
    "pariatur",
    "eu",
    "dolor",
    "officia",
    "deserunt",
    "aliquip",
    "sint"
  ],
  "friends": [
    {
      "id": 0,
      "name": "Tommie Potter"
    },
    {
      "id": 1,
      "name": "Elisa Brooks"
    },
    {
      "id": 2,
      "name": "Downs Medina"
    }
  ],
  "greeting": "Hello, Millicent Wilcox! You have 2 unread messages.",
  "favoriteFruit": "pear",
  "location": {
    "latitude": -77.161685,
    "longitude": 179.239464
  },
  "docFormat": "json",
  "triples": [
    {
      "triple": {
        "subject": "/sample-data/data-1097.json",
        "predicate": "http://www.w3.org/2000/01/rdf-schema#label",
        "object": "Millicent Wilcox"
      }
    },
    {
      "triple": {
        "subject": "/sample-data/data-1097.json",
        "predicate": "http://www.w3.org/1999/02/22-rdf-syntax-ns#type",
        "object": "http://xmlns.com/foaf/0.1/Person"
      }
    },
    {
      "triple": {
        "subject": "/sample-data/data-1097.json",
        "predicate": "http://xmlns.com/foaf/0.1/knows",
        "object": "/sample-data/data-292.json"
      }
    },
    {
      "triple": {
        "subject": "/sample-data/data-1097.json",
        "predicate": "http://xmlns.com/foaf/0.1/knows",
        "object": "/sample-data/data-1067.json"
      }
    },
    {
      "triple": {
        "subject": "/sample-data/data-1097.json",
        "predicate": "http://xmlns.com/foaf/0.1/knows",
        "object": "/sample-data/data-927.json"
      }
    }
  ]
}