{"_id":"55ee5e44502c409606d08350","index":1368,"guid":"e0a2584f-bde8-4987-b803-9cbf0636dcc1","isActive":true,"balance":"$52,158.92","picture":"http://placehold.it/32x32","age":32,"eyeColor":"blue","name":"Puckett Baird","gender":"male","company":"LUDAK","email":"puckettbaird@ludak.com","phone":"+1 (984) 411-3075","address":"706 Caton Place, Duryea, Idaho, 1553","about":"Lorem dolore aute ullamco sit quis eiusmod id ea commodo non enim incididunt commodo magna. Esse dolore mollit amet sit veniam do dolore nulla velit consequat fugiat proident adipisicing. Non nisi anim eu consequat cillum sint culpa do dolor amet non.\r\n","registered":"2015-03-05T04:34:46 -07:00","tags":["velit","ex","adipisicing","nostrud","magna","commodo","fugiat"],"friends":[{"id":0,"name":"Higgins Blair"},{"id":1,"name":"Angeline Harrell"},{"id":2,"name":"Lucas Oconnor"}],"greeting":"Hello, Puckett Baird! You have 2 unread messages.","favoriteFruit":"banana","location":{"latitude":33.551039,"longitude":83.935698},"docFormat":"json","triples":[{"triple":{"subject":"/sample-data/data-1368.json","predicate":"http://www.w3.org/2000/01/rdf-schema#label","object":"Puckett Baird"}},{"triple":{"subject":"/sample-data/data-1368.json","predicate":"http://www.w3.org/1999/02/22-rdf-syntax-ns#type","object":"http://xmlns.com/foaf/0.1/Person"}},{"triple":{"subject":"/sample-data/data-1368.json","predicate":"http://xmlns.com/foaf/0.1/knows","object":"/sample-data/data-636.json"}},{"triple":{"subject":"/sample-data/data-1368.json","predicate":"http://xmlns.com/foaf/0.1/knows","object":"/sample-data/data-1805.json"}},{"triple":{"subject":"/sample-data/data-1368.json","predicate":"http://xmlns.com/foaf/0.1/knows","object":"/sample-data/data-687.json"}}]}