{"_id":"55ee5e448368b0e8d30e51b0","index":1388,"guid":"203501ef-021e-47d3-9670-d5982f346721","isActive":false,"balance":"$89,745.28","picture":"http://placehold.it/32x32","age":32,"eyeColor":"green","name":"Hopper Richard","gender":"male","company":"HOMETOWN","email":"hopperrichard@hometown.com","phone":"+1 (820) 553-3141","address":"974 Montrose Avenue, Islandia, Maryland, 229","about":"Consequat officia enim eu fugiat ut sit irure aliqua. Ipsum voluptate dolor nisi est esse cillum ipsum amet. Voluptate pariatur consectetur occaecat incididunt velit cupidatat laboris aute commodo. Veniam amet Lorem dolor laboris Lorem fugiat ad. Tempor proident nostrud minim minim.\r\n","registered":"2014-07-16T10:18:19 -07:00","tags":["adipisicing","proident","consectetur","duis","minim","aliquip","qui"],"friends":[{"id":0,"name":"Adams Craig"},{"id":1,"name":"Carlson Simpson"},{"id":2,"name":"Workman Kent"}],"greeting":"Hello, Hopper Richard! You have 7 unread messages.","favoriteFruit":"apple","location":{"latitude":-74.280147,"longitude":27.617556}}