{"_id":"55ee5e44d5e304c19753b51e","index":1400,"guid":"69646e02-5026-4bdd-9b56-9f264b1fdc2e","isActive":false,"balance":"$16,604.02","picture":"http://placehold.it/32x32","age":60,"eyeColor":"brown","name":"Bonnie Reese","gender":"female","company":"RAMEON","email":"bonniereese@rameon.com","phone":"+1 (833) 469-3290","address":"255 Livingston Street, Loomis, Kansas, 2229","about":"Amet amet excepteur et commodo enim. Qui in exercitation proident est et ex nostrud minim exercitation eiusmod ullamco id. Pariatur esse dolor nisi eu voluptate fugiat aliqua mollit laborum id. Pariatur cillum et duis do.\r\n","registered":"2014-07-22T11:40:11 -07:00","tags":["aliqua","dolore","fugiat","reprehenderit","ullamco","commodo","consectetur"],"friends":[{"id":0,"name":"Sarah Osborn"},{"id":1,"name":"Tucker Oliver"},{"id":2,"name":"Marsh Ware"}],"greeting":"Hello, Bonnie Reese! You have 3 unread messages.","favoriteFruit":"apple","location":{"latitude":60.803823,"longitude":-60.238981}}