{"_id":"55ee5e4445cf3331f0b9bfe6","index":1214,"guid":"0d51510d-27e0-493c-931f-2fc5baa1ba80","isActive":false,"balance":"$55,286.21","picture":"http://placehold.it/32x32","age":53,"eyeColor":"blue","name":"Bullock Skinner","gender":"male","company":"ENERSOL","email":"bullockskinner@enersol.com","phone":"+1 (813) 504-3496","address":"842 Bragg Court, Konterra, Maryland, 2620","about":"Amet excepteur fugiat minim ullamco velit irure sunt adipisicing culpa ipsum culpa amet exercitation. Enim ea est fugiat nulla Lorem aliquip eiusmod commodo occaecat laboris. Minim aliquip cupidatat ipsum nulla. Aliqua ut eu in mollit quis veniam id est esse do. Sunt elit nisi ullamco nulla labore quis laboris cillum aliquip nulla laborum dolor laborum. Aliqua voluptate fugiat elit sit sunt officia ipsum nulla non mollit esse. Occaecat elit nostrud dolor minim minim elit consectetur consectetur culpa.\r\n","registered":"2014-04-06T10:32:56 -07:00","tags":["consectetur","ea","tempor","aliquip","qui","eiusmod","ex"],"friends":[{"id":0,"name":"Curtis Jensen"},{"id":1,"name":"Shana Lindsay"},{"id":2,"name":"Beverly Wade"}],"greeting":"Hello, Bullock Skinner! You have 1 unread messages.","favoriteFruit":"strawberry","location":{"latitude":-25.235234,"longitude":-80.142625},"docFormat":"json"}