{"_id":"55ee5e44ae39787b32e3295a","index":1154,"guid":"7ccc1304-1234-4f64-9374-e45df6e2cde2","isActive":false,"balance":"$93,903.68","picture":"http://placehold.it/32x32","age":55,"eyeColor":"blue","name":"Bright Haney","gender":"male","company":"GEOFORM","email":"brighthaney@geoform.com","phone":"+1 (868) 446-2417","address":"594 Clermont Avenue, Blanford, Utah, 6332","about":"Cupidatat voluptate excepteur adipisicing irure dolore magna ad. Consequat sunt fugiat anim pariatur ullamco cillum ullamco officia. Non eiusmod quis mollit eiusmod labore minim excepteur et aliquip adipisicing exercitation fugiat reprehenderit. Excepteur fugiat sit eu dolore voluptate nostrud pariatur consequat. Occaecat commodo cillum magna non. Adipisicing esse adipisicing aliquip est fugiat non minim excepteur ex velit labore aute ullamco.\r\n","registered":"2015-08-07T08:32:07 -07:00","tags":["cupidatat","eu","non","aute","tempor","ut","magna"],"friends":[{"id":0,"name":"French Stewart"},{"id":1,"name":"Annie Parsons"},{"id":2,"name":"Leblanc Carey"}],"greeting":"Hello, Bright Haney! You have 8 unread messages.","favoriteFruit":"pear","location":{"latitude":24.347519,"longitude":139.928897},"docFormat":"json"}