{
  "_id": "55ee5e4488042a784bf814c7",
  "index": 114,
  "guid": "83973ce0-dfe6-4105-bbf2-7af817983fa4",
  "isActive": false,
  "balance": "$15,735.24",
  "picture": "http://placehold.it/32x32",
  "age": 45,
  "eyeColor": "brown",
  "name": "Johnson Atkins",
  "gender": "male",
  "company": "NITRACYR",
  "email": "johnsonatkins@nitracyr.com",
  "phone": "+1 (937) 461-2580",
  "address": "944 Garden Place, Wilmington, Virgin Islands, 2433",
  "about": "Pariatur excepteur aliquip do cillum ipsum ut dolor deserunt occaecat. Ullamco ipsum mollit laboris adipisicing anim exercitation tempor adipisicing duis incididunt duis tempor. Qui fugiat irure dolore occaecat. Sit eu commodo eu culpa velit qui culpa in consequat. Elit tempor et dolore adipisicing non. Duis dolore ad ex velit ipsum amet.\r\n",
  "registered": "2015-07-20T09:39:59-07:00",
  "tags": [
    "occaecat",
    "incididunt",
    "laboris",
    "mollit",
    "culpa",
    "laboris",
    "esse"
  ],
  "friends": [
    {
      "id": 0,
      "name": "Daphne Dickson"
    },
    {
      "id": 1,
      "name": "Pansy Chavez"
    },
    {
      "id": 2,
      "name": "Sheena Chase"
    }
  ],
  "greeting": "Hello, Johnson Atkins! You have 3 unread messages.",
  "favoriteFruit": "apple",
  "location": {
    "latitude": -22.228281,
    "longitude": -12.92431
  },
  "docFormat": "json",
  "triples": [
    {
      "triple": {
        "subject": "/sample-data/data-114.json",
        "predicate": "http://www.w3.org/2000/01/rdf-schema#label",
        "object": "Johnson Atkins"
      }
    },
    {
      "triple": {
        "subject": "/sample-data/data-114.json",
        "predicate": "http://www.w3.org/1999/02/22-rdf-syntax-ns#type",
        "object": "http://xmlns.com/foaf/0.1/Person"
      }
    },
    {
      "triple": {
        "subject": "/sample-data/data-114.json",
        "predicate": "http://xmlns.com/foaf/0.1/knows",
        "object": "/sample-data/data-2749.json"
      }
    },
    {
      "triple": {
        "subject": "/sample-data/data-114.json",
        "predicate": "http://xmlns.com/foaf/0.1/knows",
        "object": "/sample-data/data-1028.json"
      }
    },
    {
      "triple": {
        "subject": "/sample-data/data-114.json",
        "predicate": "http://xmlns.com/foaf/0.1/knows",
        "object": "/sample-data/data-2854.json"
      }
    }
  ]
}