{"_id":"55ee5e443260588037ee3890","index":1228,"guid":"50ff01d9-ce66-4e85-a043-9f5da218a8b7","isActive":false,"balance":"$65,041.96","picture":"http://placehold.it/32x32","age":33,"eyeColor":"brown","name":"Cooke Shaw","gender":"male","company":"KIGGLE","email":"cookeshaw@kiggle.com","phone":"+1 (921) 551-3601","address":"721 Bushwick Avenue, Itmann, Vermont, 786","about":"Ut in irure culpa laboris aliquip reprehenderit incididunt est eiusmod ut ea. Ullamco dolore irure aliquip aute ad aute occaecat mollit esse qui irure velit magna. Dolore minim ut excepteur et sint aliqua esse commodo esse non non fugiat.\r\n","registered":"2015-07-08T08:05:27 -07:00","tags":["deserunt","ipsum","sit","nostrud","veniam","culpa","est"],"friends":[{"id":0,"name":"Kristen Roberts"},{"id":1,"name":"Sadie Riddle"},{"id":2,"name":"Willis Hubbard"}],"greeting":"Hello, Cooke Shaw! You have 4 unread messages.","favoriteFruit":"apple","location":{"latitude":57.196815,"longitude":-85.515449},"docFormat":"json"}