{
  "_id": "55ee5e44d5fd9b4c16c4eb5e",
  "index": 1144,
  "guid": "8fe6a202-e494-4b33-887b-24b64557e65d",
  "isActive": false,
  "balance": "$16,019.70",
  "picture": "http://placehold.it/32x32",
  "age": 32,
  "eyeColor": "green",
  "name": "Pamela Rosales",
  "gender": "female",
  "company": "POLARIUM",
  "email": "pamelarosales@polarium.com",
  "phone": "+1 (968) 545-2312",
  "address": "290 Regent Place, Walton, Massachusetts, 4097",
  "about": "Exercitation sunt esse est labore cillum laboris non occaecat mollit et exercitation velit. Ex enim in duis aute. Laborum qui pariatur anim anim qui aliqua aliqua do.\r\n",
  "registered": "2015-08-05T11:40:45-07:00",
  "tags": [
    "ad",
    "consequat",
    "veniam",
    "veniam",
    "deserunt",
    "culpa",
    "tempor"
  ],
  "friends": [
    {
      "id": 0,
      "name": "Keri Kemp"
    },
    {
      "id": 1,
      "name": "Avis Warren"
    },
    {
      "id": 2,
      "name": "Lucille Valdez"
    }
  ],
  "greeting": "Hello, Pamela Rosales! You have 8 unread messages.",
  "favoriteFruit": "banana",
  "location": {
    "latitude": -39.97426,
    "longitude": 161.011211
  },
  "docFormat": "json",
  "triples": [
    {
      "triple": {
        "subject": "/sample-data/data-1144.json",
        "predicate": "http://www.w3.org/2000/01/rdf-schema#label",
        "object": "Pamela Rosales"
      }
    },
    {
      "triple": {
        "subject": "/sample-data/data-1144.json",
        "predicate": "http://www.w3.org/1999/02/22-rdf-syntax-ns#type",
        "object": "http://xmlns.com/foaf/0.1/Person"
      }
    },
    {
      "triple": {
        "subject": "/sample-data/data-1144.json",
        "predicate": "http://xmlns.com/foaf/0.1/knows",
        "object": "/sample-data/data-2909.json"
      }
    },
    {
      "triple": {
        "subject": "/sample-data/data-1144.json",
        "predicate": "http://xmlns.com/foaf/0.1/knows",
        "object": "/sample-data/data-680.json"
      }
    },
    {
      "triple": {
        "subject": "/sample-data/data-1144.json",
        "predicate": "http://xmlns.com/foaf/0.1/knows",
        "object": "/sample-data/data-1045.json"
      }
    }
  ]
}