{
  "_id": "55ee5e44cce8676fd6eca415",
  "index": 1037,
  "guid": "2a58f0c2-a211-4ce4-9f62-7d79340714a6",
  "isActive": false,
  "balance": "$61,890.18",
  "picture": "http://placehold.it/32x32",
  "age": 43,
  "eyeColor": "brown",
  "name": "England Gibson",
  "gender": "male",
  "company": "MEGALL",
  "email": "englandgibson@megall.com",
  "phone": "+1 (971) 465-2497",
  "address": "374 Diamond Street, Beason, Palau, 2424",
  "about": "Adipisicing in ullamco aute ea aute eu sit. Id proident esse consectetur in ex eu sint eiusmod deserunt exercitation Lorem mollit deserunt. Elit mollit duis velit non mollit aliqua reprehenderit. Nulla pariatur consectetur exercitation deserunt elit velit non elit nulla anim nisi ea elit. Laboris deserunt proident mollit id veniam sunt proident non veniam est. Proident aute cillum culpa voluptate cillum ut est reprehenderit aliqua velit nulla in culpa.\r\n",
  "registered": "2015-05-24T06:31:38-07:00",
  "tags": [
    "exercitation",
    "sint",
    "nisi",
    "elit",
    "pariatur",
    "nostrud",
    "magna"
  ],
  "friends": [
    {
      "id": 0,
      "name": "Phillips Calderon"
    },
    {
      "id": 1,
      "name": "Mcmahon Bender"
    },
    {
      "id": 2,
      "name": "Marion Farrell"
    }
  ],
  "greeting": "Hello, England Gibson! You have 10 unread messages.",
  "favoriteFruit": "orange",
  "location": {
    "latitude": 67.932182,
    "longitude": 61.347049
  },
  "docFormat": "json",
  "triples": [
    {
      "triple": {
        "subject": "/sample-data/data-1037.json",
        "predicate": "http://www.w3.org/2000/01/rdf-schema#label",
        "object": "England Gibson"
      }
    },
    {
      "triple": {
        "subject": "/sample-data/data-1037.json",
        "predicate": "http://www.w3.org/1999/02/22-rdf-syntax-ns#type",
        "object": "http://xmlns.com/foaf/0.1/Person"
      }
    },
    {
      "triple": {
        "subject": "/sample-data/data-1037.json",
        "predicate": "http://xmlns.com/foaf/0.1/knows",
        "object": "/sample-data/data-1637.json"
      }
    },
    {
      "triple": {
        "subject": "/sample-data/data-1037.json",
        "predicate": "http://xmlns.com/foaf/0.1/knows",
        "object": "/sample-data/data-2262.json"
      }
    },
    {
      "triple": {
        "subject": "/sample-data/data-1037.json",
        "predicate": "http://xmlns.com/foaf/0.1/knows",
        "object": "/sample-data/data-2257.json"
      }
    }
  ]
}