{"_id":"55ee5e44ade046714dcd9f9f","index":1050,"guid":"12672d8a-9ea4-4a62-9708-5b0eb86c4667","isActive":false,"balance":"$38,576.49","picture":"http://placehold.it/32x32","age":38,"eyeColor":"green","name":"Clayton Farmer","gender":"male","company":"GEEKKO","email":"claytonfarmer@geekko.com","phone":"+1 (874) 586-2183","address":"641 Williams Avenue, Venice, Alabama, 5249","about":"Ad tempor sunt magna officia proident pariatur aliquip dolor eu do cillum nulla do culpa. Nostrud est ad ea magna eiusmod culpa qui id. Sint proident quis anim sint minim culpa exercitation officia Lorem ut. Ea est cillum proident irure. Ex dolor ullamco elit ex ex cupidatat aute ad ut labore non ut. Qui irure anim elit non dolore id qui consectetur enim.\r\n","registered":"2015-01-24T02:39:53 -07:00","tags":["eiusmod","minim","quis","sunt","incididunt","sint","veniam"],"friends":[{"id":0,"name":"Trevino Shepherd"},{"id":1,"name":"Steele Kirk"},{"id":2,"name":"Eunice Holloway"}],"greeting":"Hello, Clayton Farmer! You have 7 unread messages.","favoriteFruit":"orange","location":{"latitude":56.026478,"longitude":176.03126}}