{
  "_id": "55ee5e446f59ae813759e100",
  "index": 1076,
  "guid": "40124716-38f9-4997-ba49-6531dfb844d7",
  "isActive": false,
  "balance": "$41,919.19",
  "picture": "http://placehold.it/32x32",
  "age": 27,
  "eyeColor": "blue",
  "name": "Jean Gay",
  "gender": "female",
  "company": "FURNITECH",
  "email": "jeangay@furnitech.com",
  "phone": "+1 (917) 454-2250",
  "address": "327 Neptune Avenue, Jeff, District Of Columbia, 7090",
  "about": "Veniam cillum voluptate aliquip reprehenderit ex duis velit velit esse reprehenderit nisi fugiat. Nostrud magna reprehenderit duis non elit non incididunt. Irure do enim reprehenderit adipisicing nulla officia Lorem Lorem mollit ullamco sint. Id est velit sint adipisicing id. Ea deserunt nulla ut non sunt laborum dolor officia non non adipisicing laboris do adipisicing.\r\n",
  "registered": "2014-06-06T04:31:45-07:00",
  "tags": [
    "ut",
    "cupidatat",
    "voluptate",
    "est",
    "ea",
    "ut",
    "eu"
  ],
  "friends": [
    {
      "id": 0,
      "name": "Thornton Tucker"
    },
    {
      "id": 1,
      "name": "Suzanne Torres"
    },
    {
      "id": 2,
      "name": "Rosario Flowers"
    }
  ],
  "greeting": "Hello, Jean Gay! You have 1 unread messages.",
  "favoriteFruit": "orange",
  "location": {
    "latitude": -82.182665,
    "longitude": -161.968491
  },
  "docFormat": "json",
  "triples": [
    {
      "triple": {
        "subject": "/sample-data/data-1076.json",
        "predicate": "http://www.w3.org/2000/01/rdf-schema#label",
        "object": "Jean Gay"
      }
    },
    {
      "triple": {
        "subject": "/sample-data/data-1076.json",
        "predicate": "http://www.w3.org/1999/02/22-rdf-syntax-ns#type",
        "object": "http://xmlns.com/foaf/0.1/Person"
      }
    },
    {
      "triple": {
        "subject": "/sample-data/data-1076.json",
        "predicate": "http://xmlns.com/foaf/0.1/knows",
        "object": "/sample-data/data-2615.json"
      }
    },
    {
      "triple": {
        "subject": "/sample-data/data-1076.json",
        "predicate": "http://xmlns.com/foaf/0.1/knows",
        "object": "/sample-data/data-1425.json"
      }
    },
    {
      "triple": {
        "subject": "/sample-data/data-1076.json",
        "predicate": "http://xmlns.com/foaf/0.1/knows",
        "object": "/sample-data/data-2668.json"
      }
    }
  ]
}