{
  "_id": "55ee5e448e4aeb037d0f5a90",
  "index": 1423,
  "guid": "fda58fb3-502e-46c1-bcd8-f184b591e4f8",
  "isActive": true,
  "balance": "$52,152.62",
  "picture": "http://placehold.it/32x32",
  "age": 32,
  "eyeColor": "blue",
  "name": "Rogers Romero",
  "gender": "male",
  "company": "QNEKT",
  "email": "rogersromero@qnekt.com",
  "phone": "+1 (895) 402-3568",
  "address": "763 Berriman Street, Cannondale, Indiana, 6221",
  "about": "Ipsum cupidatat incididunt dolor adipisicing incididunt est laboris esse aute consectetur occaecat ad occaecat. Aliquip amet ipsum consectetur duis sint sint mollit aliqua ea consequat consequat anim occaecat aliqua. Enim veniam laboris eu mollit consectetur nulla eiusmod aliqua fugiat esse aliqua. Dolor ut ipsum velit aliquip culpa. Officia consectetur laborum aliqua nulla ut. Labore est Lorem qui irure cillum sint sint voluptate quis reprehenderit.\r\n",
  "registered": "2014-10-30T06:34:15-07:00",
  "tags": [
    "eu",
    "velit",
    "Lorem",
    "deserunt",
    "incididunt",
    "duis",
    "eu"
  ],
  "friends": [
    {
      "id": 0,
      "name": "Ayala Gutierrez"
    },
    {
      "id": 1,
      "name": "Humphrey Humphrey"
    },
    {
      "id": 2,
      "name": "Gertrude Lawrence"
    }
  ],
  "greeting": "Hello, Rogers Romero! You have 3 unread messages.",
  "favoriteFruit": "banana",
  "location": {
    "latitude": -69.538881,
    "longitude": -9.374729
  },
  "docFormat": "json",
  "triples": [
    {
      "triple": {
        "subject": "/sample-data/data-1423.json",
        "predicate": "http://www.w3.org/2000/01/rdf-schema#label",
        "object": "Rogers Romero"
      }
    },
    {
      "triple": {
        "subject": "/sample-data/data-1423.json",
        "predicate": "http://www.w3.org/1999/02/22-rdf-syntax-ns#type",
        "object": "http://xmlns.com/foaf/0.1/Person"
      }
    },
    {
      "triple": {
        "subject": "/sample-data/data-1423.json",
        "predicate": "http://xmlns.com/foaf/0.1/knows",
        "object": "/sample-data/data-2246.json"
      }
    },
    {
      "triple": {
        "subject": "/sample-data/data-1423.json",
        "predicate": "http://xmlns.com/foaf/0.1/knows",
        "object": "/sample-data/data-639.json"
      }
    },
    {
      "triple": {
        "subject": "/sample-data/data-1423.json",
        "predicate": "http://xmlns.com/foaf/0.1/knows",
        "object": "/sample-data/data-1487.json"
      }
    }
  ]
}