{"_id":"55ee5e4444805729db52e4dc","index":1165,"guid":"104805a7-a830-4dcc-8d24-3c74142dda7b","isActive":true,"balance":"$34,368.25","picture":"http://placehold.it/32x32","age":33,"eyeColor":"blue","name":"Day Sweeney","gender":"male","company":"OMNIGOG","email":"daysweeney@omnigog.com","phone":"+1 (831) 446-2659","address":"207 Oxford Street, Helen, Ohio, 5240","about":"Quis deserunt commodo commodo consectetur irure adipisicing. Dolor quis laborum consequat ullamco nulla do labore id veniam velit ipsum. Eiusmod nulla laborum eu sunt magna cupidatat exercitation eu deserunt enim adipisicing. Veniam voluptate commodo amet in proident incididunt veniam culpa dolore elit in sunt ut. Excepteur non ex enim ullamco. Do proident nostrud voluptate ex veniam ut magna culpa elit sit culpa. Velit eu non non non laboris proident fugiat.\r\n","registered":"2014-03-22T12:56:58 -07:00","tags":["sunt","non","proident","eu","cillum","ullamco","nulla"],"friends":[{"id":0,"name":"Madeleine Macias"},{"id":1,"name":"Snyder Bush"},{"id":2,"name":"Eleanor Cardenas"}],"greeting":"Hello, Day Sweeney! You have 5 unread messages.","favoriteFruit":"pear","location":{"latitude":4.399205,"longitude":-1.200766},"docFormat":"json","triples":[{"triple":{"subject":"/sample-data/data-1165.json","predicate":"http://www.w3.org/2000/01/rdf-schema#label","object":"Day Sweeney"}},{"triple":{"subject":"/sample-data/data-1165.json","predicate":"http://www.w3.org/1999/02/22-rdf-syntax-ns#type","object":"http://xmlns.com/foaf/0.1/Person"}},{"triple":{"subject":"/sample-data/data-1165.json","predicate":"http://xmlns.com/foaf/0.1/knows","object":"/sample-data/data-2410.json"}},{"triple":{"subject":"/sample-data/data-1165.json","predicate":"http://xmlns.com/foaf/0.1/knows","object":"/sample-data/data-728.json"}},{"triple":{"subject":"/sample-data/data-1165.json","predicate":"http://xmlns.com/foaf/0.1/knows","object":"/sample-data/data-2069.json"}}]}