{
  "_id": "55ee5e442dd853e7e354fc45",
  "index": 1140,
  "guid": "c9fc7661-264f-4fd1-957d-14b9a14533ee",
  "isActive": true,
  "balance": "$59,191.21",
  "picture": "http://placehold.it/32x32",
  "age": 65,
  "eyeColor": "blue",
  "name": "Angie Johnston",
  "gender": "female",
  "company": "ASSURITY",
  "email": "angiejohnston@assurity.com",
  "phone": "+1 (972) 484-3043",
  "address": "621 Vernon Avenue, Steinhatchee, Wisconsin, 9266",
  "about": "Consectetur laborum laborum amet excepteur amet qui reprehenderit minim Lorem minim occaecat qui velit. Duis exercitation ad proident ut. Eiusmod dolore nisi anim proident dolore aliquip dolore et ullamco quis dolore laborum nulla excepteur. Pariatur officia pariatur ea aliquip culpa anim reprehenderit.\r\n",
  "registered": "2015-05-13T11:20:54-07:00",
  "tags": [
    "et",
    "pariatur",
    "adipisicing",
    "commodo",
    "dolor",
    "enim",
    "qui"
  ],
  "friends": [
    {
      "id": 0,
      "name": "Petersen Olson"
    },
    {
      "id": 1,
      "name": "Delaney Barrett"
    },
    {
      "id": 2,
      "name": "Galloway Thornton"
    }
  ],
  "greeting": "Hello, Angie Johnston! You have 3 unread messages.",
  "favoriteFruit": "banana",
  "location": {
    "latitude": -43.563568,
    "longitude": -60.071957
  },
  "docFormat": "json",
  "triples": [
    {
      "triple": {
        "subject": "/sample-data/data-1140.json",
        "predicate": "http://www.w3.org/2000/01/rdf-schema#label",
        "object": "Angie Johnston"
      }
    },
    {
      "triple": {
        "subject": "/sample-data/data-1140.json",
        "predicate": "http://www.w3.org/1999/02/22-rdf-syntax-ns#type",
        "object": "http://xmlns.com/foaf/0.1/Person"
      }
    },
    {
      "triple": {
        "subject": "/sample-data/data-1140.json",
        "predicate": "http://xmlns.com/foaf/0.1/knows",
        "object": "/sample-data/data-2681.json"
      }
    },
    {
      "triple": {
        "subject": "/sample-data/data-1140.json",
        "predicate": "http://xmlns.com/foaf/0.1/knows",
        "object": "/sample-data/data-808.json"
      }
    },
    {
      "triple": {
        "subject": "/sample-data/data-1140.json",
        "predicate": "http://xmlns.com/foaf/0.1/knows",
        "object": "/sample-data/data-1078.json"
      }
    }
  ]
}