{"_id":"55ee5e44e44baea597033cd8","index":1432,"guid":"0e9ad60f-1e65-482c-84c5-e5fc0faf43bf","isActive":false,"balance":"$52,982.11","picture":"http://placehold.it/32x32","age":25,"eyeColor":"blue","name":"Leon Collier","gender":"male","company":"EXOTECHNO","email":"leoncollier@exotechno.com","phone":"+1 (974) 422-2508","address":"154 Miller Place, Barronett, American Samoa, 4604","about":"Et sit reprehenderit mollit eu officia officia adipisicing minim et ullamco mollit non elit id. Ullamco voluptate minim fugiat ex sint elit do veniam duis commodo enim. Anim Lorem veniam ex officia voluptate consequat minim.\r\n","registered":"2015-04-28T10:16:45 -07:00","tags":["duis","excepteur","officia","ut","exercitation","nisi","irure"],"friends":[{"id":0,"name":"Carey Hood"},{"id":1,"name":"Tammi Cox"},{"id":2,"name":"Lesley Stuart"}],"greeting":"Hello, Leon Collier! You have 5 unread messages.","favoriteFruit":"banana","location":{"latitude":-5.911565,"longitude":140.828358}}