{
  "_id": "55ee5e446bb1099fd345aee6",
  "index": 1237,
  "guid": "3a5baa4a-2f9f-48a0-b49e-136f001bccf9",
  "isActive": true,
  "balance": "$27,328.05",
  "picture": "http://placehold.it/32x32",
  "age": 66,
  "eyeColor": "brown",
  "name": "Chapman Keith",
  "gender": "male",
  "company": "MEDIFAX",
  "email": "chapmankeith@medifax.com",
  "phone": "+1 (832) 571-3436",
  "address": "992 Hornell Loop, Jennings, Marshall Islands, 5391",
  "about": "Labore veniam in aliqua in excepteur ex. Non irure et laboris laboris est aute. Amet labore amet enim Lorem amet id. Consectetur nulla ullamco aliquip ad consectetur ut officia irure dolor eiusmod quis Lorem nisi quis. Excepteur labore sit ipsum aliquip et incididunt tempor. Velit ut proident labore incididunt excepteur cillum nisi ullamco est consequat qui. Excepteur sunt nostrud non et.\r\n",
  "registered": "2014-04-19T07:14:03-07:00",
  "tags": [
    "esse",
    "pariatur",
    "Lorem",
    "esse",
    "enim",
    "nulla",
    "laboris"
  ],
  "friends": [
    {
      "id": 0,
      "name": "Greene Guthrie"
    },
    {
      "id": 1,
      "name": "Althea Barry"
    },
    {
      "id": 2,
      "name": "Ivy Workman"
    }
  ],
  "greeting": "Hello, Chapman Keith! You have 5 unread messages.",
  "favoriteFruit": "pear",
  "location": {
    "latitude": 44.327304,
    "longitude": -127.799589
  },
  "docFormat": "json",
  "triples": [
    {
      "triple": {
        "subject": "/sample-data/data-1237.json",
        "predicate": "http://www.w3.org/2000/01/rdf-schema#label",
        "object": "Chapman Keith"
      }
    },
    {
      "triple": {
        "subject": "/sample-data/data-1237.json",
        "predicate": "http://www.w3.org/1999/02/22-rdf-syntax-ns#type",
        "object": "http://xmlns.com/foaf/0.1/Person"
      }
    },
    {
      "triple": {
        "subject": "/sample-data/data-1237.json",
        "predicate": "http://xmlns.com/foaf/0.1/knows",
        "object": "/sample-data/data-2006.json"
      }
    },
    {
      "triple": {
        "subject": "/sample-data/data-1237.json",
        "predicate": "http://xmlns.com/foaf/0.1/knows",
        "object": "/sample-data/data-1131.json"
      }
    },
    {
      "triple": {
        "subject": "/sample-data/data-1237.json",
        "predicate": "http://xmlns.com/foaf/0.1/knows",
        "object": "/sample-data/data-1961.json"
      }
    }
  ]
}