{
  "_id": "55ee5e44cbb7fd13bb3d13d2",
  "index": 136,
  "guid": "21c797e4-7e6c-4bb8-9b1d-ba431ee85431",
  "isActive": false,
  "balance": "$7,466.21",
  "picture": "http://placehold.it/32x32",
  "age": 52,
  "eyeColor": "brown",
  "name": "Woodard Sellers",
  "gender": "male",
  "company": "TSUNAMIA",
  "email": "woodardsellers@tsunamia.com",
  "phone": "+1 (926) 417-3840",
  "address": "988 Pershing Loop, Catherine, Oklahoma, 7608",
  "about": "Sunt duis officia labore non ea fugiat aliquip tempor. Quis commodo labore laborum amet aliqua eiusmod cillum non minim. Nulla occaecat do laborum nulla excepteur. Enim quis quis enim cillum tempor. Voluptate irure aliqua veniam duis labore.\r\n",
  "registered": "2014-09-24T10:45:05-07:00",
  "tags": [
    "ullamco",
    "incididunt",
    "minim",
    "nisi",
    "elit",
    "ea",
    "voluptate"
  ],
  "friends": [
    {
      "id": 0,
      "name": "Terrell Griffith"
    },
    {
      "id": 1,
      "name": "Waller Buchanan"
    },
    {
      "id": 2,
      "name": "Lena Camacho"
    }
  ],
  "greeting": "Hello, Woodard Sellers! You have 1 unread messages.",
  "favoriteFruit": "strawberry",
  "location": {
    "latitude": -30.773098,
    "longitude": -19.825703
  },
  "docFormat": "json",
  "triples": [
    {
      "triple": {
        "subject": "/sample-data/data-136.json",
        "predicate": "http://www.w3.org/2000/01/rdf-schema#label",
        "object": "Woodard Sellers"
      }
    },
    {
      "triple": {
        "subject": "/sample-data/data-136.json",
        "predicate": "http://www.w3.org/1999/02/22-rdf-syntax-ns#type",
        "object": "http://xmlns.com/foaf/0.1/Person"
      }
    },
    {
      "triple": {
        "subject": "/sample-data/data-136.json",
        "predicate": "http://xmlns.com/foaf/0.1/knows",
        "object": "/sample-data/data-532.json"
      }
    },
    {
      "triple": {
        "subject": "/sample-data/data-136.json",
        "predicate": "http://xmlns.com/foaf/0.1/knows",
        "object": "/sample-data/data-22.json"
      }
    },
    {
      "triple": {
        "subject": "/sample-data/data-136.json",
        "predicate": "http://xmlns.com/foaf/0.1/knows",
        "object": "/sample-data/data-1945.json"
      }
    }
  ]
}