{"_id":"55ee5e44ca299367ae99b587","index":1155,"guid":"ca7d15da-efb3-4312-9346-a9d4a05563cf","isActive":true,"balance":"$13,001.12","picture":"http://placehold.it/32x32","age":55,"eyeColor":"brown","name":"Marietta Marquez","gender":"female","company":"FOSSIEL","email":"mariettamarquez@fossiel.com","phone":"+1 (853) 549-3734","address":"812 Cooke Court, Gulf, Nevada, 5560","about":"Velit nisi do adipisicing voluptate in. Qui laborum mollit non do voluptate consequat sint do enim. Deserunt dolor consectetur aute nisi ipsum Lorem adipisicing veniam veniam minim. Reprehenderit laboris mollit ad quis deserunt nisi et Lorem. Exercitation esse duis elit dolor adipisicing aliquip est mollit incididunt adipisicing aute ad sit.\r\n","registered":"2014-02-09T07:25:21 -07:00","tags":["do","adipisicing","nisi","occaecat","nisi","sunt","id"],"friends":[{"id":0,"name":"Pittman Beck"},{"id":1,"name":"Cardenas Cain"},{"id":2,"name":"Burks Daugherty"}],"greeting":"Hello, Marietta Marquez! You have 6 unread messages.","favoriteFruit":"orange","location":{"latitude":18.100761,"longitude":-168.554443}}