{"_id":"55ee5e443e9375af3884d6b2","index":1322,"guid":"ccfd7fce-6997-47cb-aabd-08a6dca39180","isActive":false,"balance":"$42,097.58","picture":"http://placehold.it/32x32","age":53,"eyeColor":"green","name":"Manuela Sanford","gender":"female","company":"ANDRYX","email":"manuelasanford@andryx.com","phone":"+1 (835) 419-3494","address":"619 Bank Street, Bartonsville, Kentucky, 9175","about":"Lorem do deserunt pariatur ullamco reprehenderit irure cillum. Sit eiusmod elit consectetur exercitation. Anim excepteur officia voluptate eiusmod aliquip nulla. Ad et consequat veniam pariatur officia. Quis pariatur do exercitation elit minim adipisicing esse sit tempor occaecat qui sunt pariatur proident. Amet fugiat non exercitation anim duis duis commodo mollit enim magna sint minim ullamco mollit.\r\n","registered":"2014-04-28T12:00:43 -07:00","tags":["quis","tempor","aliqua","mollit","cillum","eu","nostrud"],"friends":[{"id":0,"name":"Katharine Wooten"},{"id":1,"name":"Sonja Hudson"},{"id":2,"name":"Webb Martinez"}],"greeting":"Hello, Manuela Sanford! You have 10 unread messages.","favoriteFruit":"orange","location":{"latitude":14.503931,"longitude":59.259548},"docFormat":"json","triples":[{"triple":{"subject":"/sample-data/data-1322.json","predicate":"http://www.w3.org/2000/01/rdf-schema#label","object":"Manuela Sanford"}},{"triple":{"subject":"/sample-data/data-1322.json","predicate":"http://www.w3.org/1999/02/22-rdf-syntax-ns#type","object":"http://xmlns.com/foaf/0.1/Person"}},{"triple":{"subject":"/sample-data/data-1322.json","predicate":"http://xmlns.com/foaf/0.1/knows","object":"/sample-data/data-321.json"}},{"triple":{"subject":"/sample-data/data-1322.json","predicate":"http://xmlns.com/foaf/0.1/knows","object":"/sample-data/data-314.json"}},{"triple":{"subject":"/sample-data/data-1322.json","predicate":"http://xmlns.com/foaf/0.1/knows","object":"/sample-data/data-196.json"}}]}