{
  "_id": "55ee5e44d4a6a28c84a6d801",
  "index": 1326,
  "guid": "f866d25e-dada-45c6-ac0c-470bfc142896",
  "isActive": false,
  "balance": "$97,720.82",
  "picture": "http://placehold.it/32x32",
  "age": 64,
  "eyeColor": "blue",
  "name": "Angelique Tucker",
  "gender": "female",
  "company": "BOILCAT",
  "email": "angeliquetucker@boilcat.com",
  "phone": "+1 (890) 585-2161",
  "address": "969 Turnbull Avenue, Clay, Tennessee, 2246",
  "about": "Pariatur et ullamco voluptate qui eu ea. Ex minim ex pariatur anim ea in in enim in proident culpa ea. Labore ipsum irure consequat cupidatat fugiat laborum sint aute ipsum. Qui cillum amet ex minim mollit cillum minim aliqua duis.\r\n",
  "registered": "2014-01-18T01:58:54-07:00",
  "tags": [
    "veniam",
    "adipisicing",
    "reprehenderit",
    "ipsum",
    "magna",
    "sunt",
    "officia"
  ],
  "friends": [
    {
      "id": 0,
      "name": "Ballard Torres"
    },
    {
      "id": 1,
      "name": "Aileen Flowers"
    },
    {
      "id": 2,
      "name": "Fischer Vaughn"
    }
  ],
  "greeting": "Hello, Angelique Tucker! You have 5 unread messages.",
  "favoriteFruit": "pear",
  "location": {
    "latitude": -73.285013,
    "longitude": -148.129714
  },
  "docFormat": "json",
  "triples": [
    {
      "triple": {
        "subject": "/sample-data/data-1326.json",
        "predicate": "http://www.w3.org/2000/01/rdf-schema#label",
        "object": "Angelique Tucker"
      }
    },
    {
      "triple": {
        "subject": "/sample-data/data-1326.json",
        "predicate": "http://www.w3.org/1999/02/22-rdf-syntax-ns#type",
        "object": "http://xmlns.com/foaf/0.1/Person"
      }
    },
    {
      "triple": {
        "subject": "/sample-data/data-1326.json",
        "predicate": "http://xmlns.com/foaf/0.1/knows",
        "object": "/sample-data/data-86.json"
      }
    },
    {
      "triple": {
        "subject": "/sample-data/data-1326.json",
        "predicate": "http://xmlns.com/foaf/0.1/knows",
        "object": "/sample-data/data-2838.json"
      }
    },
    {
      "triple": {
        "subject": "/sample-data/data-1326.json",
        "predicate": "http://xmlns.com/foaf/0.1/knows",
        "object": "/sample-data/data-1199.json"
      }
    }
  ]
}