{"_id":"55ee5e44d3ba166730726f99","index":1117,"guid":"75a3880a-a2a3-4f88-954e-a82f51c2f0fa","isActive":true,"balance":"$56,781.66","picture":"http://placehold.it/32x32","age":24,"eyeColor":"green","name":"Mayer Watson","gender":"male","company":"ZBOO","email":"mayerwatson@zboo.com","phone":"+1 (908) 549-3407","address":"483 Auburn Place, Drytown, South Dakota, 6620","about":"Veniam in duis aliquip amet laborum laboris nisi magna est. Culpa cillum duis occaecat commodo ex tempor deserunt dolore nulla laborum dolor pariatur consequat. Veniam dolore laborum voluptate mollit esse eiusmod culpa laboris enim ex est sit ex. Ad amet non eu adipisicing sit et. Do consequat irure eiusmod aliqua id dolor exercitation nostrud minim fugiat.\r\n","registered":"2015-05-14T03:21:55 -07:00","tags":["sit","amet","minim","ea","sunt","tempor","quis"],"friends":[{"id":0,"name":"Nguyen Rodgers"},{"id":1,"name":"Copeland Pugh"},{"id":2,"name":"Gonzales Cole"}],"greeting":"Hello, Mayer Watson! You have 3 unread messages.","favoriteFruit":"banana","location":{"latitude":33.505363,"longitude":-148.514373},"docFormat":"json","triples":[{"triple":{"subject":"/sample-data/data-1117.json","predicate":"http://www.w3.org/2000/01/rdf-schema#label","object":"Mayer Watson"}},{"triple":{"subject":"/sample-data/data-1117.json","predicate":"http://www.w3.org/1999/02/22-rdf-syntax-ns#type","object":"http://xmlns.com/foaf/0.1/Person"}},{"triple":{"subject":"/sample-data/data-1117.json","predicate":"http://xmlns.com/foaf/0.1/knows","object":"/sample-data/data-1366.json"}},{"triple":{"subject":"/sample-data/data-1117.json","predicate":"http://xmlns.com/foaf/0.1/knows","object":"/sample-data/data-1667.json"}},{"triple":{"subject":"/sample-data/data-1117.json","predicate":"http://xmlns.com/foaf/0.1/knows","object":"/sample-data/data-202.json"}}]}