{"_id":"55ee5e44fb0b7b59b302fd94","index":1091,"guid":"f9c0df49-9c62-48f6-b9c4-f82656288989","isActive":true,"balance":"$46,945.71","picture":"http://placehold.it/32x32","age":66,"eyeColor":"green","name":"Marla Yates","gender":"female","company":"SUPPORTAL","email":"marlayates@supportal.com","phone":"+1 (861) 513-2732","address":"673 Albemarle Terrace, Summertown, Michigan, 5202","about":"Anim excepteur consequat cupidatat est velit dolor commodo. Minim eu eu et ad ex irure. Voluptate cillum elit nisi ullamco voluptate non pariatur elit ullamco anim sunt anim. Amet Lorem adipisicing reprehenderit adipisicing incididunt ipsum Lorem reprehenderit. Cupidatat commodo qui eiusmod dolor incididunt amet mollit cillum dolore nisi. Dolor duis adipisicing eu ipsum.\r\n","registered":"2014-12-30T02:32:37 -07:00","tags":["exercitation","pariatur","sit","occaecat","nisi","velit","deserunt"],"friends":[{"id":0,"name":"Hester Cantu"},{"id":1,"name":"Dodson Perry"},{"id":2,"name":"Adeline Alford"}],"greeting":"Hello, Marla Yates! You have 4 unread messages.","favoriteFruit":"orange","location":{"latitude":-48.520729,"longitude":166.910236},"docFormat":"json","triples":[{"triple":{"subject":"/sample-data/data-1091.json","predicate":"http://www.w3.org/2000/01/rdf-schema#label","object":"Marla Yates"}},{"triple":{"subject":"/sample-data/data-1091.json","predicate":"http://www.w3.org/1999/02/22-rdf-syntax-ns#type","object":"http://xmlns.com/foaf/0.1/Person"}},{"triple":{"subject":"/sample-data/data-1091.json","predicate":"http://xmlns.com/foaf/0.1/knows","object":"/sample-data/data-1917.json"}},{"triple":{"subject":"/sample-data/data-1091.json","predicate":"http://xmlns.com/foaf/0.1/knows","object":"/sample-data/data-2806.json"}},{"triple":{"subject":"/sample-data/data-1091.json","predicate":"http://xmlns.com/foaf/0.1/knows","object":"/sample-data/data-509.json"}}]}