{"_id":"55ee5e441cf8422c3607ae60","index":142,"guid":"0b5c84da-a693-4485-a73d-12cc10536ba4","isActive":false,"balance":"$44,997.96","picture":"http://placehold.it/32x32","age":62,"eyeColor":"blue","name":"Marietta Hodge","gender":"female","company":"MOLTONIC","email":"mariettahodge@moltonic.com","phone":"+1 (826) 485-2206","address":"819 Hyman Court, Welch, Delaware, 1660","about":"Esse sit amet nostrud voluptate excepteur fugiat duis ex dolor officia deserunt. Dolore aliquip aliqua laborum mollit dolor voluptate qui ullamco aliqua. Mollit ea consectetur eu nulla id qui irure culpa cillum in labore aliqua.\r\n","registered":"2015-07-01T12:11:21 -07:00","tags":["nisi","laborum","est","officia","anim","deserunt","deserunt"],"friends":[{"id":0,"name":"Giles Rocha"},{"id":1,"name":"Alisha Watts"},{"id":2,"name":"Pace Yang"}],"greeting":"Hello, Marietta Hodge! You have 9 unread messages.","favoriteFruit":"banana","location":{"latitude":60.207377,"longitude":103.06196},"docFormat":"json"}