{"_id":"55ee5e44c77345e9f87e2b4b","index":1268,"guid":"8d65ba8c-4e28-422b-9a3d-e18ef297c09f","isActive":true,"balance":"$81,443.54","picture":"http://placehold.it/32x32","age":38,"eyeColor":"green","name":"Barnes Adkins","gender":"male","company":"ONTAGENE","email":"barnesadkins@ontagene.com","phone":"+1 (840) 444-2359","address":"934 Ira Court, Hackneyville, Tennessee, 3984","about":"Minim eu nulla esse tempor magna occaecat veniam dolor irure. Veniam reprehenderit est commodo esse cillum officia mollit cupidatat ipsum culpa. Tempor Lorem reprehenderit mollit sit sint dolore irure in tempor amet consectetur.\r\n","registered":"2015-02-09T12:18:27 -07:00","tags":["tempor","velit","consequat","aliquip","ipsum","elit","esse"],"friends":[{"id":0,"name":"Woodward Herman"},{"id":1,"name":"Savannah Hampton"},{"id":2,"name":"Weber Mcneil"}],"greeting":"Hello, Barnes Adkins! You have 3 unread messages.","favoriteFruit":"pear","location":{"latitude":5.736434,"longitude":44.184039},"docFormat":"json","triples":[{"triple":{"subject":"/sample-data/data-1268.json","predicate":"http://www.w3.org/2000/01/rdf-schema#label","object":"Barnes Adkins"}},{"triple":{"subject":"/sample-data/data-1268.json","predicate":"http://www.w3.org/1999/02/22-rdf-syntax-ns#type","object":"http://xmlns.com/foaf/0.1/Person"}},{"triple":{"subject":"/sample-data/data-1268.json","predicate":"http://xmlns.com/foaf/0.1/knows","object":"/sample-data/data-1234.json"}},{"triple":{"subject":"/sample-data/data-1268.json","predicate":"http://xmlns.com/foaf/0.1/knows","object":"/sample-data/data-2842.json"}},{"triple":{"subject":"/sample-data/data-1268.json","predicate":"http://xmlns.com/foaf/0.1/knows","object":"/sample-data/data-711.json"}}]}