{"_id":"55ee5e44078f24ab9b582d60","index":1083,"guid":"3e880111-235b-476c-b630-f322bf78fe87","isActive":true,"balance":"$90,472.27","picture":"http://placehold.it/32x32","age":58,"eyeColor":"green","name":"Chrystal Serrano","gender":"female","company":"QABOOS","email":"chrystalserrano@qaboos.com","phone":"+1 (967) 526-3797","address":"481 Battery Avenue, Ypsilanti, Puerto Rico, 7487","about":"Ullamco pariatur sint reprehenderit amet incididunt commodo laborum mollit. Mollit duis adipisicing duis non Lorem nulla ea est consequat. Dolore esse irure do tempor laboris. Aliqua amet ullamco quis cupidatat reprehenderit officia aliquip pariatur magna sit nostrud laboris pariatur consectetur. Voluptate amet occaecat laborum deserunt id minim aliqua nisi magna do excepteur.\r\n","registered":"2014-09-17T09:14:58 -07:00","tags":["nulla","non","tempor","commodo","culpa","sunt","veniam"],"friends":[{"id":0,"name":"Hopkins Branch"},{"id":1,"name":"Jill Reid"},{"id":2,"name":"Mabel Russell"}],"greeting":"Hello, Chrystal Serrano! You have 10 unread messages.","favoriteFruit":"pear","location":{"latitude":-16.796561,"longitude":2.48983}}