{"_id":"55ee5e44738218a93d2ad907","index":1235,"guid":"c5074bc5-f7ba-4a9c-b1d3-50021c824381","isActive":false,"balance":"$5,791.12","picture":"http://placehold.it/32x32","age":41,"eyeColor":"green","name":"Arlene Walsh","gender":"female","company":"KIDSTOCK","email":"arlenewalsh@kidstock.com","phone":"+1 (965) 584-2774","address":"835 Porter Avenue, Century, West Virginia, 520","about":"Elit ipsum labore labore ea officia ut. Deserunt cupidatat in aliquip enim in ut ad aliquip ad culpa irure. Ex dolore aliquip cupidatat enim ut et consectetur nisi officia. Aliqua non ad excepteur et non amet sint Lorem. Anim nisi incididunt eu qui qui duis.\r\n","registered":"2014-04-05T03:21:17 -07:00","tags":["voluptate","ut","non","mollit","ut","enim","ut"],"friends":[{"id":0,"name":"Marguerite Schneider"},{"id":1,"name":"Hardin Riggs"},{"id":2,"name":"Sykes Snyder"}],"greeting":"Hello, Arlene Walsh! You have 9 unread messages.","favoriteFruit":"banana","location":{"latitude":61.110139,"longitude":-145.003024}}