{"_id":"55ee5e44e7f4c7f3cb849671","index":1429,"guid":"892c2873-e54c-4e73-8a9c-377812bd4cce","isActive":false,"balance":"$35,979.85","picture":"http://placehold.it/32x32","age":42,"eyeColor":"brown","name":"Dixie Curtis","gender":"female","company":"TWIGGERY","email":"dixiecurtis@twiggery.com","phone":"+1 (903) 439-2163","address":"503 Banker Street, Avalon, New York, 3855","about":"Ullamco quis dolore sint minim amet in laboris commodo nisi duis labore quis aliqua. Nulla anim non exercitation et nulla nostrud dolor ut. Ullamco proident pariatur eiusmod pariatur magna quis aute consequat culpa cillum ex fugiat aliquip aliquip. In enim est id consequat exercitation voluptate aute. Magna ullamco cupidatat aute adipisicing reprehenderit qui est. Officia minim reprehenderit duis ex occaecat cillum eiusmod deserunt irure sint.\r\n","registered":"2014-10-26T10:36:51 -07:00","tags":["ullamco","incididunt","consequat","eiusmod","Lorem","velit","cillum"],"friends":[{"id":0,"name":"Newton Short"},{"id":1,"name":"Thomas Hodges"},{"id":2,"name":"Sims Whitaker"}],"greeting":"Hello, Dixie Curtis! You have 3 unread messages.","favoriteFruit":"pear","location":{"latitude":67.059307,"longitude":-147.698755},"docFormat":"json"}