{"_id":"55ee5e44fd02403cf686589d","index":1198,"guid":"71b0c104-4e05-48ca-86e7-9fb2a133df1c","isActive":true,"balance":"$21,581.08","picture":"http://placehold.it/32x32","age":37,"eyeColor":"blue","name":"Hull Berger","gender":"male","company":"BEZAL","email":"hullberger@bezal.com","phone":"+1 (994) 536-2239","address":"928 Christopher Avenue, Lewis, Wisconsin, 3147","about":"Ut laboris voluptate culpa ut minim in dolor anim consequat minim. Ea deserunt labore eu exercitation anim deserunt eu sint qui ipsum sit aliquip. Consequat voluptate magna ea cillum duis aliqua officia sit ullamco mollit mollit culpa do ad. Ex id aliquip enim nisi labore duis sit ad est dolore. Exercitation fugiat eiusmod qui cillum deserunt velit qui aute magna excepteur. Consequat consectetur ullamco pariatur minim tempor ex.\r\n","registered":"2014-09-23T12:49:19 -07:00","tags":["minim","esse","sit","et","mollit","cupidatat","irure"],"friends":[{"id":0,"name":"Gomez Irwin"},{"id":1,"name":"Ferrell Fitzpatrick"},{"id":2,"name":"Gena Garner"}],"greeting":"Hello, Hull Berger! You have 1 unread messages.","favoriteFruit":"orange","location":{"latitude":44.731698,"longitude":56.637974}}