{"_id":"55ee5e4424d636a3c1e62293","index":1394,"guid":"68fcd387-a93c-45c7-9f3e-5c455c8057bf","isActive":true,"balance":"$89,929.46","picture":"http://placehold.it/32x32","age":68,"eyeColor":"green","name":"Cynthia Kemp","gender":"female","company":"CUBIX","email":"cynthiakemp@cubix.com","phone":"+1 (871) 516-3178","address":"829 Montana Place, Brandermill, Maine, 7268","about":"Commodo sint laboris occaecat amet in do reprehenderit tempor ut culpa pariatur. Occaecat Lorem duis velit anim. Minim ad cupidatat dolor laborum laborum adipisicing deserunt Lorem adipisicing enim labore id deserunt reprehenderit. Nulla ut pariatur eu irure et minim voluptate minim fugiat dolore aliqua eiusmod non. Elit deserunt laboris sint laborum in ut ipsum quis sit est.\r\n","registered":"2014-11-14T02:57:15 -07:00","tags":["do","laboris","labore","culpa","laboris","aliquip","anim"],"friends":[{"id":0,"name":"Rivas Warren"},{"id":1,"name":"Lindsey Valdez"},{"id":2,"name":"Spears Vaughan"}],"greeting":"Hello, Cynthia Kemp! You have 6 unread messages.","favoriteFruit":"banana","location":{"latitude":-50.087057,"longitude":126.674478}}