{"_id":"55ee5e44db86734b7b34997e","index":1287,"guid":"9bdfd929-64f6-4eb3-99b3-1c86f7b95702","isActive":true,"balance":"$18,923.03","picture":"http://placehold.it/32x32","age":32,"eyeColor":"brown","name":"Magdalena Calderon","gender":"female","company":"PHORMULA","email":"magdalenacalderon@phormula.com","phone":"+1 (919) 549-2967","address":"171 Cropsey Avenue, Kingstowne, California, 256","about":"Ullamco nostrud cupidatat commodo laboris eu officia aute aliqua nulla dolor est excepteur culpa. Minim excepteur ullamco ad culpa laborum proident in aliquip cillum do enim. Aute do officia cillum do occaecat ad veniam.\r\n","registered":"2014-12-31T02:28:47 -07:00","tags":["dolor","nulla","id","reprehenderit","ea","aliqua","eiusmod"],"friends":[{"id":0,"name":"Christine Bender"},{"id":1,"name":"Sheila Farrell"},{"id":2,"name":"Melanie Gardner"}],"greeting":"Hello, Magdalena Calderon! You have 10 unread messages.","favoriteFruit":"banana","location":{"latitude":-72.637326,"longitude":-118.436077}}