{"_id":"55ee5e447e7f147d59b87c75","index":1026,"guid":"aa3e17b0-aa25-4855-868f-ad2b32dc6568","isActive":false,"balance":"$89,280.15","picture":"http://placehold.it/32x32","age":52,"eyeColor":"blue","name":"Peterson Cherry","gender":"male","company":"SONIQUE","email":"petersoncherry@sonique.com","phone":"+1 (810) 595-3427","address":"358 School Lane, Coleville, American Samoa, 6856","about":"Elit deserunt minim nisi incididunt aute laborum tempor sint incididunt. Ut anim ea officia veniam cillum laborum officia veniam eiusmod officia. Occaecat duis labore est labore cupidatat. In consectetur amet tempor excepteur fugiat consequat ad excepteur dolor officia laborum.\r\n","registered":"2014-11-30T05:35:45 -07:00","tags":["aliquip","cupidatat","quis","exercitation","ex","labore","deserunt"],"friends":[{"id":0,"name":"Ruby Silva"},{"id":1,"name":"Lillian Kim"},{"id":2,"name":"Rocha Spence"}],"greeting":"Hello, Peterson Cherry! You have 4 unread messages.","favoriteFruit":"pear","location":{"latitude":33.966858,"longitude":-96.040228},"docFormat":"json","triples":[{"triple":{"subject":"/sample-data/data-1026.json","predicate":"http://www.w3.org/2000/01/rdf-schema#label","object":"Peterson Cherry"}},{"triple":{"subject":"/sample-data/data-1026.json","predicate":"http://www.w3.org/1999/02/22-rdf-syntax-ns#type","object":"http://xmlns.com/foaf/0.1/Person"}},{"triple":{"subject":"/sample-data/data-1026.json","predicate":"http://xmlns.com/foaf/0.1/knows","object":"/sample-data/data-1633.json"}},{"triple":{"subject":"/sample-data/data-1026.json","predicate":"http://xmlns.com/foaf/0.1/knows","object":"/sample-data/data-22.json"}},{"triple":{"subject":"/sample-data/data-1026.json","predicate":"http://xmlns.com/foaf/0.1/knows","object":"/sample-data/data-1272.json"}}]}