{"_id":"55ee5e44673047e523b824f1","index":1088,"guid":"a5d9eaf2-560b-4115-b56e-178d2da13ec8","isActive":false,"balance":"$99,518.91","picture":"http://placehold.it/32x32","age":36,"eyeColor":"brown","name":"Maria Logan","gender":"female","company":"INSURON","email":"marialogan@insuron.com","phone":"+1 (806) 529-3599","address":"348 Kensington Walk, Hiko, Mississippi, 3754","about":"Culpa laborum proident mollit aliqua dolore ea excepteur culpa. Mollit sit sit voluptate deserunt incididunt occaecat enim ex voluptate. Mollit culpa amet aliqua nostrud eu minim dolor tempor id sunt cupidatat in nulla laborum. Commodo esse consectetur ex nostrud esse sint. Deserunt nostrud qui tempor enim sint non et ad amet labore exercitation voluptate ex.\r\n","registered":"2014-01-02T03:51:34 -07:00","tags":["reprehenderit","magna","id","est","occaecat","ea","id"],"friends":[{"id":0,"name":"Sue Ayers"},{"id":1,"name":"Kennedy Barnett"},{"id":2,"name":"Judy Poole"}],"greeting":"Hello, Maria Logan! You have 2 unread messages.","favoriteFruit":"apple","location":{"latitude":7.216537,"longitude":82.940327}}