{
  "_id": "55ee5e446e70da716c834935",
  "index": 1276,
  "guid": "9b440c71-ff5a-40e7-88fe-192d37c3380d",
  "isActive": false,
  "balance": "$65,079.94",
  "picture": "http://placehold.it/32x32",
  "age": 33,
  "eyeColor": "green",
  "name": "Melody Silva",
  "gender": "female",
  "company": "MEMORA",
  "email": "melodysilva@memora.com",
  "phone": "+1 (928) 600-2038",
  "address": "567 Linwood Street, Whipholt, Arizona, 4559",
  "about": "Officia sit nostrud nulla non. Adipisicing minim magna ex commodo consectetur eiusmod exercitation non eu quis adipisicing amet quis. Eu tempor ullamco consequat consequat do excepteur labore.\r\n",
  "registered": "2014-04-25T12:01:29-07:00",
  "tags": [
    "tempor",
    "elit",
    "ullamco",
    "consectetur",
    "ad",
    "ullamco",
    "id"
  ],
  "friends": [
    {
      "id": 0,
      "name": "Whitley Kim"
    },
    {
      "id": 1,
      "name": "Owen Spence"
    },
    {
      "id": 2,
      "name": "Boyd Fox"
    }
  ],
  "greeting": "Hello, Melody Silva! You have 5 unread messages.",
  "favoriteFruit": "pear",
  "location": {
    "latitude": -22.895735,
    "longitude": -32.627354
  },
  "docFormat": "json",
  "triples": [
    {
      "triple": {
        "subject": "/sample-data/data-1276.json",
        "predicate": "http://www.w3.org/2000/01/rdf-schema#label",
        "object": "Melody Silva"
      }
    },
    {
      "triple": {
        "subject": "/sample-data/data-1276.json",
        "predicate": "http://www.w3.org/1999/02/22-rdf-syntax-ns#type",
        "object": "http://xmlns.com/foaf/0.1/Person"
      }
    },
    {
      "triple": {
        "subject": "/sample-data/data-1276.json",
        "predicate": "http://xmlns.com/foaf/0.1/knows",
        "object": "/sample-data/data-1634.json"
      }
    },
    {
      "triple": {
        "subject": "/sample-data/data-1276.json",
        "predicate": "http://xmlns.com/foaf/0.1/knows",
        "object": "/sample-data/data-1550.json"
      }
    },
    {
      "triple": {
        "subject": "/sample-data/data-1276.json",
        "predicate": "http://xmlns.com/foaf/0.1/knows",
        "object": "/sample-data/data-13.json"
      }
    }
  ]
}