{"_id":"55ee5e4473fd938070b0e5d4","index":1294,"guid":"5af01e07-118b-4b53-b92a-191b3dfbb62d","isActive":false,"balance":"$72,513.74","picture":"http://placehold.it/32x32","age":25,"eyeColor":"blue","name":"Odessa Oneill","gender":"female","company":"CORPORANA","email":"odessaoneill@corporana.com","phone":"+1 (996) 532-3196","address":"887 Haring Street, Highland, Alaska, 2994","about":"In occaecat nisi sit pariatur ullamco deserunt. Pariatur excepteur excepteur et id minim officia excepteur eiusmod magna. Nostrud cillum tempor cillum aliquip.\r\n","registered":"2014-06-07T02:01:49 -07:00","tags":["proident","laboris","exercitation","est","id","ipsum","excepteur"],"friends":[{"id":0,"name":"Terry Ford"},{"id":1,"name":"Therese Pratt"},{"id":2,"name":"Nunez Stephenson"}],"greeting":"Hello, Odessa Oneill! You have 9 unread messages.","favoriteFruit":"apple","location":{"latitude":-7.132713,"longitude":33.939833},"docFormat":"json","triples":[{"triple":{"subject":"/sample-data/data-1294.json","predicate":"http://www.w3.org/2000/01/rdf-schema#label","object":"Odessa Oneill"}},{"triple":{"subject":"/sample-data/data-1294.json","predicate":"http://www.w3.org/1999/02/22-rdf-syntax-ns#type","object":"http://xmlns.com/foaf/0.1/Person"}},{"triple":{"subject":"/sample-data/data-1294.json","predicate":"http://xmlns.com/foaf/0.1/knows","object":"/sample-data/data-2554.json"}},{"triple":{"subject":"/sample-data/data-1294.json","predicate":"http://xmlns.com/foaf/0.1/knows","object":"/sample-data/data-2877.json"}},{"triple":{"subject":"/sample-data/data-1294.json","predicate":"http://xmlns.com/foaf/0.1/knows","object":"/sample-data/data-397.json"}}]}