{
  "_id": "55ee5e44ced40c1cba99eb1d",
  "index": 1406,
  "guid": "2565931d-c134-45cb-821c-46467dc090b3",
  "isActive": false,
  "balance": "$55,397.17",
  "picture": "http://placehold.it/32x32",
  "age": 55,
  "eyeColor": "blue",
  "name": "Ina French",
  "gender": "female",
  "company": "AUTOGRATE",
  "email": "inafrench@autograte.com",
  "phone": "+1 (958) 524-2823",
  "address": "300 Merit Court, Delshire, New Mexico, 3155",
  "about": "Irure excepteur commodo sit commodo amet cillum aliqua sint laboris adipisicing. In occaecat veniam ullamco consequat nisi non eu consequat aute ex irure laboris. Eiusmod culpa mollit eu reprehenderit minim fugiat et labore et exercitation amet exercitation consectetur. Ullamco elit fugiat velit Lorem Lorem nulla dolore anim mollit irure Lorem eiusmod deserunt nostrud. Velit nulla fugiat velit irure officia aute exercitation. Mollit commodo ex consequat aliquip consequat excepteur pariatur cupidatat consequat irure consectetur aliquip nisi aliqua. Cupidatat laboris sit eiusmod aliqua eiusmod occaecat et ex.\r\n",
  "registered": "2014-12-22T12:28:45-07:00",
  "tags": [
    "ullamco",
    "sint",
    "fugiat",
    "exercitation",
    "amet",
    "mollit",
    "nulla"
  ],
  "friends": [
    {
      "id": 0,
      "name": "Jannie Franco"
    },
    {
      "id": 1,
      "name": "Alston Brock"
    },
    {
      "id": 2,
      "name": "Peters Graham"
    }
  ],
  "greeting": "Hello, Ina French! You have 2 unread messages.",
  "favoriteFruit": "apple",
  "location": {
    "latitude": -30.941961,
    "longitude": 72.795758
  },
  "docFormat": "json",
  "triples": [
    {
      "triple": {
        "subject": "/sample-data/data-1406.json",
        "predicate": "http://www.w3.org/2000/01/rdf-schema#label",
        "object": "Ina French"
      }
    },
    {
      "triple": {
        "subject": "/sample-data/data-1406.json",
        "predicate": "http://www.w3.org/1999/02/22-rdf-syntax-ns#type",
        "object": "http://xmlns.com/foaf/0.1/Person"
      }
    },
    {
      "triple": {
        "subject": "/sample-data/data-1406.json",
        "predicate": "http://xmlns.com/foaf/0.1/knows",
        "object": "/sample-data/data-1665.json"
      }
    },
    {
      "triple": {
        "subject": "/sample-data/data-1406.json",
        "predicate": "http://xmlns.com/foaf/0.1/knows",
        "object": "/sample-data/data-2000.json"
      }
    },
    {
      "triple": {
        "subject": "/sample-data/data-1406.json",
        "predicate": "http://xmlns.com/foaf/0.1/knows",
        "object": "/sample-data/data-1451.json"
      }
    }
  ]
}