{
  "_id": "55ee5e44fad7e49fc41b7c65",
  "index": 1334,
  "guid": "1c23b8a8-628b-4036-83ef-954aee84d699",
  "isActive": true,
  "balance": "$90,761.56",
  "picture": "http://placehold.it/32x32",
  "age": 52,
  "eyeColor": "brown",
  "name": "Foster Frederick",
  "gender": "male",
  "company": "XOGGLE",
  "email": "fosterfrederick@xoggle.com",
  "phone": "+1 (904) 502-2504",
  "address": "892 Amherst Street, Durham, Arizona, 5924",
  "about": "Eiusmod tempor nostrud quis ullamco magna qui nostrud sit sunt laboris voluptate. Ut exercitation ipsum velit sint. Ullamco eu esse qui id officia ad proident. Reprehenderit non adipisicing officia dolor.\r\n",
  "registered": "2015-07-01T01:25:34-07:00",
  "tags": [
    "enim",
    "proident",
    "enim",
    "nostrud",
    "non",
    "nostrud",
    "elit"
  ],
  "friends": [
    {
      "id": 0,
      "name": "Waters Dawson"
    },
    {
      "id": 1,
      "name": "Cathryn Gross"
    },
    {
      "id": 2,
      "name": "Taylor Berry"
    }
  ],
  "greeting": "Hello, Foster Frederick! You have 3 unread messages.",
  "favoriteFruit": "apple",
  "location": {
    "latitude": 7.75607,
    "longitude": 142.808756
  },
  "docFormat": "json",
  "triples": [
    {
      "triple": {
        "subject": "/sample-data/data-1334.json",
        "predicate": "http://www.w3.org/2000/01/rdf-schema#label",
        "object": "Foster Frederick"
      }
    },
    {
      "triple": {
        "subject": "/sample-data/data-1334.json",
        "predicate": "http://www.w3.org/1999/02/22-rdf-syntax-ns#type",
        "object": "http://xmlns.com/foaf/0.1/Person"
      }
    },
    {
      "triple": {
        "subject": "/sample-data/data-1334.json",
        "predicate": "http://xmlns.com/foaf/0.1/knows",
        "object": "/sample-data/data-388.json"
      }
    },
    {
      "triple": {
        "subject": "/sample-data/data-1334.json",
        "predicate": "http://xmlns.com/foaf/0.1/knows",
        "object": "/sample-data/data-1629.json"
      }
    },
    {
      "triple": {
        "subject": "/sample-data/data-1334.json",
        "predicate": "http://xmlns.com/foaf/0.1/knows",
        "object": "/sample-data/data-1486.json"
      }
    }
  ]
}