{"_id":"55ee5e4452fa361635682297","index":1196,"guid":"609348c3-070a-4e3b-b69b-4452dcc7273a","isActive":false,"balance":"$97,623.37","picture":"http://placehold.it/32x32","age":24,"eyeColor":"blue","name":"Florine Buckley","gender":"female","company":"INDEXIA","email":"florinebuckley@indexia.com","phone":"+1 (844) 408-2978","address":"215 India Street, Websterville, Nebraska, 2430","about":"Elit labore do sunt ad aute officia duis voluptate. Officia sit cillum sint quis magna id culpa enim in occaecat proident ex laboris. Aliquip ex eu sint sit ipsum sunt aliquip in dolor veniam pariatur laborum elit. Ullamco reprehenderit dolore ea nisi ad sit aute qui. Qui proident Lorem nostrud sint sint ut laborum exercitation laboris minim voluptate fugiat voluptate. Quis consectetur qui culpa id eu.\r\n","registered":"2014-09-12T05:59:30 -07:00","tags":["est","ut","deserunt","qui","voluptate","nisi","nostrud"],"friends":[{"id":0,"name":"Conner Foreman"},{"id":1,"name":"Paige Francis"},{"id":2,"name":"Washington Blackburn"}],"greeting":"Hello, Florine Buckley! You have 10 unread messages.","favoriteFruit":"banana","location":{"latitude":-31.331349,"longitude":32.656112},"docFormat":"json","triples":[{"triple":{"subject":"/sample-data/data-1196.json","predicate":"http://www.w3.org/2000/01/rdf-schema#label","object":"Florine Buckley"}},{"triple":{"subject":"/sample-data/data-1196.json","predicate":"http://www.w3.org/1999/02/22-rdf-syntax-ns#type","object":"http://xmlns.com/foaf/0.1/Person"}},{"triple":{"subject":"/sample-data/data-1196.json","predicate":"http://xmlns.com/foaf/0.1/knows","object":"/sample-data/data-2950.json"}},{"triple":{"subject":"/sample-data/data-1196.json","predicate":"http://xmlns.com/foaf/0.1/knows","object":"/sample-data/data-701.json"}},{"triple":{"subject":"/sample-data/data-1196.json","predicate":"http://xmlns.com/foaf/0.1/knows","object":"/sample-data/data-2058.json"}}]}