{
  "_id": "55ee5e444e8be098c88365c0",
  "index": 1222,
  "guid": "335a09ff-fb63-4d08-b49a-6d49989a52c5",
  "isActive": true,
  "balance": "$49,283.09",
  "picture": "http://placehold.it/32x32",
  "age": 46,
  "eyeColor": "green",
  "name": "Bernard Mccoy",
  "gender": "male",
  "company": "GOLISTIC",
  "email": "bernardmccoy@golistic.com",
  "phone": "+1 (904) 559-2557",
  "address": "671 Nevins Street, Chicopee, Washington, 9539",
  "about": "Consequat nulla quis Lorem incididunt duis ullamco est officia aute enim eu tempor mollit nostrud. Id nostrud minim sunt qui exercitation consequat nulla ad fugiat ut commodo consequat reprehenderit aliqua. Tempor ex Lorem Lorem incididunt proident occaecat. Ipsum id magna cillum enim. Duis enim veniam voluptate aliqua. Est voluptate est aliquip et ea labore do veniam.\r\n",
  "registered": "2014-07-08T12:19:03-07:00",
  "tags": [
    "esse",
    "ex",
    "proident",
    "ea",
    "Lorem",
    "sit",
    "reprehenderit"
  ],
  "friends": [
    {
      "id": 0,
      "name": "Reilly Burt"
    },
    {
      "id": 1,
      "name": "Rosa Cabrera"
    },
    {
      "id": 2,
      "name": "Briana Castillo"
    }
  ],
  "greeting": "Hello, Bernard Mccoy! You have 3 unread messages.",
  "favoriteFruit": "orange",
  "location": {
    "latitude": -73.625223,
    "longitude": -161.879648
  },
  "docFormat": "json",
  "triples": [
    {
      "triple": {
        "subject": "/sample-data/data-1222.json",
        "predicate": "http://www.w3.org/2000/01/rdf-schema#label",
        "object": "Bernard Mccoy"
      }
    },
    {
      "triple": {
        "subject": "/sample-data/data-1222.json",
        "predicate": "http://www.w3.org/1999/02/22-rdf-syntax-ns#type",
        "object": "http://xmlns.com/foaf/0.1/Person"
      }
    },
    {
      "triple": {
        "subject": "/sample-data/data-1222.json",
        "predicate": "http://xmlns.com/foaf/0.1/knows",
        "object": "/sample-data/data-2493.json"
      }
    },
    {
      "triple": {
        "subject": "/sample-data/data-1222.json",
        "predicate": "http://xmlns.com/foaf/0.1/knows",
        "object": "/sample-data/data-2505.json"
      }
    },
    {
      "triple": {
        "subject": "/sample-data/data-1222.json",
        "predicate": "http://xmlns.com/foaf/0.1/knows",
        "object": "/sample-data/data-2318.json"
      }
    }
  ]
}