{
  "_id": "55ee5e449e81a1807e3219d2",
  "index": 1417,
  "guid": "666336c4-4b21-4998-ace9-0d6218e1e27c",
  "isActive": true,
  "balance": "$12,618.14",
  "picture": "http://placehold.it/32x32",
  "age": 66,
  "eyeColor": "brown",
  "name": "Shaw Bates",
  "gender": "male",
  "company": "SONGLINES",
  "email": "shawbates@songlines.com",
  "phone": "+1 (877) 545-3834",
  "address": "115 Nichols Avenue, Cotopaxi, Wyoming, 2674",
  "about": "Cillum exercitation ullamco in anim ullamco dolore ut esse. Dolore minim voluptate labore non ipsum tempor sunt sit. Deserunt officia mollit reprehenderit aliqua ad reprehenderit enim. Adipisicing veniam enim ex id deserunt deserunt Lorem magna proident adipisicing duis aliquip. Elit proident ea reprehenderit commodo Lorem ea proident laborum velit laboris duis aute. Ad mollit exercitation ipsum aliquip est mollit est duis commodo adipisicing elit cupidatat occaecat. Commodo tempor pariatur dolore do proident cillum incididunt ad ea et ea exercitation qui anim.\r\n",
  "registered": "2014-07-07T02:16:58-07:00",
  "tags": [
    "ullamco",
    "ad",
    "non",
    "et",
    "Lorem",
    "ad",
    "Lorem"
  ],
  "friends": [
    {
      "id": 0,
      "name": "Mills Lowe"
    },
    {
      "id": 1,
      "name": "Freeman Mcgee"
    },
    {
      "id": 2,
      "name": "Leonor Curry"
    }
  ],
  "greeting": "Hello, Shaw Bates! You have 5 unread messages.",
  "favoriteFruit": "strawberry",
  "location": {
    "latitude": 69.277939,
    "longitude": -59.88374
  },
  "docFormat": "json",
  "triples": [
    {
      "triple": {
        "subject": "/sample-data/data-1417.json",
        "predicate": "http://www.w3.org/2000/01/rdf-schema#label",
        "object": "Shaw Bates"
      }
    },
    {
      "triple": {
        "subject": "/sample-data/data-1417.json",
        "predicate": "http://www.w3.org/1999/02/22-rdf-syntax-ns#type",
        "object": "http://xmlns.com/foaf/0.1/Person"
      }
    },
    {
      "triple": {
        "subject": "/sample-data/data-1417.json",
        "predicate": "http://xmlns.com/foaf/0.1/knows",
        "object": "/sample-data/data-1630.json"
      }
    },
    {
      "triple": {
        "subject": "/sample-data/data-1417.json",
        "predicate": "http://xmlns.com/foaf/0.1/knows",
        "object": "/sample-data/data-200.json"
      }
    },
    {
      "triple": {
        "subject": "/sample-data/data-1417.json",
        "predicate": "http://xmlns.com/foaf/0.1/knows",
        "object": "/sample-data/data-2827.json"
      }
    }
  ]
}