{"_id":"55ee5e44f6e4e314d2f24d15","index":1141,"guid":"ddf3c469-da36-46cd-b014-2504fa069c12","isActive":true,"balance":"$75,799.56","picture":"http://placehold.it/32x32","age":51,"eyeColor":"brown","name":"Charmaine Hodge","gender":"female","company":"MOLTONIC","email":"charmainehodge@moltonic.com","phone":"+1 (832) 512-2559","address":"978 Hyman Court, Welch, Puerto Rico, 324","about":"Ipsum dolor et ad ad exercitation officia eiusmod velit eu anim commodo duis dolor ea. Reprehenderit nostrud ex laborum commodo nostrud enim deserunt. Reprehenderit sint nulla esse ad.\r\n","registered":"2014-11-08T03:37:19 -07:00","tags":["enim","proident","esse","id","anim","adipisicing","exercitation"],"friends":[{"id":0,"name":"Durham Rocha"},{"id":1,"name":"Rena Watts"},{"id":2,"name":"Baldwin Yang"}],"greeting":"Hello, Charmaine Hodge! You have 5 unread messages.","favoriteFruit":"strawberry","location":{"latitude":40.735327,"longitude":-41.683345},"docFormat":"json","triples":[{"triple":{"subject":"/sample-data/data-1141.json","predicate":"http://www.w3.org/2000/01/rdf-schema#label","object":"Charmaine Hodge"}},{"triple":{"subject":"/sample-data/data-1141.json","predicate":"http://www.w3.org/1999/02/22-rdf-syntax-ns#type","object":"http://xmlns.com/foaf/0.1/Person"}},{"triple":{"subject":"/sample-data/data-1141.json","predicate":"http://xmlns.com/foaf/0.1/knows","object":"/sample-data/data-52.json"}},{"triple":{"subject":"/sample-data/data-1141.json","predicate":"http://xmlns.com/foaf/0.1/knows","object":"/sample-data/data-1931.json"}},{"triple":{"subject":"/sample-data/data-1141.json","predicate":"http://xmlns.com/foaf/0.1/knows","object":"/sample-data/data-705.json"}}]}