{"_id":"55ee5e44bf706f9bb495dcb5","index":1148,"guid":"5d2a7757-7b50-4ba5-80f7-67a7842fa73e","isActive":true,"balance":"$76,075.62","picture":"http://placehold.it/32x32","age":66,"eyeColor":"blue","name":"Lena Bolton","gender":"female","company":"INJOY","email":"lenabolton@injoy.com","phone":"+1 (914) 495-3165","address":"218 Highland Avenue, Yardville, Kentucky, 1231","about":"Do sunt dolore laboris proident duis est officia minim laborum magna. Magna irure minim esse magna velit aute do officia ipsum occaecat labore nostrud. Laboris incididunt cillum qui tempor sint quis amet commodo. Reprehenderit ullamco sunt aute occaecat nostrud est eu velit et nisi minim reprehenderit sit. Tempor dolor mollit eiusmod et nisi sint. Amet voluptate elit enim adipisicing dolor exercitation consectetur mollit exercitation ex.\r\n","registered":"2014-05-14T02:56:27 -07:00","tags":["excepteur","in","in","non","sunt","cupidatat","nostrud"],"friends":[{"id":0,"name":"Eve Erickson"},{"id":1,"name":"Holcomb Haynes"},{"id":2,"name":"Desiree Chaney"}],"greeting":"Hello, Lena Bolton! You have 3 unread messages.","favoriteFruit":"apple","location":{"latitude":69.814284,"longitude":164.574759}}