{"_id":"55ee5e44268ffc7999dcd454","index":111,"guid":"4a0d117f-0f9d-4c35-be44-e4c6fcefd087","isActive":true,"balance":"$37,450.60","picture":"http://placehold.it/32x32","age":47,"eyeColor":"brown","name":"Herring Schmidt","gender":"male","company":"FUTURITY","email":"herringschmidt@futurity.com","phone":"+1 (938) 474-3925","address":"789 Gem Street, Homeworth, Nevada, 9172","about":"Dolore qui non deserunt id magna amet exercitation nisi adipisicing est aliquip irure excepteur. Dolor elit irure anim voluptate minim sint excepteur mollit labore exercitation dolore. Qui culpa excepteur est magna duis id nisi velit reprehenderit. Magna ea velit ut enim fugiat culpa occaecat consequat duis est magna deserunt pariatur. Eiusmod irure officia exercitation consectetur. Ea elit laboris aliquip aliqua irure. Adipisicing laborum eiusmod dolore ipsum ex anim.\r\n","registered":"2014-04-01T11:21:03 -07:00","tags":["nostrud","amet","labore","sint","ex","aute","non"],"friends":[{"id":0,"name":"Helga Mccullough"},{"id":1,"name":"Gill Mcleod"},{"id":2,"name":"Wiggins Neal"}],"greeting":"Hello, Herring Schmidt! You have 8 unread messages.","favoriteFruit":"strawberry","location":{"latitude":-51.327156,"longitude":62.374651}}