{
  "_id": "55ee5e44d73905ce3d984bcc",
  "index": 1419,
  "guid": "360e1494-886e-41e8-8b46-4e3bde7f2b2a",
  "isActive": true,
  "balance": "$72,260.54",
  "picture": "http://placehold.it/32x32",
  "age": 31,
  "eyeColor": "blue",
  "name": "Concepcion Keller",
  "gender": "female",
  "company": "ZAPHIRE",
  "email": "concepcionkeller@zaphire.com",
  "phone": "+1 (916) 600-2360",
  "address": "249 Suydam Street, Vowinckel, Hawaii, 1972",
  "about": "Sint consectetur nulla incididunt excepteur sit in proident. Duis sit esse ea ad et consequat veniam cillum. Minim consectetur occaecat enim Lorem incididunt nulla anim sint do occaecat irure. Sint exercitation duis qui Lorem consectetur ad velit id eu nisi qui. Commodo deserunt proident fugiat ullamco aute enim quis duis consequat pariatur do anim eiusmod mollit. Est cupidatat aliqua ipsum sint officia velit. Non qui et occaecat commodo do nisi exercitation ut commodo non sunt.\r\n",
  "registered": "2014-03-27T07:15:19-07:00",
  "tags": [
    "exercitation",
    "nisi",
    "et",
    "do",
    "in",
    "elit",
    "ut"
  ],
  "friends": [
    {
      "id": 0,
      "name": "Christensen Hendricks"
    },
    {
      "id": 1,
      "name": "Brewer Jackson"
    },
    {
      "id": 2,
      "name": "Mcintosh Alvarado"
    }
  ],
  "greeting": "Hello, Concepcion Keller! You have 10 unread messages.",
  "favoriteFruit": "apple",
  "location": {
    "latitude": 37.3216,
    "longitude": -66.920567
  },
  "docFormat": "json",
  "triples": [
    {
      "triple": {
        "subject": "/sample-data/data-1419.json",
        "predicate": "http://www.w3.org/2000/01/rdf-schema#label",
        "object": "Concepcion Keller"
      }
    },
    {
      "triple": {
        "subject": "/sample-data/data-1419.json",
        "predicate": "http://www.w3.org/1999/02/22-rdf-syntax-ns#type",
        "object": "http://xmlns.com/foaf/0.1/Person"
      }
    },
    {
      "triple": {
        "subject": "/sample-data/data-1419.json",
        "predicate": "http://xmlns.com/foaf/0.1/knows",
        "object": "/sample-data/data-731.json"
      }
    },
    {
      "triple": {
        "subject": "/sample-data/data-1419.json",
        "predicate": "http://xmlns.com/foaf/0.1/knows",
        "object": "/sample-data/data-2655.json"
      }
    },
    {
      "triple": {
        "subject": "/sample-data/data-1419.json",
        "predicate": "http://xmlns.com/foaf/0.1/knows",
        "object": "/sample-data/data-283.json"
      }
    }
  ]
}