{"_id":"55ee5e4404723892505024ca","index":1190,"guid":"7f31e475-42dd-423b-b2fb-4243dc7e6a55","isActive":false,"balance":"$6,489.25","picture":"http://placehold.it/32x32","age":48,"eyeColor":"blue","name":"Vanessa Mcintosh","gender":"female","company":"CORECOM","email":"vanessamcintosh@corecom.com","phone":"+1 (992) 406-3073","address":"739 Wythe Avenue, Jackpot, Iowa, 588","about":"Aliqua fugiat labore adipisicing in. Nisi qui ipsum sit amet eu amet reprehenderit veniam enim eiusmod ex irure. Nostrud nulla id elit nulla eiusmod elit commodo non fugiat qui aliqua adipisicing.\r\n","registered":"2015-03-12T05:52:41 -07:00","tags":["labore","est","proident","veniam","dolore","culpa","quis"],"friends":[{"id":0,"name":"Gibson Rodriquez"},{"id":1,"name":"Lindsay Hobbs"},{"id":2,"name":"Summers Shepard"}],"greeting":"Hello, Vanessa Mcintosh! You have 7 unread messages.","favoriteFruit":"pear","location":{"latitude":5.712833,"longitude":-122.165655}}