{"_id":"55ee5e44f0a8e4168c47c424","index":120,"guid":"24e1100e-38cc-4483-8f56-269b297b3852","isActive":true,"balance":"$95,265.87","picture":"http://placehold.it/32x32","age":21,"eyeColor":"blue","name":"Norma Oconnor","gender":"female","company":"TRANSLINK","email":"normaoconnor@translink.com","phone":"+1 (918) 510-2701","address":"631 Horace Court, Wildwood, Washington, 3919","about":"Adipisicing est laborum elit ea officia ea. Dolor nisi ea cillum laborum sit laborum. Non sit mollit laboris deserunt eu laborum aliqua laboris ea est consectetur commodo consequat. Ea quis est Lorem est laboris. Amet id labore do qui veniam esse dolor amet Lorem culpa culpa Lorem in. Amet amet consequat adipisicing incididunt tempor ut elit enim mollit est non et.\r\n","registered":"2014-12-17T03:53:44 -07:00","tags":["est","est","officia","aute","non","non","et"],"friends":[{"id":0,"name":"Lori Bruce"},{"id":1,"name":"Valencia Finley"},{"id":2,"name":"Billie Morris"}],"greeting":"Hello, Norma Oconnor! You have 1 unread messages.","favoriteFruit":"pear","location":{"latitude":29.791215,"longitude":-156.774639}}