{"_id":"55ee5e44e023b79c1625e915","index":1016,"guid":"8534ef27-2663-4f87-81fc-34f7b630c8a2","isActive":false,"balance":"$58,743.12","picture":"http://placehold.it/32x32","age":22,"eyeColor":"brown","name":"Buckley Burgess","gender":"male","company":"INCUBUS","email":"buckleyburgess@incubus.com","phone":"+1 (909) 568-2043","address":"681 Schermerhorn Street, Taft, Iowa, 8458","about":"Aliquip excepteur est aliquip culpa in ipsum amet. Sint est aute elit aliqua ea amet pariatur qui in tempor id. Eu Lorem nulla deserunt ut id sint ipsum ullamco consequat voluptate. Eiusmod voluptate amet est irure consectetur deserunt Lorem et. Aute aute velit et laboris consectetur veniam aliqua proident laborum.\r\n","registered":"2014-10-23T03:52:56 -07:00","tags":["culpa","nulla","magna","magna","elit","dolore","velit"],"friends":[{"id":0,"name":"Ella Sargent"},{"id":1,"name":"Andrea Arnold"},{"id":2,"name":"Grace Dean"}],"greeting":"Hello, Buckley Burgess! You have 7 unread messages.","favoriteFruit":"apple","location":{"latitude":51.4253,"longitude":-133.855109},"docFormat":"json","triples":[{"triple":{"subject":"/sample-data/data-1016.json","predicate":"http://www.w3.org/2000/01/rdf-schema#label","object":"Buckley Burgess"}},{"triple":{"subject":"/sample-data/data-1016.json","predicate":"http://www.w3.org/1999/02/22-rdf-syntax-ns#type","object":"http://xmlns.com/foaf/0.1/Person"}},{"triple":{"subject":"/sample-data/data-1016.json","predicate":"http://xmlns.com/foaf/0.1/knows","object":"/sample-data/data-2006.json"}},{"triple":{"subject":"/sample-data/data-1016.json","predicate":"http://xmlns.com/foaf/0.1/knows","object":"/sample-data/data-1912.json"}},{"triple":{"subject":"/sample-data/data-1016.json","predicate":"http://xmlns.com/foaf/0.1/knows","object":"/sample-data/data-297.json"}}]}