{"_id":"55ee5e443309869b3286f853","index":1063,"guid":"eb3e4e33-7c18-4bbe-ad6f-ba528f98972f","isActive":true,"balance":"$47,402.01","picture":"http://placehold.it/32x32","age":66,"eyeColor":"green","name":"English Mckenzie","gender":"male","company":"PRISMATIC","email":"englishmckenzie@prismatic.com","phone":"+1 (878) 546-2531","address":"253 Empire Boulevard, Dunbar, Marshall Islands, 9919","about":"Voluptate dolor non veniam reprehenderit nostrud esse aute velit elit Lorem. Id quis eu ex exercitation eu minim velit. Proident elit Lorem aute laborum mollit duis mollit consectetur qui. Consectetur proident eu eu eu. Est aliquip qui aliqua excepteur. Incididunt tempor consectetur nulla do tempor adipisicing ullamco ut incididunt labore incididunt. Qui sint tempor ut laboris consequat adipisicing exercitation ipsum officia duis.\r\n","registered":"2014-07-27T06:40:00 -07:00","tags":["id","aliqua","pariatur","laboris","nulla","amet","deserunt"],"friends":[{"id":0,"name":"Tricia Goodwin"},{"id":1,"name":"Duncan Greene"},{"id":2,"name":"Traci Wong"}],"greeting":"Hello, English Mckenzie! You have 9 unread messages.","favoriteFruit":"banana","location":{"latitude":43.518261,"longitude":-169.107502}}