{"_id":"55ee5e443d04dda083a5cff3","index":1260,"guid":"5afc0d89-e5cf-4682-9b85-9a0e3b11a568","isActive":false,"balance":"$38,777.81","picture":"http://placehold.it/32x32","age":26,"eyeColor":"green","name":"Wagner Good","gender":"male","company":"RONBERT","email":"wagnergood@ronbert.com","phone":"+1 (805) 556-3531","address":"376 Waldorf Court, Villarreal, Massachusetts, 4229","about":"Exercitation aliquip duis sint nulla eiusmod exercitation veniam magna. Anim proident eiusmod sint labore duis qui qui. Magna non minim enim sit nulla est.\r\n","registered":"2015-08-09T01:34:46 -07:00","tags":["nostrud","eu","nisi","aliquip","anim","exercitation","in"],"friends":[{"id":0,"name":"Lopez Patton"},{"id":1,"name":"Dominique Dudley"},{"id":2,"name":"Gladys Kelley"}],"greeting":"Hello, Wagner Good! You have 5 unread messages.","favoriteFruit":"apple","location":{"latitude":-65.734794,"longitude":49.033593},"docFormat":"json","triples":[{"triple":{"subject":"/sample-data/data-1260.json","predicate":"http://www.w3.org/2000/01/rdf-schema#label","object":"Wagner Good"}},{"triple":{"subject":"/sample-data/data-1260.json","predicate":"http://www.w3.org/1999/02/22-rdf-syntax-ns#type","object":"http://xmlns.com/foaf/0.1/Person"}},{"triple":{"subject":"/sample-data/data-1260.json","predicate":"http://xmlns.com/foaf/0.1/knows","object":"/sample-data/data-2795.json"}},{"triple":{"subject":"/sample-data/data-1260.json","predicate":"http://xmlns.com/foaf/0.1/knows","object":"/sample-data/data-2814.json"}},{"triple":{"subject":"/sample-data/data-1260.json","predicate":"http://xmlns.com/foaf/0.1/knows","object":"/sample-data/data-1028.json"}}]}