{
  "_id": "55ee5e446bb125f35b2e1e33",
  "index": 1444,
  "guid": "7e551206-e497-4bae-9771-19e06e0a082c",
  "isActive": false,
  "balance": "$27,810.75",
  "picture": "http://placehold.it/32x32",
  "age": 65,
  "eyeColor": "brown",
  "name": "Garner Everett",
  "gender": "male",
  "company": "SLUMBERIA",
  "email": "garnereverett@slumberia.com",
  "phone": "+1 (827) 577-3816",
  "address": "474 Manhattan Court, Bethany, Utah, 8384",
  "about": "Eiusmod in fugiat ut id Lorem. Anim do tempor ipsum incididunt nulla sit. Esse occaecat aute esse id ut nulla consequat sit cupidatat enim enim. Laborum minim voluptate qui nisi id labore labore. Voluptate laboris ad ut exercitation velit ut cillum nulla eiusmod deserunt cillum nisi officia elit. Deserunt cupidatat officia amet exercitation enim ex ullamco aliquip ex voluptate. Excepteur laboris aute exercitation officia reprehenderit exercitation culpa.\r\n",
  "registered": "2014-11-03T03:59:48-07:00",
  "tags": [
    "commodo",
    "est",
    "in",
    "ipsum",
    "non",
    "labore",
    "reprehenderit"
  ],
  "friends": [
    {
      "id": 0,
      "name": "Lea Calhoun"
    },
    {
      "id": 1,
      "name": "Marianne Hebert"
    },
    {
      "id": 2,
      "name": "Black Johnson"
    }
  ],
  "greeting": "Hello, Garner Everett! You have 5 unread messages.",
  "favoriteFruit": "pear",
  "location": {
    "latitude": 34.057447,
    "longitude": -72.020146
  },
  "docFormat": "json",
  "triples": [
    {
      "triple": {
        "subject": "/sample-data/data-1444.json",
        "predicate": "http://www.w3.org/2000/01/rdf-schema#label",
        "object": "Garner Everett"
      }
    },
    {
      "triple": {
        "subject": "/sample-data/data-1444.json",
        "predicate": "http://www.w3.org/1999/02/22-rdf-syntax-ns#type",
        "object": "http://xmlns.com/foaf/0.1/Person"
      }
    },
    {
      "triple": {
        "subject": "/sample-data/data-1444.json",
        "predicate": "http://xmlns.com/foaf/0.1/knows",
        "object": "/sample-data/data-2898.json"
      }
    },
    {
      "triple": {
        "subject": "/sample-data/data-1444.json",
        "predicate": "http://xmlns.com/foaf/0.1/knows",
        "object": "/sample-data/data-426.json"
      }
    },
    {
      "triple": {
        "subject": "/sample-data/data-1444.json",
        "predicate": "http://xmlns.com/foaf/0.1/knows",
        "object": "/sample-data/data-1627.json"
      }
    }
  ]
}