{"_id":"55ee5e44c0ab9467aa05e5df","index":1338,"guid":"dd0faad3-d34e-4ef0-989f-14113789d9fc","isActive":false,"balance":"$51,777.15","picture":"http://placehold.it/32x32","age":47,"eyeColor":"green","name":"Moore Ayers","gender":"male","company":"MARKETOID","email":"mooreayers@marketoid.com","phone":"+1 (952) 513-3848","address":"641 Sackman Street, Centerville, Washington, 9031","about":"Irure qui mollit est consectetur eu mollit. Eu pariatur qui laborum commodo Lorem est officia quis dolore sunt duis ea sint. Reprehenderit id mollit consequat Lorem proident tempor qui. Dolore anim laboris fugiat aliqua mollit excepteur magna dolor mollit elit do. Commodo do elit et veniam consequat amet amet ea occaecat est consequat. Labore do proident reprehenderit reprehenderit ullamco laborum quis minim tempor labore et nostrud esse cupidatat.\r\n","registered":"2014-12-03T04:34:09 -07:00","tags":["pariatur","adipisicing","in","aute","deserunt","occaecat","deserunt"],"friends":[{"id":0,"name":"Decker Barnett"},{"id":1,"name":"Helen Poole"},{"id":2,"name":"Lizzie Abbott"}],"greeting":"Hello, Moore Ayers! You have 1 unread messages.","favoriteFruit":"apple","location":{"latitude":27.994767,"longitude":-132.402763},"docFormat":"json"}