{"_id":"55ee5e445f6ce877347c2f9e","index":1172,"guid":"245d5213-f98a-410c-b973-9b16f36257eb","isActive":false,"balance":"$33,600.94","picture":"http://placehold.it/32x32","age":36,"eyeColor":"green","name":"Mcclain Morgan","gender":"male","company":"ZILLATIDE","email":"mcclainmorgan@zillatide.com","phone":"+1 (973) 411-3157","address":"134 Albany Avenue, Driftwood, Oregon, 8976","about":"Deserunt enim ullamco sit amet. Veniam excepteur elit consequat enim aute deserunt. Do culpa exercitation sint sint officia elit adipisicing non tempor elit veniam. Elit dolor sunt amet laborum. Voluptate aliquip irure duis magna aliqua et pariatur nisi amet ullamco qui.\r\n","registered":"2014-01-04T06:27:12 -07:00","tags":["nisi","non","ad","consequat","ut","eu","dolor"],"friends":[{"id":0,"name":"Graves Sparks"},{"id":1,"name":"Wilda Hartman"},{"id":2,"name":"Ana Horton"}],"greeting":"Hello, Mcclain Morgan! You have 7 unread messages.","favoriteFruit":"banana","location":{"latitude":83.67809,"longitude":66.421863},"docFormat":"json"}