{
  "_id": "55ee5e442772ff2c785db812",
  "index": 1002,
  "guid": "a62a360d-a80c-4f90-958b-d4b1c6779a85",
  "isActive": true,
  "balance": "$4,591.48",
  "picture": "http://placehold.it/32x32",
  "age": 25,
  "eyeColor": "blue",
  "name": "Roseann Thompson",
  "gender": "female",
  "company": "KNOWLYSIS",
  "email": "roseannthompson@knowlysis.com",
  "phone": "+1 (808) 598-2914",
  "address": "748 Rutland Road, Wadsworth, Arkansas, 2575",
  "about": "Mollit duis sit aliqua id. In sunt Lorem et sit quis voluptate culpa mollit anim proident et magna commodo voluptate. Occaecat exercitation ad ex nulla labore ad nostrud aliqua eiusmod aliquip nulla ipsum velit. Consequat velit eiusmod reprehenderit cupidatat ut laboris nulla in deserunt tempor ea sint consectetur. Enim nisi pariatur mollit qui aliqua eiusmod laborum do.\r\n",
  "registered": "2014-09-10T10:44:34-07:00",
  "tags": [
    "duis",
    "eiusmod",
    "eiusmod",
    "aute",
    "nisi",
    "laborum",
    "quis"
  ],
  "friends": [
    {
      "id": 0,
      "name": "Kristina Mosley"
    },
    {
      "id": 1,
      "name": "Wade Frye"
    },
    {
      "id": 2,
      "name": "Arnold Wilson"
    }
  ],
  "greeting": "Hello, Roseann Thompson! You have 8 unread messages.",
  "favoriteFruit": "banana",
  "location": {
    "latitude": -83.571437,
    "longitude": 138.3957
  },
  "docFormat": "json",
  "triples": [
    {
      "triple": {
        "subject": "/sample-data/data-1002.json",
        "predicate": "http://www.w3.org/2000/01/rdf-schema#label",
        "object": "Roseann Thompson"
      }
    },
    {
      "triple": {
        "subject": "/sample-data/data-1002.json",
        "predicate": "http://www.w3.org/1999/02/22-rdf-syntax-ns#type",
        "object": "http://xmlns.com/foaf/0.1/Person"
      }
    },
    {
      "triple": {
        "subject": "/sample-data/data-1002.json",
        "predicate": "http://xmlns.com/foaf/0.1/knows",
        "object": "/sample-data/data-684.json"
      }
    },
    {
      "triple": {
        "subject": "/sample-data/data-1002.json",
        "predicate": "http://xmlns.com/foaf/0.1/knows",
        "object": "/sample-data/data-2681.json"
      }
    },
    {
      "triple": {
        "subject": "/sample-data/data-1002.json",
        "predicate": "http://xmlns.com/foaf/0.1/knows",
        "object": "/sample-data/data-1199.json"
      }
    }
  ]
}