{"_id":"55ee5e448312e178649c33c3","index":115,"guid":"ecb39ffc-cf35-4853-b9c3-da2ba58046f8","isActive":false,"balance":"$92,634.51","picture":"http://placehold.it/32x32","age":51,"eyeColor":"blue","name":"Barlow Moore","gender":"male","company":"VIRVA","email":"barlowmoore@virva.com","phone":"+1 (812) 546-3328","address":"298 Shale Street, Fairlee, Pennsylvania, 3399","about":"Tempor elit fugiat dolore sit consequat cillum non irure ea. Aliqua eu quis aute incididunt aute proident nostrud do est tempor. Tempor excepteur ea nisi velit anim esse minim ullamco incididunt do eiusmod. Commodo sit irure aliqua adipisicing. Minim elit aute dolor amet pariatur deserunt.\r\n","registered":"2014-02-27T05:05:03 -07:00","tags":["deserunt","sit","fugiat","nisi","et","consectetur","qui"],"friends":[{"id":0,"name":"Wilkins Robles"},{"id":1,"name":"Bowers Scott"},{"id":2,"name":"Gayle Sweet"}],"greeting":"Hello, Barlow Moore! You have 2 unread messages.","favoriteFruit":"apple","location":{"latitude":26.719814,"longitude":-52.590914}}